_id,startTime,endTime,instrument,instrument_id,ins_id_ex
65868f78f30b23a817da9dec,2010-01-04,2010-04-22,A,A1009,a1009
65868f78f30b23a817da9ded,2010-04-23,2010-07-21,A,A1101,a1101
65868f78f30b23a817da9dee,2010-07-22,2010-10-22,A,A1105,a1105
65868f78f30b23a817da9def,2010-10-25,2011-01-05,A,A1109,a1109
65868f78f30b23a817da9df0,2011-01-06,2011-07-13,A,A1201,a1201
65868f78f30b23a817da9df1,2011-07-14,2011-10-27,A,A1205,a1205
65868f78f30b23a817da9df2,2011-10-28,2012-03-20,A,A1209,a1209
65868f78f30b23a817da9df3,2012-03-21,2012-09-03,A,A1301,a1301
65868f78f30b23a817da9df4,2012-09-04,2013-02-01,A,A1305,a1305
65868f78f30b23a817da9df5,2013-02-04,2013-06-07,A,A1309,a1309
65868f78f30b23a817da9df6,2013-06-13,2013-10-16,A,A1401,a1401
65868f78f30b23a817da9df7,2013-10-17,2013-12-30,A,A1405,a1405
65868f78f30b23a817da9df8,2013-12-31,2014-03-28,A,A1409,a1409
65868f78f30b23a817da9df9,2014-03-31,2014-11-26,A,A1501,a1501
65868f78f30b23a817da9dfa,2014-11-27,2015-04-14,A,A1505,a1505
65868f78f30b23a817da9dfb,2015-04-15,2015-06-15,A,A1509,a1509
65868f78f30b23a817da9dfc,2015-06-16,2015-11-11,A,A1601,a1601
65868f78f30b23a817da9dfd,2015-11-12,2016-03-09,A,A1605,a1605
65868f78f30b23a817da9dfe,2016-03-10,2016-07-13,A,A1609,a1609
65868f78f30b23a817da9dff,2016-07-14,2016-11-28,A,A1701,a1701
65868f78f30b23a817da9e00,2016-11-29,2017-03-23,A,A1705,a1705
65868f78f30b23a817da9e01,2017-03-24,2017-08-04,A,A1709,a1709
65868f78f30b23a817da9e02,2017-08-07,2017-12-11,A,A1801,a1801
65868f78f30b23a817da9e03,2017-12-12,2018-04-04,A,A1805,a1805
65868f78f30b23a817da9e04,2018-04-09,2018-07-30,A,A1809,a1809
65868f78f30b23a817da9e05,2018-07-31,2018-12-21,A,A1901,a1901
65868f78f30b23a817da9e06,2018-12-24,2019-04-19,A,A1905,a1905
65868f78f30b23a817da9e07,2019-04-22,2019-08-09,A,A1909,a1909
65868f78f30b23a817da9e08,2019-08-12,2019-12-04,A,A2001,a2001
65868f78f30b23a817da9e09,2019-12-05,2020-04-07,A,A2005,a2005
65868f78f30b23a817da9e0a,2020-04-08,2020-08-18,A,A2009,a2009
65868f78f30b23a817da9e0b,2020-08-19,2020-12-14,A,A2101,a2101
65868f78f30b23a817da9e0c,2020-12-15,2021-04-20,A,A2105,a2105
65868f78f30b23a817da9e0d,2021-04-21,2021-07-28,A,A2109,a2109
65868f78f30b23a817da9e0e,2021-07-29,2021-10-14,A,A2111,a2111
65868f78f30b23a817da9e0f,2021-10-15,2021-12-01,A,A2201,a2201
65868f78f30b23a817da9e10,2021-12-02,2022-02-17,A,A2203,a2203
65868f78f30b23a817da9e11,2022-02-18,2022-06-15,A,A2207,a2207
65868f78f30b23a817da9e12,2022-06-16,2022-08-23,A,A2209,a2209
65868f78f30b23a817da9e13,2022-08-24,2022-10-12,A,A2211,a2211
65868f78f30b23a817da9e14,2022-10-13,2022-12-12,A,A2301,a2301
65868f78f30b23a817da9e15,2022-12-13,2023-04-06,A,A2305,a2305
65868f78f30b23a817da9e16,2023-04-07,2023-06-12,A,A2307,a2307
65868f78f30b23a817da9e17,2023-06-13,2023-08-16,A,A2309,a2309
65868f78f30b23a817da9e18,2023-08-17,2023-10-17,A,A2311,a2311
65868f78f30b23a817da9e19,2023-10-18,2023-12-13,A,A2401,a2401
65868f78f30b23a817da9e1a,2023-12-14,2024-02-22,A,A2403,a2403
65868f78f30b23a817da9e1b,2012-05-10,2012-07-24,AG,AG1209,ag1209
65868f78f30b23a817da9e1c,2012-07-25,2012-11-01,AG,AG1212,ag1212
65868f78f30b23a817da9e1d,2012-11-02,2012-12-17,AG,AG1301,ag1301
65868f78f30b23a817da9e1e,2012-12-18,2013-05-07,AG,AG1306,ag1306
65868f78f30b23a817da9e1f,2013-05-08,2013-11-26,AG,AG1312,ag1312
65868f78f30b23a817da9e20,2013-11-27,2014-05-12,AG,AG1406,ag1406
65868f78f30b23a817da9e21,2014-05-13,2014-11-05,AG,AG1412,ag1412
65868f78f30b23a817da9e22,2014-11-06,2015-05-06,AG,AG1506,ag1506
65868f78f30b23a817da9e23,2015-05-07,2015-11-17,AG,AG1512,ag1512
65868f78f30b23a817da9e24,2015-11-18,2016-05-09,AG,AG1606,ag1606
65868f78f30b23a817da9e25,2016-05-10,2016-11-10,AG,AG1612,ag1612
65868f78f30b23a817da9e26,2016-11-11,2017-05-10,AG,AG1706,ag1706
65868f78f30b23a817da9e27,2017-05-11,2017-11-21,AG,AG1712,ag1712
65868f78f30b23a817da9e28,2017-11-22,2018-05-03,AG,AG1806,ag1806
65868f78f30b23a817da9e29,2018-05-04,2018-11-02,AG,AG1812,ag1812
65868f78f30b23a817da9e2a,2018-11-05,2019-05-08,AG,AG1906,ag1906
65868f78f30b23a817da9e2b,2019-05-09,2019-11-13,AG,AG1912,ag1912
65868f78f30b23a817da9e2c,2019-11-14,2019-12-25,AG,AG2002,ag2002
65868f78f30b23a817da9e2d,2019-12-26,2020-05-08,AG,AG2006,ag2006
65868f78f30b23a817da9e2e,2020-05-11,2020-11-25,AG,AG2012,ag2012
65868f78f30b23a817da9e2f,2020-11-26,2021-01-05,AG,AG2102,ag2102
65868f78f30b23a817da9e30,2021-01-06,2021-05-19,AG,AG2106,ag2106
65868f78f30b23a817da9e31,2021-05-20,2021-11-24,AG,AG2112,ag2112
65868f78f30b23a817da9e32,2021-11-25,2022-05-20,AG,AG2206,ag2206
65868f78f30b23a817da9e33,2022-05-23,2022-11-25,AG,AG2212,ag2212
65868f78f30b23a817da9e34,2022-11-28,2022-12-23,AG,AG2302,ag2302
65868f78f30b23a817da9e35,2022-12-26,2023-05-15,AG,AG2306,ag2306
65868f78f30b23a817da9e36,2023-05-16,2023-07-04,AG,AG2308,ag2308
65868f78f30b23a817da9e37,2023-07-14,2023-09-15,AG,AG2312,ag2312
65868f78f30b23a817da9e38,2023-07-05,2023-07-13,AG,AG2310,ag2310
65868f78f30b23a817da9e39,2023-09-18,2024-01-08,AG,AG2402,ag2402
65868f78f30b23a817da9e3a,2010-01-04,2010-01-26,AL,AL1004,al1004
65868f78f30b23a817da9e3b,2010-01-27,2010-03-05,AL,AL1005,al1005
65868f78f30b23a817da9e3c,2010-03-08,2010-04-09,AL,AL1006,al1006
65868f78f30b23a817da9e3d,2010-04-12,2010-05-17,AL,AL1007,al1007
65868f78f30b23a817da9e3e,2010-05-18,2010-06-07,AL,AL1008,al1008
65868f78f30b23a817da9e3f,2010-06-08,2010-07-16,AL,AL1009,al1009
65868f78f30b23a817da9e40,2010-07-19,2010-08-04,AL,AL1010,al1010
65868f78f30b23a817da9e41,2010-08-05,2010-09-01,AL,AL1011,al1011
65868f78f30b23a817da9e42,2010-09-02,2010-10-11,AL,AL1012,al1012
65868f78f30b23a817da9e43,2010-10-12,2010-11-05,AL,AL1101,al1101
65868f78f30b23a817da9e44,2010-11-08,2010-12-07,AL,AL1102,al1102
65868f78f30b23a817da9e45,2010-12-08,2011-01-12,AL,AL1103,al1103
65868f78f30b23a817da9e46,2011-01-13,2011-02-21,AL,AL1104,al1104
65868f78f30b23a817da9e47,2011-02-22,2011-03-31,AL,AL1105,al1105
65868f78f30b23a817da9e48,2011-04-01,2011-05-03,AL,AL1106,al1106
65868f78f30b23a817da9e49,2011-05-04,2011-06-07,AL,AL1107,al1107
65868f78f30b23a817da9e4a,2011-06-08,2011-07-01,AL,AL1108,al1108
65868f78f30b23a817da9e4b,2011-07-04,2011-07-20,AL,AL1109,al1109
65868f78f30b23a817da9e4c,2011-07-21,2011-08-19,AL,AL1110,al1110
65868f78f30b23a817da9e4d,2011-08-22,2011-09-23,AL,AL1111,al1111
65868f78f30b23a817da9e4e,2011-09-26,2011-10-27,AL,AL1112,al1112
65868f78f30b23a817da9e4f,2011-10-28,2011-11-22,AL,AL1201,al1201
65868f78f30b23a817da9e50,2011-11-23,2011-12-15,AL,AL1202,al1202
65868f78f30b23a817da9e51,2011-12-16,2012-01-11,AL,AL1203,al1203
65868f78f30b23a817da9e52,2012-01-12,2012-02-13,AL,AL1204,al1204
65868f78f30b23a817da9e53,2012-02-14,2012-03-29,AL,AL1205,al1205
65868f78f30b23a817da9e54,2012-03-30,2012-04-16,AL,AL1206,al1206
65868f78f30b23a817da9e55,2012-04-17,2012-05-03,AL,AL1207,al1207
65868f78f30b23a817da9e56,2012-05-04,2012-05-28,AL,AL1208,al1208
65868f78f30b23a817da9e57,2012-05-29,2012-06-26,AL,AL1209,al1209
65868f78f30b23a817da9e58,2012-06-27,2012-08-01,AL,AL1210,al1210
65868f78f30b23a817da9e59,2012-08-02,2012-09-10,AL,AL1211,al1211
65868f78f30b23a817da9e5a,2012-09-11,2012-11-13,AL,AL1212,al1212
65868f78f30b23a817da9e5b,2012-11-14,2012-12-14,AL,AL1301,al1301
65868f78f30b23a817da9e5c,2012-12-17,2013-02-04,AL,AL1303,al1303
65868f78f30b23a817da9e5d,2013-02-05,2013-03-07,AL,AL1305,al1305
65868f78f30b23a817da9e5e,2013-03-08,2013-05-06,AL,AL1306,al1306
65868f78f30b23a817da9e5f,2013-05-07,2013-06-05,AL,AL1308,al1308
65868f78f30b23a817da9e60,2013-06-06,2013-06-18,AL,AL1309,al1309
65868f78f30b23a817da9e61,2013-06-19,2013-08-19,AL,AL1310,al1310
65868f78f30b23a817da9e62,2013-08-20,2013-08-27,AL,AL1311,al1311
65868f78f30b23a817da9e63,2013-08-28,2013-10-28,AL,AL1312,al1312
65868f78f30b23a817da9e64,2013-10-29,2013-11-26,AL,AL1401,al1401
65868f78f30b23a817da9e65,2013-11-27,2013-12-16,AL,AL1402,al1402
65868f78f30b23a817da9e66,2013-12-17,2014-01-08,AL,AL1403,al1403
65868f78f30b23a817da9e67,2014-01-09,2014-02-26,AL,AL1404,al1404
65868f78f30b23a817da9e68,2014-02-27,2014-03-11,AL,AL1405,al1405
65868f78f30b23a817da9e69,2014-03-12,2014-04-24,AL,AL1406,al1406
65868f78f30b23a817da9e6a,2014-04-25,2014-05-23,AL,AL1407,al1407
65868f78f30b23a817da9e6b,2014-05-26,2014-06-25,AL,AL1408,al1408
65868f78f30b23a817da9e6c,2014-06-26,2014-07-23,AL,AL1409,al1409
65868f78f30b23a817da9e6d,2014-07-24,2014-08-27,AL,AL1410,al1410
65868f78f30b23a817da9e6e,2014-08-28,2014-09-18,AL,AL1411,al1411
65868f78f30b23a817da9e6f,2014-09-19,2014-10-22,AL,AL1412,al1412
65868f78f30b23a817da9e70,2014-10-23,2014-11-28,AL,AL1501,al1501
65868f78f30b23a817da9e71,2014-12-01,2014-12-18,AL,AL1502,al1502
65868f78f30b23a817da9e72,2014-12-19,2015-01-27,AL,AL1503,al1503
65868f78f30b23a817da9e73,2015-01-28,2015-02-27,AL,AL1504,al1504
65868f78f30b23a817da9e74,2015-03-02,2015-03-23,AL,AL1505,al1505
65868f78f30b23a817da9e75,2015-03-24,2015-04-23,AL,AL1506,al1506
65868f78f30b23a817da9e76,2015-04-24,2015-05-27,AL,AL1507,al1507
65868f78f30b23a817da9e77,2015-05-28,2015-06-25,AL,AL1508,al1508
65868f78f30b23a817da9e78,2015-06-26,2015-07-22,AL,AL1509,al1509
65868f78f30b23a817da9e79,2015-07-23,2015-08-31,AL,AL1510,al1510
65868f78f30b23a817da9e7a,2015-09-01,2015-09-22,AL,AL1511,al1511
65868f78f30b23a817da9e7b,2015-09-23,2015-10-22,AL,AL1512,al1512
65868f78f30b23a817da9e7c,2015-10-23,2015-11-23,AL,AL1601,al1601
65868f78f30b23a817da9e7d,2015-11-24,2015-12-22,AL,AL1602,al1602
65868f78f30b23a817da9e7e,2015-12-23,2016-01-28,AL,AL1603,al1603
65868f78f30b23a817da9e7f,2016-01-29,2016-02-29,AL,AL1604,al1604
65868f78f30b23a817da9e80,2016-03-01,2016-03-31,AL,AL1605,al1605
65868f78f30b23a817da9e81,2016-04-01,2016-04-27,AL,AL1606,al1606
65868f78f30b23a817da9e82,2016-04-28,2016-06-02,AL,AL1607,al1607
65868f78f30b23a817da9e83,2016-06-03,2016-07-04,AL,AL1608,al1608
65868f78f30b23a817da9e84,2016-07-05,2016-08-02,AL,AL1609,al1609
65868f78f30b23a817da9e85,2016-08-03,2016-09-02,AL,AL1610,al1610
65868f78f30b23a817da9e86,2016-09-05,2016-09-29,AL,AL1611,al1611
65868f78f30b23a817da9e87,2016-09-30,2016-11-02,AL,AL1612,al1612
65868f78f30b23a817da9e88,2016-11-03,2016-11-24,AL,AL1701,al1701
65868f78f30b23a817da9e89,2016-11-25,2017-01-03,AL,AL1702,al1702
65868f78f30b23a817da9e8a,2017-01-04,2017-02-08,AL,AL1703,al1703
65868f78f30b23a817da9e8b,2017-02-09,2017-03-06,AL,AL1704,al1704
65868f78f30b23a817da9e8c,2017-03-07,2017-04-12,AL,AL1705,al1705
65868f78f30b23a817da9e8d,2017-04-13,2017-05-09,AL,AL1706,al1706
65868f78f30b23a817da9e8e,2017-05-10,2017-06-07,AL,AL1707,al1707
65868f78f30b23a817da9e8f,2017-06-08,2017-07-05,AL,AL1708,al1708
65868f78f30b23a817da9e90,2017-07-06,2017-08-03,AL,AL1709,al1709
65868f78f30b23a817da9e91,2017-08-04,2017-08-25,AL,AL1710,al1710
65868f78f30b23a817da9e92,2017-08-28,2017-09-27,AL,AL1711,al1711
65868f78f30b23a817da9e93,2017-09-28,2017-10-27,AL,AL1712,al1712
65868f78f30b23a817da9e94,2017-10-30,2017-12-01,AL,AL1801,al1801
65868f78f30b23a817da9e95,2017-12-04,2018-01-03,AL,AL1802,al1802
65868f78f30b23a817da9e96,2018-01-04,2018-02-06,AL,AL1803,al1803
65868f78f30b23a817da9e97,2018-02-07,2018-03-01,AL,AL1804,al1804
65868f78f30b23a817da9e98,2018-03-02,2018-04-10,AL,AL1805,al1805
65868f78f30b23a817da9e99,2018-04-11,2018-05-02,AL,AL1806,al1806
65868f78f30b23a817da9e9a,2018-05-03,2018-06-07,AL,AL1807,al1807
65868f78f30b23a817da9e9b,2018-06-08,2018-07-03,AL,AL1808,al1808
65868f78f30b23a817da9e9c,2018-07-04,2018-08-08,AL,AL1809,al1809
65868f78f30b23a817da9e9d,2018-08-09,2018-09-03,AL,AL1810,al1810
65868f78f30b23a817da9e9e,2018-09-04,2018-10-11,AL,AL1811,al1811
65868f78f30b23a817da9e9f,2018-10-12,2018-11-05,AL,AL1812,al1812
65868f78f30b23a817da9ea0,2018-11-06,2018-12-10,AL,AL1901,al1901
65868f78f30b23a817da9ea1,2018-12-11,2019-01-04,AL,AL1902,al1902
65868f78f30b23a817da9ea2,2019-01-07,2019-02-19,AL,AL1903,al1903
65868f78f30b23a817da9ea3,2019-02-20,2019-04-17,AL,AL1905,al1905
65868f78f30b23a817da9ea4,2019-04-18,2019-05-15,AL,AL1906,al1906
65868f78f30b23a817da9ea5,2019-05-16,2019-06-12,AL,AL1907,al1907
65868f78f30b23a817da9ea6,2019-06-13,2019-07-16,AL,AL1908,al1908
65868f78f30b23a817da9ea7,2019-07-17,2019-08-08,AL,AL1909,al1909
65868f78f30b23a817da9ea8,2019-08-09,2019-09-10,AL,AL1910,al1910
65868f78f30b23a817da9ea9,2019-09-11,2019-10-10,AL,AL1911,al1911
65868f78f30b23a817da9eaa,2019-10-11,2019-11-13,AL,AL1912,al1912
65868f78f30b23a817da9eab,2019-11-14,2019-12-11,AL,AL2001,al2001
65868f78f30b23a817da9eac,2019-12-12,2020-01-10,AL,AL2002,al2002
65868f78f30b23a817da9ead,2020-01-13,2020-02-14,AL,AL2003,al2003
65868f78f30b23a817da9eae,2020-02-17,2020-03-05,AL,AL2004,al2004
65868f78f30b23a817da9eaf,2020-03-06,2020-04-01,AL,AL2005,al2005
65868f78f30b23a817da9eb0,2020-04-02,2020-04-30,AL,AL2006,al2006
65868f78f30b23a817da9eb1,2020-05-06,2020-06-17,AL,AL2007,al2007
65868f78f30b23a817da9eb2,2020-06-18,2020-07-28,AL,AL2008,al2008
65868f78f30b23a817da9eb3,2020-07-29,2020-08-26,AL,AL2009,al2009
65868f78f30b23a817da9eb4,2020-08-27,2020-09-24,AL,AL2010,al2010
65868f78f30b23a817da9eb5,2020-09-25,2020-10-29,AL,AL2011,al2011
65868f78f30b23a817da9eb6,2020-10-30,2020-11-25,AL,AL2012,al2012
65868f78f30b23a817da9eb7,2020-11-26,2020-12-22,AL,AL2101,al2101
65868f78f30b23a817da9eb8,2020-12-23,2021-01-11,AL,AL2102,al2102
65868f78f30b23a817da9eb9,2021-01-12,2021-02-18,AL,AL2103,al2103
65868f78f30b23a817da9eba,2021-02-19,2021-03-12,AL,AL2104,al2104
65868f78f30b23a817da9ebb,2021-03-15,2021-04-15,AL,AL2105,al2105
65868f78f30b23a817da9ebc,2021-04-16,2021-05-17,AL,AL2106,al2106
65868f78f30b23a817da9ebd,2021-05-18,2021-06-18,AL,AL2107,al2107
65868f78f30b23a817da9ebe,2021-06-21,2021-07-20,AL,AL2108,al2108
65868f78f30b23a817da9ebf,2021-07-21,2021-08-18,AL,AL2109,al2109
65868f78f30b23a817da9ec0,2021-08-19,2021-09-13,AL,AL2110,al2110
65868f78f30b23a817da9ec1,2021-09-14,2021-10-15,AL,AL2111,al2111
65868f78f30b23a817da9ec2,2021-10-18,2021-11-15,AL,AL2112,al2112
65868f78f30b23a817da9ec3,2021-11-16,2021-12-16,AL,AL2201,al2201
65868f78f30b23a817da9ec4,2021-12-17,2022-01-14,AL,AL2202,al2202
65868f78f30b23a817da9ec5,2022-01-17,2022-02-21,AL,AL2203,al2203
65868f78f30b23a817da9ec6,2022-02-22,2022-03-15,AL,AL2204,al2204
65868f78f30b23a817da9ec7,2022-03-16,2022-04-19,AL,AL2205,al2205
65868f78f30b23a817da9ec8,2022-04-20,2022-05-20,AL,AL2206,al2206
65868f78f30b23a817da9ec9,2022-05-23,2022-06-21,AL,AL2207,al2207
65868f78f30b23a817da9eca,2022-06-22,2022-07-20,AL,AL2208,al2208
65868f78f30b23a817da9ecb,2022-07-21,2022-08-25,AL,AL2209,al2209
65868f78f30b23a817da9ecc,2022-08-26,2022-09-26,AL,AL2210,al2210
65868f78f30b23a817da9ecd,2022-09-27,2022-10-26,AL,AL2211,al2211
65868f78f30b23a817da9ece,2022-10-27,2022-11-23,AL,AL2212,al2212
65868f78f30b23a817da9ecf,2022-11-24,2022-12-22,AL,AL2301,al2301
65868f78f30b23a817da9ed0,2022-12-23,2023-01-11,AL,AL2302,al2302
65868f78f30b23a817da9ed1,2023-01-12,2023-02-20,AL,AL2303,al2303
65868f78f30b23a817da9ed2,2023-02-21,2023-03-20,AL,AL2304,al2304
65868f78f30b23a817da9ed3,2023-03-21,2023-04-18,AL,AL2305,al2305
65868f78f30b23a817da9ed4,2023-04-19,2023-05-18,AL,AL2306,al2306
65868f78f30b23a817da9ed5,2023-05-19,2023-06-26,AL,AL2307,al2307
65868f78f30b23a817da9ed6,2023-06-27,2023-07-21,AL,AL2308,al2308
65868f78f30b23a817da9ed7,2023-07-24,2023-08-23,AL,AL2309,al2309
65868f78f30b23a817da9ed8,2023-08-24,2023-09-22,AL,AL2310,al2310
65868f78f30b23a817da9ed9,2023-09-25,2023-10-23,AL,AL2311,al2311
65868f78f30b23a817da9eda,2023-10-24,2023-11-20,AL,AL2312,al2312
65868f78f30b23a817da9edb,2023-11-21,2023-12-19,AL,AL2401,al2401
65868f78f30b23a817da9edc,2023-12-20,2024-01-08,AL,AL2402,al2402
65868f78f30b23a817da9edd,2017-12-22,2018-04-11,AP,AP1805,AP805
65868f78f30b23a817da9ede,2018-04-12,2018-07-17,AP,AP1810,AP810
65868f78f30b23a817da9edf,2018-07-18,2018-11-08,AP,AP1901,AP901
65868f78f30b23a817da9ee0,2018-11-09,2019-04-15,AP,AP1905,AP905
65868f78f30b23a817da9ee1,2019-04-16,2019-09-12,AP,AP1910,AP910
65868f78f30b23a817da9ee2,2019-09-16,2019-12-17,AP,AP2001,AP001
65868f78f30b23a817da9ee3,2019-12-18,2020-04-20,AP,AP2005,AP005
65868f78f30b23a817da9ee4,2020-04-21,2020-09-15,AP,AP2010,AP010
65868f78f30b23a817da9ee5,2020-09-16,2020-12-15,AP,AP2101,AP101
65868f78f30b23a817da9ee6,2020-12-16,2021-03-26,AP,AP2105,AP105
65868f78f30b23a817da9ee7,2021-03-29,2021-08-27,AP,AP2110,AP110
65868f78f30b23a817da9ee8,2021-08-30,2021-12-15,AP,AP2201,AP201
65868f78f30b23a817da9ee9,2021-12-16,2022-03-29,AP,AP2205,AP205
65868f78f30b23a817da9eea,2022-03-30,2022-09-05,AP,AP2210,AP210
65868f78f30b23a817da9eeb,2022-09-06,2022-12-13,AP,AP2301,AP301
65868f78f30b23a817da9eec,2022-12-14,2023-04-13,AP,AP2305,AP305
65868f78f30b23a817da9eed,2023-04-14,2023-09-01,AP,AP2310,AP310
65868f78f30b23a817da9eee,2023-09-04,2023-12-04,AP,AP2401,AP401
65868f78f30b23a817da9eef,2023-12-05,2024-04-12,AP,AP2405,AP405
65868f78f30b23a817da9efb,2015-05-12,2015-11-11,AU,AU1512,au1512
65868f78f30b23a817da9efc,2015-11-12,2016-05-03,AU,AU1606,au1606
65868f78f30b23a817da9efd,2016-05-04,2016-11-08,AU,AU1612,au1612
65868f78f30b23a817da9efe,2016-11-09,2017-05-02,AU,AU1706,au1706
65868f78f30b23a817da9eff,2017-05-03,2017-11-10,AU,AU1712,au1712
65868f78f30b23a817da9f00,2017-11-13,2018-05-02,AU,AU1806,au1806
65868f78f30b23a817da9f01,2018-05-03,2018-11-08,AU,AU1812,au1812
65868f78f30b23a817da9f02,2018-11-09,2019-04-30,AU,AU1906,au1906
65868f78f30b23a817da9f03,2019-05-06,2019-11-13,AU,AU1912,au1912
65868f78f30b23a817da9f04,2019-11-14,2020-05-07,AU,AU2006,au2006
65868f78f30b23a817da9f05,2020-05-08,2020-11-23,AU,AU2012,au2012
65868f78f30b23a817da9f06,2020-11-24,2021-05-18,AU,AU2106,au2106
65868f78f30b23a817da9f07,2021-05-19,2021-11-23,AU,AU2112,au2112
65868f78f30b23a817da9f08,2021-11-24,2021-12-28,AU,AU2202,au2202
65868f78f30b23a817da9f09,2021-12-29,2022-05-20,AU,AU2206,au2206
65868f78f30b23a817da9f0a,2022-05-23,2022-11-03,AU,AU2212,au2212
65868f78f30b23a817da9f0b,2022-11-04,2022-12-26,AU,AU2302,au2302
65868f78f30b23a817da9f0c,2022-12-27,2023-02-28,AU,AU2304,au2304
65868f78f30b23a817da9f0d,2023-03-01,2023-04-20,AU,AU2306,au2306
65868f78f30b23a817da9f0e,2023-04-21,2023-06-28,AU,AU2308,au2308
65868f78f30b23a817da9f0f,2023-06-29,2023-08-29,AU,AU2310,au2310
65868f78f30b23a817da9f10,2023-08-30,2023-10-26,AU,AU2312,au2312
65868f78f30b23a817da9f11,2023-10-27,2023-12-29,AU,AU2402,au2402
65868f78f30b23a817da9f16,2014-12-11,2015-06-02,BU,BU1506,bu1506
65868f78f30b23a817da9f17,2015-06-03,2015-08-24,BU,BU1509,bu1509
65868f78f30b23a817da9f18,2015-08-25,2015-11-25,BU,BU1512,bu1512
65868f78f30b23a817da9f19,2015-11-26,2015-12-21,BU,BU1601,bu1601
65868f78f30b23a817da9f1a,2015-12-22,2016-04-11,BU,BU1606,bu1606
65868f78f30b23a817da9f1b,2016-04-12,2016-08-02,BU,BU1609,bu1609
65868f78f30b23a817da9f1c,2016-08-03,2016-11-10,BU,BU1612,bu1612
65868f78f30b23a817da9f1d,2016-11-11,2017-04-25,BU,BU1706,bu1706
65868f78f30b23a817da9f1e,2017-04-26,2017-08-02,BU,BU1709,bu1709
65868f78f30b23a817da9f1f,2017-08-03,2017-11-21,BU,BU1712,bu1712
65868f78f30b23a817da9f20,2017-11-22,2018-05-03,BU,BU1806,bu1806
65868f78f30b23a817da9f21,2018-05-04,2018-11-22,BU,BU1812,bu1812
65868f78f30b23a817da9f22,2018-11-23,2019-04-30,BU,BU1906,bu1906
65868f78f30b23a817da9f23,2019-05-06,2019-11-27,BU,BU1912,bu1912
65868f78f30b23a817da9f24,2019-11-28,2020-05-07,BU,BU2006,bu2006
65868f78f30b23a817da9f25,2020-05-08,2020-11-26,BU,BU2012,bu2012
65868f78f30b23a817da9f26,2020-11-27,2021-05-20,BU,BU2106,bu2106
65868f78f30b23a817da9f27,2021-05-21,2021-08-11,BU,BU2109,bu2109
65868f78f30b23a817da9f28,2021-08-12,2021-11-23,BU,BU2112,bu2112
65868f78f30b23a817da9f29,2021-11-24,2022-05-06,BU,BU2206,bu2206
65868f78f30b23a817da9f2a,2022-05-09,2022-08-01,BU,BU2209,bu2209
65868f78f30b23a817da9f2b,2022-08-02,2022-11-02,BU,BU2212,bu2212
65868f78f30b23a817da9f2c,2022-11-03,2022-11-29,BU,BU2301,bu2301
65868f78f30b23a817da9f2d,2022-11-30,2023-04-20,BU,BU2306,bu2306
65868f78f30b23a817da9f2e,2023-04-21,2023-05-04,BU,BU2307,bu2307
65868f78f30b23a817da9f2f,2023-05-05,2023-06-09,BU,BU2308,bu2308
65868f78f30b23a817da9f30,2023-06-12,2023-08-10,BU,BU2310,bu2310
65868f78f30b23a817da9f31,2023-08-11,2023-10-09,BU,BU2311,bu2311
65868f78f30b23a817da9f32,2023-10-10,2023-11-16,BU,BU2401,bu2401
65868f78f30b23a817da9f33,2023-11-17,2023-11-30,BU,BU2402,bu2402
65868f78f30b23a817da9f34,2023-12-01,2024-01-26,BU,BU2403,bu2403
65868f78f30b23a817da9f35,2010-01-04,2010-06-23,C,C1009,c1009
65868f78f30b23a817da9f36,2010-06-24,2010-08-27,C,C1101,c1101
65868f78f30b23a817da9f37,2010-08-30,2010-11-15,C,C1105,c1105
65868f78f30b23a817da9f38,2010-11-16,2011-05-23,C,C1109,c1109
65868f78f30b23a817da9f39,2011-05-24,2011-08-09,C,C1201,c1201
65868f78f30b23a817da9f3a,2011-08-10,2011-12-09,C,C1205,c1205
65868f78f30b23a817da9f3b,2011-12-12,2012-07-09,C,C1209,c1209
65868f78f30b23a817da9f3c,2012-07-10,2012-10-24,C,C1301,c1301
65868f78f30b23a817da9f3d,2012-10-25,2013-02-18,C,C1305,c1305
65868f78f30b23a817da9f3e,2013-02-19,2013-07-05,C,C1309,c1309
65868f78f30b23a817da9f3f,2013-07-08,2013-10-16,C,C1401,c1401
65868f78f30b23a817da9f40,2013-10-17,2014-03-27,C,C1405,c1405
65868f78f30b23a817da9f41,2014-03-28,2014-07-14,C,C1409,c1409
65868f78f30b23a817da9f42,2014-07-15,2014-10-13,C,C1501,c1501
65868f78f30b23a817da9f43,2014-10-14,2015-01-27,C,C1505,c1505
65868f78f30b23a817da9f44,2015-01-28,2015-07-27,C,C1509,c1509
65868f78f30b23a817da9f45,2015-07-28,2015-09-09,C,C1601,c1601
65868f78f30b23a817da9f46,2015-09-10,2016-02-22,C,C1605,c1605
65868f78f30b23a817da9f47,2016-02-23,2016-03-28,C,C1609,c1609
65868f78f30b23a817da9f48,2016-03-29,2016-11-14,C,C1701,c1701
65868f78f30b23a817da9f49,2016-11-15,2017-03-09,C,C1705,c1705
65868f78f30b23a817da9f4a,2017-03-10,2017-08-02,C,C1709,c1709
65868f78f30b23a817da9f4b,2017-08-03,2017-12-05,C,C1801,c1801
65868f78f30b23a817da9f4c,2017-12-06,2018-03-15,C,C1805,c1805
65868f78f30b23a817da9f4d,2018-03-16,2018-07-09,C,C1809,c1809
65868f78f30b23a817da9f4e,2018-07-10,2018-11-15,C,C1901,c1901
65868f78f30b23a817da9f4f,2018-11-16,2019-03-26,C,C1905,c1905
65868f78f30b23a817da9f50,2019-03-27,2019-08-01,C,C1909,c1909
65868f78f30b23a817da9f51,2019-08-02,2019-11-28,C,C2001,c2001
65868f78f30b23a817da9f52,2019-11-29,2020-03-11,C,C2005,c2005
65868f78f30b23a817da9f53,2020-03-12,2020-07-24,C,C2009,c2009
65868f78f30b23a817da9f54,2020-07-27,2020-11-23,C,C2101,c2101
65868f78f30b23a817da9f55,2020-11-24,2021-04-09,C,C2105,c2105
65868f78f30b23a817da9f56,2021-04-12,2021-08-12,C,C2109,c2109
65868f78f30b23a817da9f57,2021-08-13,2021-12-02,C,C2201,c2201
65868f78f30b23a817da9f58,2021-12-03,2022-04-06,C,C2205,c2205
65868f78f30b23a817da9f59,2022-04-07,2022-08-09,C,C2209,c2209
65868f78f30b23a817da9f5a,2022-08-10,2022-11-29,C,C2301,c2301
65868f78f30b23a817da9f5b,2022-11-30,2023-02-03,C,C2303,c2303
65868f78f30b23a817da9f5c,2023-02-06,2023-03-22,C,C2305,c2305
65868f78f30b23a817da9f5d,2023-03-23,2023-06-09,C,C2307,c2307
65868f78f30b23a817da9f5e,2023-06-12,2023-08-09,C,C2309,c2309
65868f78f30b23a817da9f5f,2023-08-10,2023-09-20,C,C2311,c2311
65868f78f30b23a817da9f60,2023-09-21,2023-12-12,C,C2401,c2401
65868f78f30b23a817da9f61,2023-12-13,2024-04-17,C,C2405,c2405
65868f78f30b23a817da9f62,2010-01-04,2010-01-12,CF,CF1005,CF005
65868f78f30b23a817da9f63,2010-01-13,2010-04-29,CF,CF1009,CF009
65868f78f30b23a817da9f64,2010-04-30,2010-09-03,CF,CF1101,CF101
65868f78f30b23a817da9f65,2010-09-06,2010-11-25,CF,CF1105,CF105
65868f78f30b23a817da9f66,2010-11-26,2011-06-13,CF,CF1109,CF109
65868f78f30b23a817da9f67,2011-06-14,2011-08-12,CF,CF1201,CF201
65868f78f30b23a817da9f68,2011-08-15,2012-02-08,CF,CF1205,CF205
65868f78f30b23a817da9f69,2012-02-09,2012-06-04,CF,CF1209,CF209
65868f78f30b23a817da9f6a,2012-06-05,2012-11-05,CF,CF1301,CF301
65868f78f30b23a817da9f6b,2012-11-06,2013-01-30,CF,CF1305,CF305
65868f78f30b23a817da9f6c,2013-01-31,2013-06-13,CF,CF1309,CF309
65868f78f30b23a817da9f6d,2013-06-14,2013-10-15,CF,CF1401,CF401
65868f78f30b23a817da9f6e,2013-10-16,2014-03-20,CF,CF1405,CF405
65868f78f30b23a817da9f6f,2014-03-21,2014-11-14,CF,CF1501,CF501
65868f78f30b23a817da9f70,2014-11-17,2015-03-20,CF,CF1505,CF505
65868f78f30b23a817da9f71,2015-03-23,2015-07-02,CF,CF1509,CF509
65868f78f30b23a817da9f72,2015-07-03,2015-10-26,CF,CF1601,CF601
65868f78f30b23a817da9f73,2015-10-27,2016-02-04,CF,CF1605,CF605
65868f78f30b23a817da9f74,2016-02-05,2016-06-20,CF,CF1609,CF609
65868f78f30b23a817da9f75,2016-06-21,2016-11-22,CF,CF1701,CF701
65868f78f30b23a817da9f76,2016-11-23,2017-03-31,CF,CF1705,CF705
65868f78f30b23a817da9f77,2017-04-05,2017-08-02,CF,CF1709,CF709
65868f78f30b23a817da9f78,2017-08-03,2017-11-28,CF,CF1801,CF801
65868f78f30b23a817da9f79,2017-11-29,2018-03-23,CF,CF1805,CF805
65868f78f30b23a817da9f7a,2018-03-26,2018-05-14,CF,CF1809,CF809
65868f78f30b23a817da9f7b,2018-05-15,2018-11-22,CF,CF1901,CF901
65868f78f30b23a817da9f7c,2018-11-23,2019-04-03,CF,CF1905,CF905
65868f78f30b23a817da9f7d,2019-04-04,2019-08-08,CF,CF1909,CF909
65868f78f30b23a817da9f7e,2019-08-09,2019-11-26,CF,CF2001,CF001
65868f78f30b23a817da9f7f,2019-11-27,2020-04-01,CF,CF2005,CF005
65868f78f30b23a817da9f80,2020-04-02,2020-08-07,CF,CF2009,CF009
65868f78f30b23a817da9f81,2020-08-10,2020-12-04,CF,CF2101,CF101
65868f78f30b23a817da9f82,2020-12-07,2021-04-07,CF,CF2105,CF105
65868f78f30b23a817da9f83,2021-04-08,2021-08-05,CF,CF2109,CF109
65868f78f30b23a817da9f84,2021-08-06,2021-12-06,CF,CF2201,CF201
65868f78f30b23a817da9f85,2021-12-07,2022-04-13,CF,CF2205,CF205
65868f78f30b23a817da9f86,2022-04-14,2022-07-28,CF,CF2209,CF209
65868f78f30b23a817da9f87,2022-07-29,2022-11-28,CF,CF2301,CF301
65868f78f30b23a817da9f88,2022-11-29,2023-04-06,CF,CF2305,CF305
65868f78f30b23a817da9f89,2023-04-07,2023-07-21,CF,CF2309,CF309
65868f78f30b23a817da9f8a,2023-07-24,2023-12-01,CF,CF2401,CF401
65868f78f30b23a817da9f8b,2023-12-04,2024-04-10,CF,CF2405,CF405
65868f78f30b23a817da9f8c,2019-04-30,2019-11-07,CJ,CJ1912,CJ912
65868f78f30b23a817da9f8d,2019-11-08,2019-12-02,CJ,CJ2001,CJ001
65868f78f30b23a817da9f8e,2019-12-03,2020-04-03,CJ,CJ2005,CJ005
65868f78f30b23a817da9f8f,2020-04-07,2020-08-14,CJ,CJ2009,CJ009
65868f78f30b23a817da9f90,2020-08-17,2020-12-15,CJ,CJ2101,CJ101
65868f78f30b23a817da9f91,2020-12-16,2021-04-06,CJ,CJ2105,CJ105
65868f78f30b23a817da9f92,2021-04-07,2021-07-23,CJ,CJ2109,CJ109
65868f78f30b23a817da9f93,2021-07-26,2021-11-17,CJ,CJ2201,CJ201
65868f78f30b23a817da9f94,2021-11-18,2022-04-08,CJ,CJ2205,CJ205
65868f78f30b23a817da9f95,2022-04-11,2022-07-19,CJ,CJ2209,CJ209
65868f78f30b23a817da9f96,2022-07-20,2022-12-09,CJ,CJ2301,CJ301
65868f78f30b23a817da9f97,2022-12-12,2023-04-13,CJ,CJ2305,CJ305
65868f78f30b23a817da9f98,2023-04-14,2023-08-01,CJ,CJ2309,CJ309
65868f78f30b23a817da9f99,2023-08-02,2023-11-27,CJ,CJ2401,CJ401
65868f78f30b23a817da9f9a,2023-11-28,2024-04-01,CJ,CJ2405,CJ405
65868f78f30b23a817da9f9b,2014-12-19,2014-12-19,CS,CS1503,cs1503
65868f78f30b23a817da9f9c,2014-12-22,2015-04-03,CS,CS1505,cs1505
65868f78f30b23a817da9f9d,2015-04-07,2015-07-27,CS,CS1509,cs1509
65868f78f30b23a817da9f9e,2015-07-28,2015-10-30,CS,CS1601,cs1601
65868f78f30b23a817da9f9f,2015-11-02,2016-03-18,CS,CS1605,cs1605
65868f78f30b23a817da9fa0,2016-03-21,2016-06-28,CS,CS1609,cs1609
65868f78f30b23a817da9fa1,2016-06-29,2016-11-22,CS,CS1701,cs1701
65868f78f30b23a817da9fa2,2016-11-23,2017-03-22,CS,CS1705,cs1705
65868f78f30b23a817da9fa3,2017-03-23,2017-08-08,CS,CS1709,cs1709
65868f78f30b23a817da9fa4,2017-08-09,2017-12-04,CS,CS1801,cs1801
65868f78f30b23a817da9fa5,2017-12-05,2018-04-02,CS,CS1805,cs1805
65868f78f30b23a817da9fa6,2018-04-03,2018-08-07,CS,CS1809,cs1809
65868f78f30b23a817da9fa7,2018-08-08,2018-12-06,CS,CS1901,cs1901
65868f78f30b23a817da9fa8,2018-12-07,2019-04-15,CS,CS1905,cs1905
65868f78f30b23a817da9fa9,2019-04-16,2019-08-22,CS,CS1909,cs1909
65868f78f30b23a817da9faa,2019-08-23,2019-12-13,CS,CS2001,cs2001
65868f78f30b23a817da9fab,2019-12-16,2020-04-09,CS,CS2005,cs2005
65868f78f30b23a817da9fac,2020-04-10,2020-08-13,CS,CS2009,cs2009
65868f78f30b23a817da9fad,2020-08-14,2020-12-07,CS,CS2101,cs2101
65868f78f30b23a817da9fae,2020-12-08,2021-04-15,CS,CS2105,cs2105
65868f78f30b23a817da9faf,2021-04-16,2021-06-17,CS,CS2107,cs2107
65868f78f30b23a817da9fb0,2021-06-18,2021-08-23,CS,CS2109,cs2109
65868f78f30b23a817da9fb1,2021-08-24,2021-10-25,CS,CS2111,cs2111
65868f78f30b23a817da9fb2,2021-10-26,2021-12-17,CS,CS2201,cs2201
65868f78f30b23a817da9fb3,2021-12-20,2022-02-15,CS,CS2203,cs2203
65868f78f30b23a817da9fb4,2022-02-16,2022-03-21,CS,CS2205,cs2205
65868f78f30b23a817da9fb5,2022-03-22,2022-06-21,CS,CS2207,cs2207
65868f78f30b23a817da9fb6,2022-06-22,2022-08-22,CS,CS2209,cs2209
65868f78f30b23a817da9fb7,2022-08-23,2022-10-20,CS,CS2211,cs2211
65868f78f30b23a817da9fb8,2022-10-21,2022-12-22,CS,CS2301,cs2301
65868f78f30b23a817da9fb9,2022-12-23,2023-02-09,CS,CS2303,cs2303
65868f78f30b23a817da9fba,2023-02-10,2023-03-31,CS,CS2305,cs2305
65868f78f30b23a817da9fbb,2023-04-03,2023-06-12,CS,CS2307,cs2307
65868f78f30b23a817da9fbc,2023-06-13,2023-08-10,CS,CS2309,cs2309
65868f78f30b23a817da9fbd,2023-08-11,2023-10-18,CS,CS2311,cs2311
65868f78f30b23a817da9fbe,2023-10-19,2023-12-18,CS,CS2401,cs2401
65868f78f30b23a817da9fbf,2023-12-19,2024-02-02,CS,CS2403,cs2403
65868f78f30b23a817da9fc0,2010-01-04,2010-01-19,CU,CU1004,cu1004
65868f78f30b23a817da9fc1,2010-01-20,2010-02-24,CU,CU1005,cu1005
65868f78f30b23a817da9fc2,2010-02-25,2010-03-26,CU,CU1006,cu1006
65868f78f30b23a817da9fc3,2010-03-29,2010-04-28,CU,CU1007,cu1007
65868f78f30b23a817da9fc4,2010-04-29,2010-05-27,CU,CU1008,cu1008
65868f78f30b23a817da9fc5,2010-05-28,2010-06-29,CU,CU1009,cu1009
65868f78f30b23a817da9fc6,2010-06-30,2010-07-28,CU,CU1010,cu1010
65868f78f30b23a817da9fc7,2010-07-29,2010-08-24,CU,CU1011,cu1011
65868f78f30b23a817da9fc8,2010-08-25,2010-10-08,CU,CU1012,cu1012
65868f78f30b23a817da9fc9,2010-10-11,2010-10-27,CU,CU1101,cu1101
65868f78f30b23a817da9fca,2010-10-28,2010-11-19,CU,CU1102,cu1102
65868f78f30b23a817da9fcb,2010-11-22,2010-12-31,CU,CU1103,cu1103
65868f78f30b23a817da9fcc,2011-01-04,2011-02-01,CU,CU1104,cu1104
65868f78f30b23a817da9fcd,2011-02-09,2011-03-15,CU,CU1105,cu1105
65868f78f30b23a817da9fce,2011-03-16,2011-04-25,CU,CU1106,cu1106
65868f78f30b23a817da9fcf,2011-04-26,2011-05-24,CU,CU1107,cu1107
65868f78f30b23a817da9fd0,2011-05-25,2011-06-27,CU,CU1108,cu1108
65868f78f30b23a817da9fd1,2011-06-28,2011-07-22,CU,CU1109,cu1109
65868f78f30b23a817da9fd2,2011-07-25,2011-08-16,CU,CU1110,cu1110
65868f78f30b23a817da9fd3,2011-08-17,2011-09-16,CU,CU1111,cu1111
65868f78f30b23a817da9fd4,2011-09-19,2011-10-19,CU,CU1112,cu1112
65868f78f30b23a817da9fd5,2011-10-20,2011-11-17,CU,CU1201,cu1201
65868f78f30b23a817da9fd6,2011-11-18,2011-12-15,CU,CU1202,cu1202
65868f78f30b23a817da9fd7,2011-12-16,2012-01-17,CU,CU1203,cu1203
65868f78f30b23a817da9fd8,2012-01-18,2012-02-10,CU,CU1204,cu1204
65868f78f30b23a817da9fd9,2012-02-13,2012-03-06,CU,CU1205,cu1205
65868f78f30b23a817da9fda,2012-03-07,2012-04-05,CU,CU1206,cu1206
65868f78f30b23a817da9fdb,2012-04-06,2012-04-27,CU,CU1207,cu1207
65868f78f30b23a817da9fdc,2012-05-02,2012-05-17,CU,CU1208,cu1208
65868f78f30b23a817da9fdd,2012-05-18,2012-06-20,CU,CU1209,cu1209
65868f78f30b23a817da9fde,2012-06-21,2012-07-19,CU,CU1210,cu1210
65868f78f30b23a817da9fdf,2012-07-20,2012-08-14,CU,CU1211,cu1211
65868f78f30b23a817da9fe0,2012-08-15,2012-09-17,CU,CU1212,cu1212
65868f78f30b23a817da9fe1,2012-09-18,2012-10-26,CU,CU1301,cu1301
65868f78f30b23a817da9fe2,2012-10-29,2012-11-26,CU,CU1302,cu1302
65868f78f30b23a817da9fe3,2012-11-27,2012-12-25,CU,CU1303,cu1303
65868f78f30b23a817da9fe4,2012-12-26,2013-01-25,CU,CU1304,cu1304
65868f78f30b23a817da9fe5,2013-01-28,2013-02-26,CU,CU1305,cu1305
65868f78f30b23a817da9fe6,2013-02-27,2013-03-18,CU,CU1306,cu1306
65868f78f30b23a817da9fe7,2013-03-19,2013-04-03,CU,CU1307,cu1307
65868f78f30b23a817da9fe8,2013-04-08,2013-05-02,CU,CU1308,cu1308
65868f78f30b23a817da9fe9,2013-05-03,2013-06-06,CU,CU1309,cu1309
65868f78f30b23a817da9fea,2013-06-07,2013-07-08,CU,CU1310,cu1310
65868f78f30b23a817da9feb,2013-07-09,2013-08-16,CU,CU1311,cu1311
65868f78f30b23a817da9fec,2013-08-19,2013-10-09,CU,CU1312,cu1312
65868f78f30b23a817da9fed,2013-10-10,2013-11-18,CU,CU1401,cu1401
65868f78f30b23a817da9fee,2013-11-19,2013-12-20,CU,CU1402,cu1402
65868f78f30b23a817da9fef,2013-12-23,2014-01-15,CU,CU1403,cu1403
65868f78f30b23a817da9ff0,2014-01-16,2014-02-20,CU,CU1404,cu1404
65868f78f30b23a817da9ff1,2014-02-21,2014-03-11,CU,CU1405,cu1405
65868f78f30b23a817da9ff2,2014-03-12,2014-04-02,CU,CU1406,cu1406
65868f78f30b23a817da9ff3,2014-04-03,2014-05-14,CU,CU1407,cu1407
65868f78f30b23a817da9ff4,2014-05-15,2014-06-26,CU,CU1408,cu1408
65868f78f30b23a817da9ff5,2014-06-27,2014-07-31,CU,CU1409,cu1409
65868f78f30b23a817da9ff6,2014-08-01,2014-09-01,CU,CU1410,cu1410
65868f78f30b23a817da9ff7,2014-09-02,2014-09-24,CU,CU1411,cu1411
65868f78f30b23a817da9ff8,2014-09-25,2014-10-17,CU,CU1412,cu1412
65868f78f30b23a817da9ff9,2014-10-20,2014-11-26,CU,CU1501,cu1501
65868f78f30b23a817da9ffa,2014-11-27,2014-12-18,CU,CU1502,cu1502
65868f78f30b23a817da9ffb,2014-12-19,2015-01-23,CU,CU1503,cu1503
65868f78f30b23a817da9ffc,2015-01-26,2015-02-25,CU,CU1504,cu1504
65868f78f30b23a817da9ffd,2015-02-26,2015-03-23,CU,CU1505,cu1505
65868f78f30b23a817da9ffe,2015-03-24,2015-04-27,CU,CU1506,cu1506
65868f78f30b23a817da9fff,2015-04-28,2015-05-26,CU,CU1507,cu1507
65868f78f30b23a817daa000,2015-05-27,2015-06-26,CU,CU1508,cu1508
65868f78f30b23a817daa001,2015-06-29,2015-07-24,CU,CU1509,cu1509
65868f78f30b23a817daa002,2015-07-27,2015-08-27,CU,CU1510,cu1510
65868f78f30b23a817daa003,2015-08-28,2015-09-25,CU,CU1511,cu1511
65868f78f30b23a817daa004,2015-09-28,2015-10-29,CU,CU1512,cu1512
65868f78f30b23a817daa005,2015-10-30,2015-11-26,CU,CU1601,cu1601
65868f78f30b23a817daa006,2015-11-27,2015-12-29,CU,CU1602,cu1602
65868f78f30b23a817daa007,2015-12-30,2016-01-29,CU,CU1603,cu1603
65868f78f30b23a817daa008,2016-02-01,2016-02-29,CU,CU1604,cu1604
65868f78f30b23a817daa009,2016-03-01,2016-03-29,CU,CU1605,cu1605
65868f78f30b23a817daa00a,2016-03-30,2016-04-26,CU,CU1606,cu1606
65868f78f30b23a817daa00b,2016-04-27,2016-05-27,CU,CU1607,cu1607
65868f78f30b23a817daa00c,2016-05-30,2016-06-28,CU,CU1608,cu1608
65868f78f30b23a817daa00d,2016-06-29,2016-08-01,CU,CU1609,cu1609
65868f78f30b23a817daa00e,2016-08-02,2016-09-02,CU,CU1610,cu1610
65868f78f30b23a817daa00f,2016-09-05,2016-09-28,CU,CU1611,cu1611
65868f78f30b23a817daa010,2016-09-29,2016-10-31,CU,CU1612,cu1612
65868f78f30b23a817daa011,2016-11-01,2016-11-28,CU,CU1701,cu1701
65868f78f30b23a817daa012,2016-11-29,2016-12-28,CU,CU1702,cu1702
65868f78f30b23a817daa013,2016-12-29,2017-02-10,CU,CU1703,cu1703
65868f78f30b23a817daa014,2017-02-13,2017-03-09,CU,CU1704,cu1704
65868f78f30b23a817daa015,2017-03-10,2017-04-12,CU,CU1705,cu1705
65868f78f30b23a817daa016,2017-04-13,2017-05-09,CU,CU1706,cu1706
65868f78f30b23a817daa017,2017-05-10,2017-06-01,CU,CU1707,cu1707
65868f78f30b23a817daa018,2017-06-02,2017-07-03,CU,CU1708,cu1708
65868f78f30b23a817daa019,2017-07-04,2017-07-31,CU,CU1709,cu1709
65868f78f30b23a817daa01a,2017-08-01,2017-09-06,CU,CU1710,cu1710
65868f78f30b23a817daa01b,2017-09-07,2017-09-29,CU,CU1711,cu1711
65868f78f30b23a817daa01c,2017-10-09,2017-11-07,CU,CU1712,cu1712
65868f78f30b23a817daa01d,2017-11-08,2017-12-05,CU,CU1801,cu1801
65868f78f30b23a817daa01e,2017-12-06,2017-12-28,CU,CU1802,cu1802
65868f78f30b23a817daa01f,2017-12-29,2018-02-05,CU,CU1803,cu1803
65868f78f30b23a817daa020,2018-02-06,2018-03-01,CU,CU1804,cu1804
65868f78f30b23a817daa021,2018-03-02,2018-04-13,CU,CU1805,cu1805
65868f78f30b23a817daa022,2018-04-16,2018-05-09,CU,CU1806,cu1806
65868f78f30b23a817daa023,2018-05-10,2018-06-06,CU,CU1807,cu1807
65868f78f30b23a817daa024,2018-06-07,2018-07-09,CU,CU1808,cu1808
65868f78f30b23a817daa025,2018-07-10,2018-08-09,CU,CU1809,cu1809
65868f78f30b23a817daa026,2018-08-10,2018-09-05,CU,CU1810,cu1810
65868f78f30b23a817daa027,2018-09-06,2018-10-22,CU,CU1811,cu1811
65868f78f30b23a817daa028,2018-10-23,2018-11-06,CU,CU1812,cu1812
65868f78f30b23a817daa029,2018-11-07,2018-11-30,CU,CU1901,cu1901
65868f78f30b23a817daa02a,2018-12-03,2019-01-02,CU,CU1902,cu1902
65868f78f30b23a817daa02b,2019-01-03,2019-02-15,CU,CU1903,cu1903
65868f78f30b23a817daa02c,2019-02-18,2019-03-05,CU,CU1904,cu1904
65868f78f30b23a817daa02d,2019-03-06,2019-04-18,CU,CU1905,cu1905
65868f78f30b23a817daa02e,2019-04-19,2019-05-10,CU,CU1906,cu1906
65868f78f30b23a817daa02f,2019-05-13,2019-06-11,CU,CU1907,cu1907
65868f78f30b23a817daa030,2019-06-12,2019-07-09,CU,CU1908,cu1908
65868f78f30b23a817daa031,2019-07-10,2019-08-09,CU,CU1909,cu1909
65868f78f30b23a817daa032,2019-08-12,2019-09-09,CU,CU1910,cu1910
65868f78f30b23a817daa033,2019-09-10,2019-10-11,CU,CU1911,cu1911
65868f78f30b23a817daa034,2019-10-14,2019-11-13,CU,CU1912,cu1912
65868f78f30b23a817daa035,2019-11-14,2019-12-09,CU,CU2001,cu2001
65868f78f30b23a817daa036,2019-12-10,2020-01-06,CU,CU2002,cu2002
65868f78f30b23a817daa037,2020-01-07,2020-02-19,CU,CU2003,cu2003
65868f78f30b23a817daa038,2020-02-20,2020-03-23,CU,CU2004,cu2004
65868f78f30b23a817daa039,2020-03-24,2020-04-14,CU,CU2005,cu2005
65868f78f30b23a817daa03a,2020-04-15,2020-05-20,CU,CU2006,cu2006
65868f78f30b23a817daa03b,2020-05-21,2020-06-19,CU,CU2007,cu2007
65868f78f30b23a817daa03c,2020-06-22,2020-07-16,CU,CU2008,cu2008
65868f78f30b23a817daa03d,2020-07-17,2020-08-19,CU,CU2009,cu2009
65868f78f30b23a817daa03e,2020-08-20,2020-09-22,CU,CU2010,cu2010
65868f78f30b23a817daa03f,2020-09-23,2020-10-21,CU,CU2011,cu2011
65868f78f30b23a817daa040,2020-10-22,2020-11-17,CU,CU2012,cu2012
65868f78f30b23a817daa041,2020-11-18,2020-12-16,CU,CU2101,cu2101
65868f78f30b23a817daa042,2020-12-17,2021-01-08,CU,CU2102,cu2102
65868f78f30b23a817daa043,2021-01-11,2021-02-10,CU,CU2103,cu2103
65868f78f30b23a817daa044,2021-02-18,2021-03-05,CU,CU2104,cu2104
65868f78f30b23a817daa045,2021-03-08,2021-04-09,CU,CU2105,cu2105
65868f78f30b23a817daa046,2021-04-12,2021-05-20,CU,CU2106,cu2106
65868f78f30b23a817daa047,2021-05-21,2021-06-21,CU,CU2107,cu2107
65868f78f30b23a817daa048,2021-06-22,2021-07-22,CU,CU2108,cu2108
65868f78f30b23a817daa049,2021-07-23,2021-08-20,CU,CU2109,cu2109
65868f78f30b23a817daa04a,2021-08-23,2021-09-24,CU,CU2110,cu2110
65868f78f30b23a817daa04b,2021-09-27,2021-10-21,CU,CU2111,cu2111
65868f78f30b23a817daa04c,2021-10-22,2021-11-18,CU,CU2112,cu2112
65868f78f30b23a817daa04d,2021-11-19,2021-12-17,CU,CU2201,cu2201
65868f78f30b23a817daa04e,2021-12-20,2022-01-13,CU,CU2202,cu2202
65868f78f30b23a817daa04f,2022-01-14,2022-02-21,CU,CU2203,cu2203
65868f78f30b23a817daa050,2022-02-22,2022-03-18,CU,CU2204,cu2204
65868f78f30b23a817daa051,2022-03-21,2022-04-22,CU,CU2205,cu2205
65868f78f30b23a817daa052,2022-04-25,2022-05-24,CU,CU2206,cu2206
65868f78f30b23a817daa053,2022-05-25,2022-06-22,CU,CU2207,cu2207
65868f78f30b23a817daa054,2022-06-23,2022-07-22,CU,CU2208,cu2208
65868f78f30b23a817daa055,2022-07-25,2022-08-25,CU,CU2209,cu2209
65868f78f30b23a817daa056,2022-08-26,2022-09-26,CU,CU2210,cu2210
65868f78f30b23a817daa057,2022-09-27,2022-10-20,CU,CU2211,cu2211
65868f78f30b23a817daa058,2022-10-21,2022-11-23,CU,CU2212,cu2212
65868f78f30b23a817daa059,2022-11-24,2022-12-22,CU,CU2301,cu2301
65868f78f30b23a817daa05a,2022-12-23,2023-02-21,CU,CU2303,cu2303
65868f78f30b23a817daa05b,2023-02-22,2023-03-17,CU,CU2304,cu2304
65868f78f30b23a817daa05c,2023-03-20,2023-04-21,CU,CU2305,cu2305
65868f78f30b23a817daa05d,2023-04-24,2023-05-19,CU,CU2306,cu2306
65868f78f30b23a817daa05e,2023-05-22,2023-06-26,CU,CU2307,cu2307
65868f78f30b23a817daa05f,2023-06-27,2023-07-25,CU,CU2308,cu2308
65868f78f30b23a817daa060,2023-07-26,2023-08-24,CU,CU2309,cu2309
65868f78f30b23a817daa061,2023-08-25,2023-09-22,CU,CU2310,cu2310
65868f78f30b23a817daa062,2023-09-25,2023-10-20,CU,CU2311,cu2311
65868f78f30b23a817daa063,2023-10-23,2023-11-21,CU,CU2312,cu2312
65868f78f30b23a817daa064,2023-11-22,2023-12-21,CU,CU2401,cu2401
65868f78f30b23a817daa065,2023-12-22,2024-01-11,CU,CU2402,cu2402
65868f78f30b23a817daa066,2019-09-26,2019-09-26,EB,EB2004,eb2004
65868f78f30b23a817daa067,2019-09-27,2020-04-03,EB,EB2005,eb2005
65868f78f30b23a817daa068,2020-04-07,2020-08-20,EB,EB2009,eb2009
65868f78f30b23a817daa069,2020-08-21,2020-12-23,EB,EB2101,eb2101
65868f78f30b23a817daa06a,2020-12-24,2021-01-26,EB,EB2102,eb2102
65868f78f30b23a817daa06b,2021-01-27,2021-02-24,EB,EB2103,eb2103
65868f78f30b23a817daa06c,2021-02-25,2021-04-23,EB,EB2105,eb2105
65868f78f30b23a817daa06d,2021-04-26,2021-05-21,EB,EB2106,eb2106
65868f78f30b23a817daa06e,2021-05-24,2021-06-16,EB,EB2107,eb2107
65868f78f30b23a817daa06f,2021-06-17,2021-07-14,EB,EB2108,eb2108
65868f78f30b23a817daa070,2021-07-15,2021-08-10,EB,EB2109,eb2109
65868f78f30b23a817daa071,2021-08-11,2021-09-22,EB,EB2110,eb2110
65868f78f30b23a817daa072,2021-09-23,2021-10-18,EB,EB2111,eb2111
65868f78f30b23a817daa073,2021-10-19,2021-11-16,EB,EB2112,eb2112
65868f78f30b23a817daa074,2021-11-17,2021-12-13,EB,EB2201,eb2201
65868f78f30b23a817daa075,2021-12-14,2022-01-20,EB,EB2202,eb2202
65868f78f30b23a817daa076,2022-01-21,2022-02-22,EB,EB2203,eb2203
65868f78f30b23a817daa077,2022-02-23,2022-03-16,EB,EB2204,eb2204
65868f78f30b23a817daa078,2022-03-17,2022-04-20,EB,EB2205,eb2205
65868f78f30b23a817daa079,2022-04-21,2022-05-23,EB,EB2206,eb2206
65868f78f30b23a817daa07a,2022-05-24,2022-06-20,EB,EB2207,eb2207
65868f78f30b23a817daa07b,2022-06-21,2022-07-18,EB,EB2208,eb2208
65868f78f30b23a817daa07c,2022-07-19,2022-08-19,EB,EB2209,eb2209
65868f78f30b23a817daa07d,2022-08-22,2022-09-22,EB,EB2210,eb2210
65868f78f30b23a817daa07e,2022-09-23,2022-10-25,EB,EB2211,eb2211
65868f78f30b23a817daa07f,2022-10-26,2022-11-21,EB,EB2212,eb2212
65868f78f30b23a817daa080,2022-11-22,2022-12-19,EB,EB2301,eb2301
65868f78f30b23a817daa081,2022-12-20,2023-01-16,EB,EB2302,eb2302
65868f78f30b23a817daa082,2023-01-17,2023-02-20,EB,EB2303,eb2303
65868f78f30b23a817daa083,2023-02-21,2023-03-17,EB,EB2304,eb2304
65868f78f30b23a817daa084,2023-03-20,2023-04-18,EB,EB2305,eb2305
65868f78f30b23a817daa085,2023-04-19,2023-05-17,EB,EB2306,eb2306
65868f78f30b23a817daa086,2023-05-18,2023-06-12,EB,EB2307,eb2307
65868f78f30b23a817daa087,2023-06-13,2023-07-12,EB,EB2308,eb2308
65868f78f30b23a817daa088,2023-07-13,2023-08-17,EB,EB2309,eb2309
65868f78f30b23a817daa089,2023-08-18,2023-09-19,EB,EB2310,eb2310
65868f78f30b23a817daa08a,2023-09-20,2023-10-19,EB,EB2311,eb2311
65868f78f30b23a817daa08b,2023-10-20,2023-11-17,EB,EB2312,eb2312
65868f78f30b23a817daa08c,2023-11-20,2023-12-13,EB,EB2401,eb2401
65868f78f30b23a817daa08d,2023-12-14,2024-01-15,EB,EB2402,eb2402
65868f78f30b23a817daa08e,2018-12-10,2019-04-30,EG,EG1906,eg1906
65868f78f30b23a817daa08f,2019-05-06,2019-08-02,EG,EG1909,eg1909
65868f78f30b23a817daa090,2019-08-05,2019-12-05,EG,EG2001,eg2001
65868f78f30b23a817daa091,2019-12-06,2020-04-03,EG,EG2005,eg2005
65868f78f30b23a817daa092,2020-04-07,2020-08-13,EG,EG2009,eg2009
65868f78f30b23a817daa093,2020-08-14,2020-12-04,EG,EG2101,eg2101
65868f78f30b23a817daa094,2020-12-07,2021-03-26,EG,EG2105,eg2105
65868f78f30b23a817daa095,2021-03-29,2021-08-17,EG,EG2109,eg2109
65868f78f30b23a817daa096,2021-08-18,2021-12-14,EG,EG2201,eg2201
65868f78f30b23a817daa097,2021-12-15,2022-04-22,EG,EG2205,eg2205
65868f78f30b23a817daa098,2022-04-25,2022-08-18,EG,EG2209,eg2209
65868f78f30b23a817daa099,2022-08-19,2022-12-16,EG,EG2301,eg2301
65868f78f30b23a817daa09a,2022-12-19,2023-04-14,EG,EG2305,eg2305
65868f78f30b23a817daa09b,2023-04-17,2023-08-17,EG,EG2309,eg2309
65868f78f30b23a817daa09c,2023-08-18,2023-12-14,EG,EG2401,eg2401
65868f78f30b23a817daa09d,2023-12-15,2024-04-18,EG,EG2405,eg2405
65868f78f30b23a817daa09e,2012-12-03,2012-12-03,FG,FG1303,FG303
65868f78f30b23a817daa09f,2012-12-04,2013-01-29,FG,FG1305,FG305
65868f78f30b23a817daa0a0,2013-01-30,2013-06-20,FG,FG1309,FG309
65868f78f30b23a817daa0a1,2013-06-21,2013-10-30,FG,FG1401,FG401
65868f78f30b23a817daa0a2,2013-10-31,2014-03-17,FG,FG1405,FG405
65868f78f30b23a817daa0a3,2014-03-18,2014-07-10,FG,FG1409,FG409
65868f78f30b23a817daa0a4,2014-07-11,2014-11-14,FG,FG1501,FG501
65868f78f30b23a817daa0a5,2014-11-17,2015-04-07,FG,FG1506,FG506
65868f78f30b23a817daa0a6,2015-04-08,2015-08-07,FG,FG1509,FG509
65868f78f30b23a817daa0a7,2015-08-10,2015-12-01,FG,FG1601,FG601
65868f78f30b23a817daa0a8,2015-12-02,2016-04-06,FG,FG1605,FG605
65868f78f30b23a817daa0a9,2016-04-07,2016-08-11,FG,FG1609,FG609
65868f78f30b23a817daa0aa,2016-08-12,2016-12-02,FG,FG1701,FG701
65868f78f30b23a817daa0ab,2016-12-05,2017-04-11,FG,FG1705,FG705
65868f78f30b23a817daa0ac,2017-04-12,2017-08-09,FG,FG1709,FG709
65868f78f30b23a817daa0ad,2017-08-10,2017-11-28,FG,FG1801,FG801
65868f78f30b23a817daa0ae,2017-11-29,2018-04-10,FG,FG1805,FG805
65868f78f30b23a817daa0af,2018-04-11,2018-08-08,FG,FG1809,FG809
65868f78f30b23a817daa0b0,2018-08-09,2018-12-12,FG,FG1901,FG901
65868f78f30b23a817daa0b1,2018-12-13,2019-04-11,FG,FG1905,FG905
65868f78f30b23a817daa0b2,2019-04-12,2019-08-09,FG,FG1909,FG909
65868f78f30b23a817daa0b3,2019-08-12,2019-12-09,FG,FG2001,FG001
65868f78f30b23a817daa0b4,2019-12-10,2020-03-31,FG,FG2005,FG005
65868f78f30b23a817daa0b5,2020-04-01,2020-07-31,FG,FG2009,FG009
65868f78f30b23a817daa0b6,2020-08-03,2020-12-10,FG,FG2101,FG101
65868f78f30b23a817daa0b7,2020-12-11,2021-04-06,FG,FG2105,FG105
65868f78f30b23a817daa0b8,2021-04-07,2021-07-23,FG,FG2109,FG109
65868f78f30b23a817daa0b9,2021-07-26,2021-12-09,FG,FG2201,FG201
65868f78f30b23a817daa0ba,2021-12-10,2022-03-15,FG,FG2205,FG205
65868f78f30b23a817daa0bb,2022-03-16,2022-08-08,FG,FG2209,FG209
65868f78f30b23a817daa0bc,2022-08-09,2022-12-09,FG,FG2301,FG301
65868f78f30b23a817daa0bd,2022-12-12,2023-04-04,FG,FG2305,FG305
65868f78f30b23a817daa0be,2023-04-06,2023-08-07,FG,FG2309,FG309
65868f78f30b23a817daa0bf,2023-08-08,2023-12-05,FG,FG2401,FG401
65868f78f30b23a817daa0c0,2023-12-06,2024-04-01,FG,FG2405,FG405
65868f78f30b23a817daa0e4,2018-07-16,2018-11-19,FU,FU1901,fu1901
65868f78f30b23a817daa0e5,2018-11-20,2019-04-04,FU,FU1905,fu1905
65868f78f30b23a817daa0e6,2019-04-08,2019-07-15,FU,FU1909,fu1909
65868f78f30b23a817daa0e7,2019-07-16,2019-11-27,FU,FU2001,fu2001
65868f78f30b23a817daa0e8,2019-11-28,2020-03-25,FU,FU2005,fu2005
65868f78f30b23a817daa0e9,2020-03-26,2020-08-06,FU,FU2009,fu2009
65868f78f30b23a817daa0ea,2020-08-07,2020-12-04,FU,FU2101,fu2101
65868f78f30b23a817daa0eb,2020-12-07,2021-04-06,FU,FU2105,fu2105
65868f78f30b23a817daa0ec,2021-04-07,2021-08-06,FU,FU2109,fu2109
65868f78f30b23a817daa0ed,2021-08-09,2021-11-30,FU,FU2201,fu2201
65868f78f30b23a817daa0ee,2021-12-01,2022-04-01,FU,FU2205,fu2205
65868f78f30b23a817daa0ef,2022-04-06,2022-07-29,FU,FU2209,fu2209
65868f78f30b23a817daa0f0,2022-08-01,2022-12-05,FU,FU2301,fu2301
65868f78f30b23a817daa0f1,2022-12-06,2023-03-31,FU,FU2305,fu2305
65868f78f30b23a817daa0f2,2023-04-03,2023-08-14,FU,FU2309,fu2309
65868f78f30b23a817daa0f3,2023-08-15,2023-08-29,FU,FU2311,fu2311
65868f78f30b23a817daa0f4,2023-08-30,2023-12-06,FU,FU2401,fu2401
65868f78f30b23a817daa0f5,2023-12-07,2024-01-22,FU,FU2403,fu2403
65868f78f30b23a817daa0f6,2014-03-21,2014-03-21,HC,HC1407,hc1407
65868f78f30b23a817daa0f7,2014-03-24,2014-08-29,HC,HC1410,hc1410
65868f78f30b23a817daa0f8,2014-09-01,2014-12-18,HC,HC1501,hc1501
65868f78f30b23a817daa0f9,2014-12-19,2015-04-07,HC,HC1505,hc1505
65868f78f30b23a817daa0fa,2015-04-08,2015-07-28,HC,HC1510,hc1510
65868f78f30b23a817daa0fb,2015-07-29,2015-11-30,HC,HC1601,hc1601
65868f78f30b23a817daa0fc,2015-12-01,2016-04-13,HC,HC1605,hc1605
65868f78f30b23a817daa0fd,2016-04-14,2016-09-01,HC,HC1610,hc1610
65868f78f30b23a817daa0fe,2016-09-02,2016-11-29,HC,HC1701,hc1701
65868f78f30b23a817daa0ff,2016-11-30,2017-03-28,HC,HC1705,hc1705
65868f78f30b23a817daa100,2017-03-29,2017-08-10,HC,HC1710,hc1710
65868f78f30b23a817daa101,2017-08-11,2017-11-24,HC,HC1801,hc1801
65868f78f30b23a817daa102,2017-11-27,2018-04-04,HC,HC1805,hc1805
65868f78f30b23a817daa103,2018-04-09,2018-08-20,HC,HC1810,hc1810
65868f78f30b23a817daa104,2018-08-21,2018-11-28,HC,HC1901,hc1901
65868f78f30b23a817daa105,2018-11-29,2019-04-09,HC,HC1905,hc1905
65868f78f30b23a817daa106,2019-04-10,2019-08-26,HC,HC1910,hc1910
65868f78f30b23a817daa107,2019-08-27,2019-12-13,HC,HC2001,hc2001
65868f78f30b23a817daa108,2019-12-16,2020-03-25,HC,HC2005,hc2005
65868f78f30b23a817daa109,2020-03-26,2020-09-02,HC,HC2010,hc2010
65868f78f30b23a817daa10a,2020-09-03,2020-12-08,HC,HC2101,hc2101
65868f78f30b23a817daa10b,2020-12-09,2021-04-07,HC,HC2105,hc2105
65868f78f30b23a817daa10c,2021-04-08,2021-08-18,HC,HC2110,hc2110
65868f78f30b23a817daa10d,2021-08-19,2021-12-02,HC,HC2201,hc2201
65868f78f30b23a817daa10e,2021-12-03,2022-03-30,HC,HC2205,hc2205
65868f78f30b23a817daa10f,2022-03-31,2022-08-31,HC,HC2210,hc2210
65868f78f30b23a817daa110,2022-09-01,2022-12-02,HC,HC2301,hc2301
65868f78f30b23a817daa111,2022-12-05,2023-04-04,HC,HC2305,hc2305
65868f78f30b23a817daa112,2023-04-06,2023-08-31,HC,HC2310,hc2310
65868f78f30b23a817daa113,2023-09-01,2023-11-30,HC,HC2401,hc2401
65868f78f30b23a817daa114,2023-12-01,2024-03-28,HC,HC2405,hc2405
65868f78f30b23a817daa115,2013-10-18,2013-10-18,I,I1403,i1403
65868f78f30b23a817daa116,2013-10-21,2014-02-28,I,I1405,i1405
65868f78f30b23a817daa117,2014-03-03,2014-07-22,I,I1409,i1409
65868f78f30b23a817daa118,2014-07-23,2014-10-22,I,I1501,i1501
65868f78f30b23a817daa119,2014-10-23,2015-03-06,I,I1505,i1505
65868f78f30b23a817daa11a,2015-03-09,2015-07-21,I,I1509,i1509
65868f78f30b23a817daa11b,2015-07-22,2015-11-23,I,I1601,i1601
65868f78f30b23a817daa11c,2015-11-24,2016-03-18,I,I1605,i1605
65868f78f30b23a817daa11d,2016-03-21,2016-08-10,I,I1609,i1609
65868f78f30b23a817daa11e,2016-08-11,2016-11-25,I,I1701,i1701
65868f78f30b23a817daa11f,2016-11-28,2017-03-22,I,I1705,i1705
65868f78f30b23a817daa120,2017-03-23,2017-07-31,I,I1709,i1709
65868f78f30b23a817daa121,2017-08-01,2017-11-22,I,I1801,i1801
65868f78f30b23a817daa122,2017-11-23,2018-04-03,I,I1805,i1805
65868f78f30b23a817daa123,2018-04-04,2018-08-07,I,I1809,i1809
65868f78f30b23a817daa124,2018-08-08,2018-11-29,I,I1901,i1901
65868f78f30b23a817daa125,2018-11-30,2019-04-08,I,I1905,i1905
65868f78f30b23a817daa126,2019-04-09,2019-07-31,I,I1909,i1909
65868f78f30b23a817daa127,2019-08-01,2019-12-05,I,I2001,i2001
65868f78f30b23a817daa128,2019-12-06,2020-03-30,I,I2005,i2005
65868f78f30b23a817daa129,2020-03-31,2020-08-10,I,I2009,i2009
65868f78f30b23a817daa12a,2020-08-11,2020-12-04,I,I2101,i2101
65868f78f30b23a817daa12b,2020-12-07,2021-03-31,I,I2105,i2105
65868f78f30b23a817daa12c,2021-04-01,2021-08-04,I,I2109,i2109
65868f78f30b23a817daa12d,2021-08-05,2021-11-30,I,I2201,i2201
65868f78f30b23a817daa12e,2021-12-01,2022-03-28,I,I2205,i2205
65868f78f30b23a817daa12f,2022-03-29,2022-08-05,I,I2209,i2209
65868f78f30b23a817daa130,2022-08-08,2022-12-05,I,I2301,i2301
65868f78f30b23a817daa131,2022-12-06,2023-04-04,I,I2305,i2305
65868f78f30b23a817daa132,2023-04-06,2023-08-03,I,I2309,i2309
65868f78f30b23a817daa133,2023-08-04,2023-12-07,I,I2401,i2401
65868f78f30b23a817daa134,2023-12-08,2024-03-27,I,I2405,i2405
65868f78f30b23a817daa135,2015-04-16,2015-05-13,IC,IC1505,IC1505
65868f78f30b23a817daa136,2015-05-14,2015-06-17,IC,IC1506,IC1506
65868f78f30b23a817daa137,2015-06-18,2015-07-15,IC,IC1507,IC1507
65868f78f30b23a817daa138,2015-07-16,2015-08-19,IC,IC1508,IC1508
65868f78f30b23a817daa139,2015-08-20,2015-09-17,IC,IC1509,IC1509
65868f78f30b23a817daa13a,2015-09-18,2015-10-15,IC,IC1510,IC1510
65868f78f30b23a817daa13b,2015-10-16,2015-11-18,IC,IC1511,IC1511
65868f78f30b23a817daa13c,2015-11-19,2015-12-17,IC,IC1512,IC1512
65868f78f30b23a817daa13d,2015-12-18,2016-01-14,IC,IC1601,IC1601
65868f78f30b23a817daa13e,2016-01-15,2016-02-17,IC,IC1602,IC1602
65868f78f30b23a817daa13f,2016-02-18,2016-03-17,IC,IC1603,IC1603
65868f78f30b23a817daa140,2016-03-18,2016-04-14,IC,IC1604,IC1604
65868f78f30b23a817daa141,2016-04-15,2016-05-18,IC,IC1605,IC1605
65868f78f30b23a817daa142,2016-05-19,2016-06-16,IC,IC1606,IC1606
65868f78f30b23a817daa143,2016-06-17,2016-07-14,IC,IC1607,IC1607
65868f78f30b23a817daa144,2016-07-15,2016-08-17,IC,IC1608,IC1608
65868f78f30b23a817daa145,2016-08-18,2016-09-14,IC,IC1609,IC1609
65868f78f30b23a817daa146,2016-09-19,2016-10-19,IC,IC1610,IC1610
65868f78f30b23a817daa147,2016-10-20,2016-11-14,IC,IC1611,IC1611
65868f78f30b23a817daa148,2016-11-15,2016-12-14,IC,IC1612,IC1612
65868f78f30b23a817daa149,2016-12-15,2017-01-18,IC,IC1701,IC1701
65868f78f30b23a817daa14a,2017-01-19,2017-02-13,IC,IC1702,IC1702
65868f78f30b23a817daa14b,2017-02-14,2017-03-15,IC,IC1703,IC1703
65868f78f30b23a817daa14c,2017-03-16,2017-04-20,IC,IC1704,IC1704
65868f78f30b23a817daa14d,2017-04-21,2017-05-16,IC,IC1705,IC1705
65868f78f30b23a817daa14e,2017-05-17,2017-06-14,IC,IC1706,IC1706
65868f78f30b23a817daa14f,2017-06-15,2017-07-20,IC,IC1707,IC1707
65868f78f30b23a817daa150,2017-07-21,2017-08-15,IC,IC1708,IC1708
65868f78f30b23a817daa151,2017-08-16,2017-09-14,IC,IC1709,IC1709
65868f78f30b23a817daa152,2017-09-15,2017-10-19,IC,IC1710,IC1710
65868f78f30b23a817daa153,2017-10-20,2017-11-14,IC,IC1711,IC1711
65868f78f30b23a817daa154,2017-11-15,2017-12-14,IC,IC1712,IC1712
65868f78f30b23a817daa155,2017-12-15,2018-01-18,IC,IC1801,IC1801
65868f78f30b23a817daa156,2018-01-19,2018-02-09,IC,IC1802,IC1802
65868f78f30b23a817daa157,2018-02-12,2018-03-15,IC,IC1803,IC1803
65868f78f30b23a817daa158,2018-03-16,2018-04-19,IC,IC1804,IC1804
65868f78f30b23a817daa159,2018-04-20,2018-05-15,IC,IC1805,IC1805
65868f78f30b23a817daa15a,2018-05-16,2018-06-13,IC,IC1806,IC1806
65868f78f30b23a817daa15b,2018-06-14,2018-07-19,IC,IC1807,IC1807
65868f78f30b23a817daa15c,2018-07-20,2018-08-13,IC,IC1808,IC1808
65868f78f30b23a817daa15d,2018-08-14,2018-09-19,IC,IC1809,IC1809
65868f78f30b23a817daa15e,2018-09-20,2018-10-18,IC,IC1810,IC1810
65868f78f30b23a817daa15f,2018-10-19,2018-10-31,IC,IC1811,IC1811
65868f78f30b23a817daa160,2018-11-01,2018-12-20,IC,IC1812,IC1812
65868f78f30b23a817daa161,2018-12-21,2019-01-17,IC,IC1901,IC1901
65868f78f30b23a817daa162,2019-01-18,2019-01-31,IC,IC1902,IC1902
65868f78f30b23a817daa163,2019-02-01,2019-03-14,IC,IC1903,IC1903
65868f78f30b23a817daa164,2019-03-15,2019-04-18,IC,IC1904,IC1904
65868f78f30b23a817daa165,2019-04-19,2019-05-15,IC,IC1905,IC1905
65868f78f30b23a817daa166,2019-05-16,2019-06-20,IC,IC1906,IC1906
65868f78f30b23a817daa167,2019-06-21,2019-07-18,IC,IC1907,IC1907
65868f78f30b23a817daa168,2019-07-19,2019-08-13,IC,IC1908,IC1908
65868f78f30b23a817daa169,2019-08-14,2019-09-19,IC,IC1909,IC1909
65868f78f30b23a817daa16a,2019-09-20,2019-10-17,IC,IC1910,IC1910
65868f78f30b23a817daa16b,2019-10-18,2019-11-11,IC,IC1911,IC1911
65868f78f30b23a817daa16c,2019-11-12,2019-12-19,IC,IC1912,IC1912
65868f78f30b23a817daa16d,2019-12-20,2020-01-16,IC,IC2001,IC2001
65868f78f30b23a817daa16e,2020-01-17,2020-02-17,IC,IC2002,IC2002
65868f78f30b23a817daa16f,2020-02-18,2020-03-19,IC,IC2003,IC2003
65868f78f30b23a817daa170,2020-03-20,2020-04-16,IC,IC2004,IC2004
65868f78f30b23a817daa171,2020-04-17,2020-05-13,IC,IC2005,IC2005
65868f78f30b23a817daa172,2020-05-14,2020-06-18,IC,IC2006,IC2006
65868f78f30b23a817daa173,2020-06-19,2020-07-16,IC,IC2007,IC2007
65868f78f30b23a817daa174,2020-07-17,2020-08-18,IC,IC2008,IC2008
65868f78f30b23a817daa175,2020-08-19,2020-09-17,IC,IC2009,IC2009
65868f78f30b23a817daa176,2020-09-18,2020-10-15,IC,IC2010,IC2010
65868f78f30b23a817daa177,2020-10-16,2020-11-11,IC,IC2011,IC2011
65868f78f30b23a817daa178,2020-11-12,2020-12-17,IC,IC2012,IC2012
65868f78f30b23a817daa179,2020-12-18,2021-01-14,IC,IC2101,IC2101
65868f78f30b23a817daa17a,2021-01-15,2021-01-29,IC,IC2102,IC2102
65868f78f30b23a817daa17b,2021-02-01,2021-03-18,IC,IC2103,IC2103
65868f78f30b23a817daa17c,2021-03-19,2021-04-15,IC,IC2104,IC2104
65868f78f30b23a817daa17d,2021-04-16,2021-04-30,IC,IC2105,IC2105
65868f78f30b23a817daa17e,2021-05-06,2021-06-17,IC,IC2106,IC2106
65868f78f30b23a817daa17f,2021-06-18,2021-07-15,IC,IC2107,IC2107
65868f78f30b23a817daa180,2021-07-16,2021-08-03,IC,IC2108,IC2108
65868f78f30b23a817daa181,2021-08-04,2021-09-16,IC,IC2109,IC2109
65868f78f30b23a817daa182,2021-09-17,2021-10-14,IC,IC2110,IC2110
65868f78f30b23a817daa183,2021-10-15,2021-10-29,IC,IC2111,IC2111
65868f78f30b23a817daa184,2021-11-01,2021-12-16,IC,IC2112,IC2112
65868f78f30b23a817daa185,2021-12-17,2022-01-20,IC,IC2201,IC2201
65868f78f30b23a817daa186,2022-01-21,2022-01-28,IC,IC2202,IC2202
65868f78f30b23a817daa187,2022-02-07,2022-03-16,IC,IC2203,IC2203
65868f78f30b23a817daa188,2022-03-17,2022-04-13,IC,IC2204,IC2204
65868f78f30b23a817daa189,2022-04-14,2022-04-29,IC,IC2205,IC2205
65868f78f30b23a817daa18a,2022-05-05,2022-06-15,IC,IC2206,IC2206
65868f78f30b23a817daa18b,2022-06-16,2022-07-14,IC,IC2207,IC2207
65868f78f30b23a817daa18c,2022-07-15,2022-07-29,IC,IC2208,IC2208
65868f78f30b23a817daa18d,2022-08-01,2022-09-15,IC,IC2209,IC2209
65868f78f30b23a817daa18e,2022-09-16,2022-10-20,IC,IC2210,IC2210
65868f78f30b23a817daa18f,2022-10-21,2022-10-31,IC,IC2211,IC2211
65868f78f30b23a817daa190,2022-11-01,2022-12-15,IC,IC2212,IC2212
65868f78f30b23a817daa191,2022-12-16,2023-01-18,IC,IC2301,IC2301
65868f78f30b23a817daa192,2023-01-19,2023-01-31,IC,IC2302,IC2302
65868f78f30b23a817daa193,2023-02-01,2023-03-16,IC,IC2303,IC2303
65868f78f30b23a817daa194,2023-03-17,2023-04-20,IC,IC2304,IC2304
65868f78f30b23a817daa195,2023-04-21,2023-04-28,IC,IC2305,IC2305
65868f78f30b23a817daa196,2023-05-04,2023-06-15,IC,IC2306,IC2306
65868f78f30b23a817daa197,2023-06-16,2023-07-19,IC,IC2307,IC2307
65868f78f30b23a817daa198,2023-07-20,2023-07-31,IC,IC2308,IC2308
65868f78f30b23a817daa199,2023-08-01,2023-09-14,IC,IC2309,IC2309
65868f78f30b23a817daa19a,2023-09-15,2023-10-18,IC,IC2310,IC2310
65868f78f30b23a817daa19b,2023-10-19,2023-10-31,IC,IC2311,IC2311
65868f78f30b23a817daa19c,2023-11-01,2023-12-13,IC,IC2312,IC2312
65868f78f30b23a817daa19d,2023-12-14,2024-01-18,IC,IC2401,IC2401
65868f79f30b23a817daa19e,2010-04-16,2010-05-17,IF,IF1005,IF1005
65868f79f30b23a817daa19f,2010-05-18,2010-06-17,IF,IF1006,IF1006
65868f79f30b23a817daa1a0,2010-06-18,2010-07-14,IF,IF1007,IF1007
65868f79f30b23a817daa1a1,2010-07-15,2010-08-17,IF,IF1008,IF1008
65868f79f30b23a817daa1a2,2010-08-18,2010-09-16,IF,IF1009,IF1009
65868f79f30b23a817daa1a3,2010-09-17,2010-10-14,IF,IF1010,IF1010
65868f79f30b23a817daa1a4,2010-10-15,2010-11-11,IF,IF1011,IF1011
65868f79f30b23a817daa1a5,2010-11-12,2010-12-15,IF,IF1012,IF1012
65868f79f30b23a817daa1a6,2010-12-16,2011-01-19,IF,IF1101,IF1101
65868f79f30b23a817daa1a7,2011-01-20,2011-02-14,IF,IF1102,IF1102
65868f79f30b23a817daa1a8,2011-02-15,2011-03-16,IF,IF1103,IF1103
65868f79f30b23a817daa1a9,2011-03-17,2011-04-13,IF,IF1104,IF1104
65868f79f30b23a817daa1aa,2011-04-14,2011-05-17,IF,IF1105,IF1105
65868f79f30b23a817daa1ab,2011-05-18,2011-06-16,IF,IF1106,IF1106
65868f79f30b23a817daa1ac,2011-06-17,2011-07-14,IF,IF1107,IF1107
65868f79f30b23a817daa1ad,2011-07-15,2011-08-15,IF,IF1108,IF1108
65868f79f30b23a817daa1ae,2011-08-16,2011-09-15,IF,IF1109,IF1109
65868f79f30b23a817daa1af,2011-09-16,2011-10-18,IF,IF1110,IF1110
65868f79f30b23a817daa1b0,2011-10-19,2011-11-15,IF,IF1111,IF1111
65868f79f30b23a817daa1b1,2011-11-16,2011-12-15,IF,IF1112,IF1112
65868f79f30b23a817daa1b2,2011-12-16,2012-01-17,IF,IF1201,IF1201
65868f79f30b23a817daa1b3,2012-01-18,2012-02-14,IF,IF1202,IF1202
65868f79f30b23a817daa1b4,2012-02-15,2012-03-14,IF,IF1203,IF1203
65868f79f30b23a817daa1b5,2012-03-15,2012-04-17,IF,IF1204,IF1204
65868f79f30b23a817daa1b6,2012-04-18,2012-05-15,IF,IF1205,IF1205
65868f79f30b23a817daa1b7,2012-05-16,2012-06-12,IF,IF1206,IF1206
65868f79f30b23a817daa1b8,2012-06-13,2012-07-18,IF,IF1207,IF1207
65868f79f30b23a817daa1b9,2012-07-19,2012-08-15,IF,IF1208,IF1208
65868f79f30b23a817daa1ba,2012-08-16,2012-09-18,IF,IF1209,IF1209
65868f79f30b23a817daa1bb,2012-09-19,2012-10-17,IF,IF1210,IF1210
65868f79f30b23a817daa1bc,2012-10-18,2012-11-14,IF,IF1211,IF1211
65868f79f30b23a817daa1bd,2012-11-15,2012-12-17,IF,IF1212,IF1212
65868f79f30b23a817daa1be,2012-12-18,2013-01-16,IF,IF1301,IF1301
65868f79f30b23a817daa1bf,2013-01-17,2013-02-04,IF,IF1302,IF1302
65868f79f30b23a817daa1c0,2013-02-05,2013-03-14,IF,IF1303,IF1303
65868f79f30b23a817daa1c1,2013-03-15,2013-04-17,IF,IF1304,IF1304
65868f79f30b23a817daa1c2,2013-04-18,2013-05-10,IF,IF1305,IF1305
65868f79f30b23a817daa1c3,2013-05-13,2013-06-18,IF,IF1306,IF1306
65868f79f30b23a817daa1c4,2013-06-19,2013-07-17,IF,IF1307,IF1307
65868f79f30b23a817daa1c5,2013-07-18,2013-08-13,IF,IF1308,IF1308
65868f79f30b23a817daa1c6,2013-08-14,2013-09-17,IF,IF1309,IF1309
65868f79f30b23a817daa1c7,2013-09-18,2013-10-17,IF,IF1310,IF1310
65868f79f30b23a817daa1c8,2013-10-18,2013-11-13,IF,IF1311,IF1311
65868f79f30b23a817daa1c9,2013-11-14,2013-12-19,IF,IF1312,IF1312
65868f79f30b23a817daa1ca,2013-12-20,2014-01-16,IF,IF1401,IF1401
65868f79f30b23a817daa1cb,2014-01-17,2014-02-17,IF,IF1402,IF1402
65868f79f30b23a817daa1cc,2014-02-18,2014-03-19,IF,IF1403,IF1403
65868f79f30b23a817daa1cd,2014-03-20,2014-04-17,IF,IF1404,IF1404
65868f79f30b23a817daa1ce,2014-04-18,2014-05-13,IF,IF1405,IF1405
65868f79f30b23a817daa1cf,2014-05-14,2014-06-17,IF,IF1406,IF1406
65868f79f30b23a817daa1d0,2014-06-18,2014-07-17,IF,IF1407,IF1407
65868f79f30b23a817daa1d1,2014-07-18,2014-08-13,IF,IF1408,IF1408
65868f79f30b23a817daa1d2,2014-08-14,2014-09-17,IF,IF1409,IF1409
65868f79f30b23a817daa1d3,2014-09-18,2014-10-16,IF,IF1410,IF1410
65868f79f30b23a817daa1d4,2014-10-17,2014-11-18,IF,IF1411,IF1411
65868f79f30b23a817daa1d5,2014-11-19,2014-12-16,IF,IF1412,IF1412
65868f79f30b23a817daa1d6,2014-12-17,2015-01-15,IF,IF1501,IF1501
65868f79f30b23a817daa1d7,2015-01-16,2015-02-12,IF,IF1502,IF1502
65868f79f30b23a817daa1d8,2015-02-13,2015-03-18,IF,IF1503,IF1503
65868f79f30b23a817daa1d9,2015-03-19,2015-04-16,IF,IF1504,IF1504
65868f79f30b23a817daa1da,2015-04-17,2015-05-12,IF,IF1505,IF1505
65868f79f30b23a817daa1db,2015-05-13,2015-06-17,IF,IF1506,IF1506
65868f79f30b23a817daa1dc,2015-06-18,2015-07-16,IF,IF1507,IF1507
65868f79f30b23a817daa1dd,2015-07-17,2015-08-18,IF,IF1508,IF1508
65868f79f30b23a817daa1de,2015-08-19,2015-09-17,IF,IF1509,IF1509
65868f79f30b23a817daa1df,2015-09-18,2015-10-15,IF,IF1510,IF1510
65868f79f30b23a817daa1e0,2015-10-16,2015-11-16,IF,IF1511,IF1511
65868f79f30b23a817daa1e1,2015-11-17,2015-12-17,IF,IF1512,IF1512
65868f79f30b23a817daa1e2,2015-12-18,2016-01-14,IF,IF1601,IF1601
65868f79f30b23a817daa1e3,2016-01-15,2016-02-16,IF,IF1602,IF1602
65868f79f30b23a817daa1e4,2016-02-17,2016-03-17,IF,IF1603,IF1603
65868f79f30b23a817daa1e5,2016-03-18,2016-04-14,IF,IF1604,IF1604
65868f79f30b23a817daa1e6,2016-04-15,2016-05-17,IF,IF1605,IF1605
65868f79f30b23a817daa1e7,2016-05-18,2016-06-15,IF,IF1606,IF1606
65868f79f30b23a817daa1e8,2016-06-16,2016-07-13,IF,IF1607,IF1607
65868f79f30b23a817daa1e9,2016-07-14,2016-08-16,IF,IF1608,IF1608
65868f79f30b23a817daa1ea,2016-08-17,2016-09-13,IF,IF1609,IF1609
65868f79f30b23a817daa1eb,2016-09-14,2016-10-19,IF,IF1610,IF1610
65868f79f30b23a817daa1ec,2016-10-20,2016-11-15,IF,IF1611,IF1611
65868f79f30b23a817daa1ed,2016-11-16,2016-12-14,IF,IF1612,IF1612
65868f79f30b23a817daa1ee,2016-12-15,2017-01-18,IF,IF1701,IF1701
65868f79f30b23a817daa1ef,2017-01-19,2017-02-13,IF,IF1702,IF1702
65868f79f30b23a817daa1f0,2017-02-14,2017-03-15,IF,IF1703,IF1703
65868f79f30b23a817daa1f1,2017-03-16,2017-04-19,IF,IF1704,IF1704
65868f79f30b23a817daa1f2,2017-04-20,2017-05-16,IF,IF1705,IF1705
65868f79f30b23a817daa1f3,2017-05-17,2017-06-15,IF,IF1706,IF1706
65868f79f30b23a817daa1f4,2017-06-16,2017-07-20,IF,IF1707,IF1707
65868f79f30b23a817daa1f5,2017-07-21,2017-08-15,IF,IF1708,IF1708
65868f79f30b23a817daa1f6,2017-08-16,2017-09-14,IF,IF1709,IF1709
65868f79f30b23a817daa1f7,2017-09-15,2017-10-19,IF,IF1710,IF1710
65868f79f30b23a817daa1f8,2017-10-20,2017-11-14,IF,IF1711,IF1711
65868f79f30b23a817daa1f9,2017-11-15,2017-12-13,IF,IF1712,IF1712
65868f79f30b23a817daa1fa,2017-12-14,2018-01-18,IF,IF1801,IF1801
65868f79f30b23a817daa1fb,2018-01-19,2018-02-08,IF,IF1802,IF1802
65868f79f30b23a817daa1fc,2018-02-09,2018-03-15,IF,IF1803,IF1803
65868f79f30b23a817daa1fd,2018-03-16,2018-04-19,IF,IF1804,IF1804
65868f79f30b23a817daa1fe,2018-04-20,2018-05-15,IF,IF1805,IF1805
65868f79f30b23a817daa1ff,2018-05-16,2018-06-14,IF,IF1806,IF1806
65868f79f30b23a817daa200,2018-06-15,2018-07-19,IF,IF1807,IF1807
65868f79f30b23a817daa201,2018-07-20,2018-08-14,IF,IF1808,IF1808
65868f79f30b23a817daa202,2018-08-15,2018-09-20,IF,IF1809,IF1809
65868f79f30b23a817daa203,2018-09-21,2018-10-18,IF,IF1810,IF1810
65868f79f30b23a817daa204,2018-10-19,2018-11-13,IF,IF1811,IF1811
65868f79f30b23a817daa205,2018-11-14,2018-12-20,IF,IF1812,IF1812
65868f79f30b23a817daa206,2018-12-21,2019-01-17,IF,IF1901,IF1901
65868f79f30b23a817daa207,2019-01-18,2019-02-11,IF,IF1902,IF1902
65868f79f30b23a817daa208,2019-02-12,2019-03-14,IF,IF1903,IF1903
65868f79f30b23a817daa209,2019-03-15,2019-04-18,IF,IF1904,IF1904
65868f79f30b23a817daa20a,2019-04-19,2019-05-15,IF,IF1905,IF1905
65868f79f30b23a817daa20b,2019-05-16,2019-06-20,IF,IF1906,IF1906
65868f79f30b23a817daa20c,2019-06-21,2019-07-18,IF,IF1907,IF1907
65868f79f30b23a817daa20d,2019-07-19,2019-08-14,IF,IF1908,IF1908
65868f79f30b23a817daa20e,2019-08-15,2019-09-19,IF,IF1909,IF1909
65868f79f30b23a817daa20f,2019-09-20,2019-10-17,IF,IF1910,IF1910
65868f79f30b23a817daa210,2019-10-18,2019-11-13,IF,IF1911,IF1911
65868f79f30b23a817daa211,2019-11-14,2019-12-19,IF,IF1912,IF1912
65868f79f30b23a817daa212,2019-12-20,2020-01-16,IF,IF2001,IF2001
65868f79f30b23a817daa213,2020-01-17,2020-02-17,IF,IF2002,IF2002
65868f79f30b23a817daa214,2020-02-18,2020-03-19,IF,IF2003,IF2003
65868f79f30b23a817daa215,2020-03-20,2020-04-16,IF,IF2004,IF2004
65868f79f30b23a817daa216,2020-04-17,2020-05-13,IF,IF2005,IF2005
65868f79f30b23a817daa217,2020-05-14,2020-06-18,IF,IF2006,IF2006
65868f79f30b23a817daa218,2020-06-19,2020-07-16,IF,IF2007,IF2007
65868f79f30b23a817daa219,2020-07-17,2020-08-18,IF,IF2008,IF2008
65868f79f30b23a817daa21a,2020-08-19,2020-09-17,IF,IF2009,IF2009
65868f79f30b23a817daa21b,2020-09-18,2020-10-15,IF,IF2010,IF2010
65868f79f30b23a817daa21c,2020-10-16,2020-11-02,IF,IF2011,IF2011
65868f79f30b23a817daa21d,2020-11-03,2020-12-17,IF,IF2012,IF2012
65868f79f30b23a817daa21e,2020-12-18,2021-01-14,IF,IF2101,IF2101
65868f79f30b23a817daa21f,2021-01-15,2021-01-29,IF,IF2102,IF2102
65868f79f30b23a817daa220,2021-02-01,2021-03-18,IF,IF2103,IF2103
65868f79f30b23a817daa221,2021-03-19,2021-04-15,IF,IF2104,IF2104
65868f79f30b23a817daa222,2021-04-16,2021-05-13,IF,IF2105,IF2105
65868f79f30b23a817daa223,2021-05-14,2021-06-17,IF,IF2106,IF2106
65868f79f30b23a817daa224,2021-06-18,2021-07-15,IF,IF2107,IF2107
65868f79f30b23a817daa225,2021-07-16,2021-08-12,IF,IF2108,IF2108
65868f79f30b23a817daa226,2021-08-13,2021-09-16,IF,IF2109,IF2109
65868f79f30b23a817daa227,2021-09-17,2021-10-14,IF,IF2110,IF2110
65868f79f30b23a817daa228,2021-10-15,2021-10-29,IF,IF2111,IF2111
65868f79f30b23a817daa229,2021-11-01,2021-12-16,IF,IF2112,IF2112
65868f79f30b23a817daa22a,2021-12-17,2022-01-20,IF,IF2201,IF2201
65868f79f30b23a817daa22b,2022-01-21,2022-01-28,IF,IF2202,IF2202
65868f79f30b23a817daa22c,2022-02-07,2022-03-17,IF,IF2203,IF2203
65868f79f30b23a817daa22d,2022-03-18,2022-04-14,IF,IF2204,IF2204
65868f79f30b23a817daa22e,2022-04-15,2022-05-13,IF,IF2205,IF2205
65868f79f30b23a817daa22f,2022-05-16,2022-06-16,IF,IF2206,IF2206
65868f79f30b23a817daa230,2022-06-17,2022-07-14,IF,IF2207,IF2207
65868f79f30b23a817daa231,2022-07-15,2022-07-29,IF,IF2208,IF2208
65868f79f30b23a817daa232,2022-08-01,2022-09-15,IF,IF2209,IF2209
65868f79f30b23a817daa233,2022-09-16,2022-10-20,IF,IF2210,IF2210
65868f79f30b23a817daa234,2022-10-21,2022-10-31,IF,IF2211,IF2211
65868f79f30b23a817daa235,2022-11-01,2022-12-15,IF,IF2212,IF2212
65868f79f30b23a817daa236,2022-12-16,2023-01-19,IF,IF2301,IF2301
65868f79f30b23a817daa237,2023-01-20,2023-01-31,IF,IF2302,IF2302
65868f79f30b23a817daa238,2023-02-01,2023-03-16,IF,IF2303,IF2303
65868f79f30b23a817daa239,2023-03-17,2023-04-20,IF,IF2304,IF2304
65868f79f30b23a817daa23a,2023-04-21,2023-04-28,IF,IF2305,IF2305
65868f79f30b23a817daa23b,2023-05-04,2023-06-15,IF,IF2306,IF2306
65868f79f30b23a817daa23c,2023-06-16,2023-07-20,IF,IF2307,IF2307
65868f79f30b23a817daa23d,2023-07-21,2023-07-31,IF,IF2308,IF2308
65868f79f30b23a817daa23e,2023-08-01,2023-09-14,IF,IF2309,IF2309
65868f79f30b23a817daa23f,2023-09-15,2023-10-19,IF,IF2310,IF2310
65868f79f30b23a817daa240,2023-10-20,2023-10-31,IF,IF2311,IF2311
65868f79f30b23a817daa241,2023-11-01,2023-12-14,IF,IF2312,IF2312
65868f79f30b23a817daa242,2023-12-15,2024-01-18,IF,IF2401,IF2401
65868f79f30b23a817daa243,2015-04-16,2015-05-14,IH,IH1505,IH1505
65868f79f30b23a817daa244,2015-05-15,2015-06-18,IH,IH1506,IH1506
65868f79f30b23a817daa245,2015-06-19,2015-07-16,IH,IH1507,IH1507
65868f79f30b23a817daa246,2015-07-17,2015-08-19,IH,IH1508,IH1508
65868f79f30b23a817daa247,2015-08-20,2015-09-17,IH,IH1509,IH1509
65868f79f30b23a817daa248,2015-09-18,2015-10-16,IH,IH1510,IH1510
65868f79f30b23a817daa249,2015-10-19,2015-11-13,IH,IH1511,IH1511
65868f79f30b23a817daa24a,2015-11-16,2015-12-16,IH,IH1512,IH1512
65868f79f30b23a817daa24b,2015-12-17,2016-01-14,IH,IH1601,IH1601
65868f79f30b23a817daa24c,2016-01-15,2016-02-16,IH,IH1602,IH1602
65868f79f30b23a817daa24d,2016-02-17,2016-03-17,IH,IH1603,IH1603
65868f79f30b23a817daa24e,2016-03-18,2016-04-14,IH,IH1604,IH1604
65868f79f30b23a817daa24f,2016-04-15,2016-05-17,IH,IH1605,IH1605
65868f79f30b23a817daa250,2016-05-18,2016-06-15,IH,IH1606,IH1606
65868f79f30b23a817daa251,2016-06-16,2016-07-14,IH,IH1607,IH1607
65868f79f30b23a817daa252,2016-07-15,2016-08-16,IH,IH1608,IH1608
65868f79f30b23a817daa253,2016-08-17,2016-09-13,IH,IH1609,IH1609
65868f79f30b23a817daa254,2016-09-14,2016-10-19,IH,IH1610,IH1610
65868f79f30b23a817daa255,2016-10-20,2016-11-14,IH,IH1611,IH1611
65868f79f30b23a817daa256,2016-11-15,2016-12-14,IH,IH1612,IH1612
65868f79f30b23a817daa257,2016-12-15,2017-01-18,IH,IH1701,IH1701
65868f79f30b23a817daa258,2017-01-19,2017-02-13,IH,IH1702,IH1702
65868f79f30b23a817daa259,2017-02-14,2017-03-15,IH,IH1703,IH1703
65868f79f30b23a817daa25a,2017-03-16,2017-04-19,IH,IH1704,IH1704
65868f79f30b23a817daa25b,2017-04-20,2017-05-16,IH,IH1705,IH1705
65868f79f30b23a817daa25c,2017-05-17,2017-06-14,IH,IH1706,IH1706
65868f79f30b23a817daa25d,2017-06-15,2017-07-20,IH,IH1707,IH1707
65868f79f30b23a817daa25e,2017-07-21,2017-08-15,IH,IH1708,IH1708
65868f79f30b23a817daa25f,2017-08-16,2017-09-14,IH,IH1709,IH1709
65868f79f30b23a817daa260,2017-09-15,2017-10-19,IH,IH1710,IH1710
65868f79f30b23a817daa261,2017-10-20,2017-11-15,IH,IH1711,IH1711
65868f79f30b23a817daa262,2017-11-16,2017-12-14,IH,IH1712,IH1712
65868f79f30b23a817daa263,2017-12-15,2018-01-18,IH,IH1801,IH1801
65868f79f30b23a817daa264,2018-01-19,2018-02-12,IH,IH1802,IH1802
65868f79f30b23a817daa265,2018-02-13,2018-03-15,IH,IH1803,IH1803
65868f79f30b23a817daa266,2018-03-16,2018-04-19,IH,IH1804,IH1804
65868f79f30b23a817daa267,2018-04-20,2018-05-16,IH,IH1805,IH1805
65868f79f30b23a817daa268,2018-05-17,2018-06-14,IH,IH1806,IH1806
65868f79f30b23a817daa269,2018-06-15,2018-07-19,IH,IH1807,IH1807
65868f79f30b23a817daa26a,2018-07-20,2018-08-15,IH,IH1808,IH1808
65868f79f30b23a817daa26b,2018-08-16,2018-09-20,IH,IH1809,IH1809
65868f79f30b23a817daa26c,2018-09-21,2018-10-18,IH,IH1810,IH1810
65868f79f30b23a817daa26d,2018-10-19,2018-11-14,IH,IH1811,IH1811
65868f79f30b23a817daa26e,2018-11-15,2018-12-20,IH,IH1812,IH1812
65868f79f30b23a817daa26f,2018-12-21,2019-01-17,IH,IH1901,IH1901
65868f79f30b23a817daa270,2019-01-18,2019-02-13,IH,IH1902,IH1902
65868f79f30b23a817daa271,2019-02-14,2019-03-14,IH,IH1903,IH1903
65868f79f30b23a817daa272,2019-03-15,2019-04-18,IH,IH1904,IH1904
65868f79f30b23a817daa273,2019-04-19,2019-05-16,IH,IH1905,IH1905
65868f79f30b23a817daa274,2019-05-17,2019-06-20,IH,IH1906,IH1906
65868f79f30b23a817daa275,2019-06-21,2019-07-18,IH,IH1907,IH1907
65868f79f30b23a817daa276,2019-07-19,2019-08-14,IH,IH1908,IH1908
65868f79f30b23a817daa277,2019-08-15,2019-09-19,IH,IH1909,IH1909
65868f79f30b23a817daa278,2019-09-20,2019-10-17,IH,IH1910,IH1910
65868f79f30b23a817daa279,2019-10-18,2019-11-12,IH,IH1911,IH1911
65868f79f30b23a817daa27a,2019-11-13,2019-12-19,IH,IH1912,IH1912
65868f79f30b23a817daa27b,2019-12-20,2020-01-16,IH,IH2001,IH2001
65868f79f30b23a817daa27c,2020-01-17,2020-02-13,IH,IH2002,IH2002
65868f79f30b23a817daa27d,2020-02-14,2020-03-19,IH,IH2003,IH2003
65868f79f30b23a817daa27e,2020-03-20,2020-04-16,IH,IH2004,IH2004
65868f79f30b23a817daa27f,2020-04-17,2020-05-12,IH,IH2005,IH2005
65868f79f30b23a817daa280,2020-05-13,2020-06-18,IH,IH2006,IH2006
65868f79f30b23a817daa281,2020-06-19,2020-07-16,IH,IH2007,IH2007
65868f79f30b23a817daa282,2020-07-17,2020-08-18,IH,IH2008,IH2008
65868f79f30b23a817daa283,2020-08-19,2020-09-17,IH,IH2009,IH2009
65868f79f30b23a817daa284,2020-09-18,2020-10-15,IH,IH2010,IH2010
65868f79f30b23a817daa285,2020-10-16,2020-11-02,IH,IH2011,IH2011
65868f79f30b23a817daa286,2020-11-03,2020-12-17,IH,IH2012,IH2012
65868f79f30b23a817daa287,2020-12-18,2021-01-14,IH,IH2101,IH2101
65868f79f30b23a817daa288,2021-01-15,2021-02-08,IH,IH2102,IH2102
65868f79f30b23a817daa289,2021-02-09,2021-03-18,IH,IH2103,IH2103
65868f79f30b23a817daa28a,2021-03-19,2021-04-15,IH,IH2104,IH2104
65868f79f30b23a817daa28b,2021-04-16,2021-05-17,IH,IH2105,IH2105
65868f79f30b23a817daa28c,2021-05-18,2021-06-17,IH,IH2106,IH2106
65868f79f30b23a817daa28d,2021-06-18,2021-07-15,IH,IH2107,IH2107
65868f79f30b23a817daa28e,2021-07-16,2021-08-17,IH,IH2108,IH2108
65868f79f30b23a817daa28f,2021-08-18,2021-09-16,IH,IH2109,IH2109
65868f79f30b23a817daa290,2021-09-17,2021-10-14,IH,IH2110,IH2110
65868f79f30b23a817daa291,2021-10-15,2021-11-16,IH,IH2111,IH2111
65868f79f30b23a817daa292,2021-11-17,2021-12-16,IH,IH2112,IH2112
65868f79f30b23a817daa293,2021-12-17,2022-01-20,IH,IH2201,IH2201
65868f79f30b23a817daa294,2022-01-21,2022-01-28,IH,IH2202,IH2202
65868f79f30b23a817daa295,2022-02-07,2022-03-17,IH,IH2203,IH2203
65868f79f30b23a817daa296,2022-03-18,2022-04-14,IH,IH2204,IH2204
65868f79f30b23a817daa297,2022-04-15,2022-05-11,IH,IH2205,IH2205
65868f79f30b23a817daa298,2022-05-12,2022-06-16,IH,IH2206,IH2206
65868f79f30b23a817daa299,2022-06-17,2022-07-14,IH,IH2207,IH2207
65868f79f30b23a817daa29a,2022-07-15,2022-08-05,IH,IH2208,IH2208
65868f79f30b23a817daa29b,2022-08-08,2022-09-15,IH,IH2209,IH2209
65868f79f30b23a817daa29c,2022-09-16,2022-10-20,IH,IH2210,IH2210
65868f79f30b23a817daa29d,2022-10-21,2022-10-31,IH,IH2211,IH2211
65868f79f30b23a817daa29e,2022-11-01,2022-12-15,IH,IH2212,IH2212
65868f79f30b23a817daa29f,2022-12-16,2023-01-19,IH,IH2301,IH2301
65868f79f30b23a817daa2a0,2023-01-20,2023-01-31,IH,IH2302,IH2302
65868f79f30b23a817daa2a1,2023-02-01,2023-03-16,IH,IH2303,IH2303
65868f79f30b23a817daa2a2,2023-03-17,2023-04-20,IH,IH2304,IH2304
65868f79f30b23a817daa2a3,2023-04-21,2023-04-28,IH,IH2305,IH2305
65868f79f30b23a817daa2a4,2023-05-04,2023-06-15,IH,IH2306,IH2306
65868f79f30b23a817daa2a5,2023-06-16,2023-07-20,IH,IH2307,IH2307
65868f79f30b23a817daa2a6,2023-07-21,2023-07-31,IH,IH2308,IH2308
65868f79f30b23a817daa2a7,2023-08-01,2023-09-14,IH,IH2309,IH2309
65868f79f30b23a817daa2a8,2023-09-15,2023-10-19,IH,IH2310,IH2310
65868f79f30b23a817daa2a9,2023-10-20,2023-10-31,IH,IH2311,IH2311
65868f79f30b23a817daa2aa,2023-11-01,2023-12-14,IH,IH2312,IH2312
65868f79f30b23a817daa2ab,2023-12-15,2024-01-18,IH,IH2401,IH2401
65868f79f30b23a817daa2af,2012-04-16,2012-07-17,J,J1209,j1209
65868f79f30b23a817daa2b0,2012-07-18,2012-10-24,J,J1301,j1301
65868f79f30b23a817daa2b1,2012-10-25,2013-02-06,J,J1305,j1305
65868f79f30b23a817daa2b2,2013-02-07,2013-06-20,J,J1309,j1309
65868f79f30b23a817daa2b3,2013-06-21,2013-10-29,J,J1401,j1401
65868f79f30b23a817daa2b4,2013-10-30,2014-03-10,J,J1405,j1405
65868f79f30b23a817daa2b5,2014-03-11,2014-07-22,J,J1409,j1409
65868f79f30b23a817daa2b6,2014-07-23,2014-11-24,J,J1501,j1501
65868f79f30b23a817daa2b7,2014-11-25,2015-03-27,J,J1505,j1505
65868f79f30b23a817daa2b8,2015-03-30,2015-08-11,J,J1509,j1509
65868f79f30b23a817daa2b9,2015-08-12,2015-11-25,J,J1601,j1601
65868f79f30b23a817daa2ba,2015-11-26,2016-03-25,J,J1605,j1605
65868f79f30b23a817daa2bb,2016-03-28,2016-08-15,J,J1609,j1609
65868f79f30b23a817daa2bc,2016-08-16,2016-12-02,J,J1701,j1701
65868f79f30b23a817daa2bd,2016-12-05,2017-03-31,J,J1705,j1705
65868f79f30b23a817daa2be,2017-04-05,2017-08-02,J,J1709,j1709
65868f79f30b23a817daa2bf,2017-08-03,2017-11-29,J,J1801,j1801
65868f79f30b23a817daa2c0,2017-11-30,2018-04-10,J,J1805,j1805
65868f79f30b23a817daa2c1,2018-04-11,2018-08-07,J,J1809,j1809
65868f79f30b23a817daa2c2,2018-08-08,2018-12-05,J,J1901,j1901
65868f79f30b23a817daa2c3,2018-12-06,2019-04-04,J,J1905,j1905
65868f79f30b23a817daa2c4,2019-04-08,2019-08-06,J,J1909,j1909
65868f79f30b23a817daa2c5,2019-08-07,2019-12-11,J,J2001,j2001
65868f79f30b23a817daa2c6,2019-12-12,2020-03-30,J,J2005,j2005
65868f79f30b23a817daa2c7,2020-03-31,2020-08-18,J,J2009,j2009
65868f79f30b23a817daa2c8,2020-08-19,2020-12-10,J,J2101,j2101
65868f79f30b23a817daa2c9,2020-12-11,2021-04-15,J,J2105,j2105
65868f79f30b23a817daa2ca,2021-04-16,2021-08-13,J,J2109,j2109
65868f79f30b23a817daa2cb,2021-08-16,2021-11-30,J,J2201,j2201
65868f79f30b23a817daa2cc,2021-12-01,2022-04-18,J,J2205,j2205
65868f79f30b23a817daa2cd,2022-04-19,2022-08-19,J,J2209,j2209
65868f79f30b23a817daa2ce,2022-08-22,2022-12-14,J,J2301,j2301
65868f79f30b23a817daa2cf,2022-12-15,2023-04-12,J,J2305,j2305
65868f79f30b23a817daa2d0,2023-04-13,2023-08-14,J,J2309,j2309
65868f79f30b23a817daa2d1,2023-08-15,2023-12-14,J,J2401,j2401
65868f79f30b23a817daa2d2,2023-12-15,2024-04-12,J,J2405,j2405
65868f79f30b23a817daa2d3,2013-11-08,2013-11-08,JD,JD1403,jd1403
65868f79f30b23a817daa2d4,2013-11-11,2014-03-17,JD,JD1405,jd1405
65868f79f30b23a817daa2d5,2014-03-18,2014-07-29,JD,JD1409,jd1409
65868f79f30b23a817daa2d6,2014-07-30,2014-11-28,JD,JD1501,jd1501
65868f79f30b23a817daa2d7,2014-12-01,2015-04-01,JD,JD1505,jd1505
65868f79f30b23a817daa2d8,2015-04-02,2015-08-03,JD,JD1509,jd1509
65868f79f30b23a817daa2d9,2015-08-04,2015-11-26,JD,JD1601,jd1601
65868f79f30b23a817daa2da,2015-11-27,2016-03-24,JD,JD1605,jd1605
65868f79f30b23a817daa2db,2016-03-25,2016-07-29,JD,JD1609,jd1609
65868f79f30b23a817daa2dc,2016-08-01,2016-11-29,JD,JD1701,jd1701
65868f79f30b23a817daa2dd,2016-11-30,2017-04-12,JD,JD1705,jd1705
65868f79f30b23a817daa2de,2017-04-13,2017-08-02,JD,JD1709,jd1709
65868f79f30b23a817daa2df,2017-08-03,2017-11-30,JD,JD1801,jd1801
65868f79f30b23a817daa2e0,2017-12-01,2018-04-09,JD,JD1805,jd1805
65868f79f30b23a817daa2e1,2018-04-10,2018-08-06,JD,JD1809,jd1809
65868f79f30b23a817daa2e2,2018-08-07,2018-12-07,JD,JD1901,jd1901
65868f79f30b23a817daa2e3,2018-12-10,2019-04-04,JD,JD1905,jd1905
65868f79f30b23a817daa2e4,2019-04-08,2019-08-05,JD,JD1909,jd1909
65868f79f30b23a817daa2e5,2019-08-06,2019-12-02,JD,JD2001,jd2001
65868f79f30b23a817daa2e6,2019-12-03,2020-04-10,JD,JD2005,jd2005
65868f79f30b23a817daa2e7,2020-04-13,2020-05-27,JD,JD2006,jd2006
65868f79f30b23a817daa2e8,2020-05-28,2020-06-12,JD,JD2007,jd2007
65868f79f30b23a817daa2e9,2020-06-15,2020-08-14,JD,JD2009,jd2009
65868f79f30b23a817daa2ea,2020-08-17,2020-09-21,JD,JD2010,jd2010
65868f79f30b23a817daa2eb,2020-09-22,2020-10-19,JD,JD2011,jd2011
65868f79f30b23a817daa2ec,2020-10-20,2020-12-07,JD,JD2101,jd2101
65868f79f30b23a817daa2ed,2020-12-08,2021-04-13,JD,JD2105,jd2105
65868f79f30b23a817daa2ee,2021-04-14,2021-08-12,JD,JD2109,jd2109
65868f79f30b23a817daa2ef,2021-08-13,2021-12-09,JD,JD2201,jd2201
65868f79f30b23a817daa2f0,2021-12-10,2022-03-31,JD,JD2205,jd2205
65868f79f30b23a817daa2f1,2022-04-01,2022-08-11,JD,JD2209,jd2209
65868f79f30b23a817daa2f2,2022-08-12,2022-12-12,JD,JD2301,jd2301
65868f79f30b23a817daa2f3,2022-12-13,2023-04-12,JD,JD2305,jd2305
65868f79f30b23a817daa2f4,2023-04-13,2023-08-14,JD,JD2309,jd2309
65868f79f30b23a817daa2f5,2023-08-15,2023-09-04,JD,JD2310,jd2310
65868f79f30b23a817daa2f6,2023-09-05,2023-09-28,JD,JD2311,jd2311
65868f79f30b23a817daa2f7,2023-10-09,2023-12-11,JD,JD2401,jd2401
65868f79f30b23a817daa2f8,2023-12-12,2024-01-02,JD,JD2402,jd2402
65868f79f30b23a817daa301,2015-08-11,2015-11-24,JM,JM1601,jm1601
65868f79f30b23a817daa302,2015-11-25,2016-03-31,JM,JM1605,jm1605
65868f79f30b23a817daa303,2016-04-01,2016-08-15,JM,JM1609,jm1609
65868f79f30b23a817daa304,2016-08-16,2016-11-29,JM,JM1701,jm1701
65868f79f30b23a817daa305,2016-11-30,2017-03-30,JM,JM1705,jm1705
65868f79f30b23a817daa306,2017-03-31,2017-08-03,JM,JM1709,jm1709
65868f79f30b23a817daa307,2017-08-04,2017-11-30,JM,JM1801,jm1801
65868f79f30b23a817daa308,2017-12-01,2018-04-11,JM,JM1805,jm1805
65868f79f30b23a817daa309,2018-04-12,2018-08-08,JM,JM1809,jm1809
65868f79f30b23a817daa30a,2018-08-09,2018-12-12,JM,JM1901,jm1901
65868f79f30b23a817daa30b,2018-12-13,2019-04-09,JM,JM1905,jm1905
65868f79f30b23a817daa30c,2019-04-10,2019-08-16,JM,JM1909,jm1909
65868f79f30b23a817daa30d,2019-08-19,2019-12-19,JM,JM2001,jm2001
65868f79f30b23a817daa30e,2019-12-20,2020-04-03,JM,JM2005,jm2005
65868f79f30b23a817daa30f,2020-04-07,2020-08-20,JM,JM2009,jm2009
65868f79f30b23a817daa310,2020-08-21,2020-12-16,JM,JM2101,jm2101
65868f79f30b23a817daa311,2020-12-17,2021-04-16,JM,JM2105,jm2105
65868f79f30b23a817daa312,2021-04-19,2021-08-11,JM,JM2109,jm2109
65868f79f30b23a817daa313,2021-08-12,2021-12-02,JM,JM2201,jm2201
65868f79f30b23a817daa314,2021-12-03,2022-04-18,JM,JM2205,jm2205
65868f79f30b23a817daa315,2022-04-19,2022-08-17,JM,JM2209,jm2209
65868f79f30b23a817daa316,2022-08-18,2022-12-05,JM,JM2301,jm2301
65868f79f30b23a817daa317,2022-12-06,2023-04-12,JM,JM2305,jm2305
65868f79f30b23a817daa318,2023-04-13,2023-08-10,JM,JM2309,jm2309
65868f79f30b23a817daa319,2023-08-11,2023-12-06,JM,JM2401,jm2401
65868f79f30b23a817daa31a,2023-12-07,2024-04-09,JM,JM2405,jm2405
65868f79f30b23a817daa31b,2010-01-04,2010-03-26,L,L1005,l1005
65868f79f30b23a817daa31c,2010-03-29,2010-07-30,L,L1009,l1009
65868f79f30b23a817daa31d,2010-08-02,2010-11-10,L,L1101,l1101
65868f79f30b23a817daa31e,2010-11-11,2011-03-28,L,L1105,l1105
65868f79f30b23a817daa31f,2011-03-29,2011-07-18,L,L1109,l1109
65868f79f30b23a817daa320,2011-07-19,2011-11-09,L,L1201,l1201
65868f79f30b23a817daa321,2011-11-10,2012-03-15,L,L1205,l1205
65868f79f30b23a817daa322,2012-03-16,2012-07-16,L,L1209,l1209
65868f79f30b23a817daa323,2012-07-17,2012-11-01,L,L1301,l1301
65868f79f30b23a817daa324,2012-11-02,2013-02-07,L,L1305,l1305
65868f79f30b23a817daa325,2013-02-08,2013-07-03,L,L1309,l1309
65868f79f30b23a817daa326,2013-07-04,2013-11-14,L,L1401,l1401
65868f79f30b23a817daa327,2013-11-15,2014-03-06,L,L1405,l1405
65868f79f30b23a817daa328,2014-03-07,2014-07-23,L,L1409,l1409
65868f79f30b23a817daa329,2014-07-24,2014-11-28,L,L1501,l1501
65868f79f30b23a817daa32a,2014-12-01,2015-03-18,L,L1505,l1505
65868f79f30b23a817daa32b,2015-03-19,2015-08-03,L,L1509,l1509
65868f79f30b23a817daa32c,2015-08-04,2015-11-26,L,L1601,l1601
65868f79f30b23a817daa32d,2015-11-27,2016-03-24,L,L1605,l1605
65868f79f30b23a817daa32e,2016-03-25,2016-07-25,L,L1609,l1609
65868f79f30b23a817daa32f,2016-07-26,2016-11-28,L,L1701,l1701
65868f79f30b23a817daa330,2016-11-29,2017-04-06,L,L1705,l1705
65868f79f30b23a817daa331,2017-04-07,2017-07-31,L,L1709,l1709
65868f79f30b23a817daa332,2017-08-01,2017-11-28,L,L1801,l1801
65868f79f30b23a817daa333,2017-11-29,2018-04-04,L,L1805,l1805
65868f79f30b23a817daa334,2018-04-09,2018-07-31,L,L1809,l1809
65868f79f30b23a817daa335,2018-08-01,2018-11-16,L,L1901,l1901
65868f79f30b23a817daa336,2018-11-19,2019-04-01,L,L1905,l1905
65868f79f30b23a817daa337,2019-04-02,2019-08-02,L,L1909,l1909
65868f79f30b23a817daa338,2019-08-05,2019-12-04,L,L2001,l2001
65868f79f30b23a817daa339,2019-12-05,2020-03-25,L,L2005,l2005
65868f79f30b23a817daa33a,2020-03-26,2020-08-11,L,L2009,l2009
65868f79f30b23a817daa33b,2020-08-12,2020-12-10,L,L2101,l2101
65868f79f30b23a817daa33c,2020-12-11,2021-04-14,L,L2105,l2105
65868f79f30b23a817daa33d,2021-04-15,2021-08-13,L,L2109,l2109
65868f79f30b23a817daa33e,2021-08-16,2021-12-13,L,L2201,l2201
65868f79f30b23a817daa33f,2021-12-14,2021-12-20,L,L2202,l2202
65868f79f30b23a817daa340,2021-12-21,2022-04-15,L,L2205,l2205
65868f79f30b23a817daa341,2022-04-18,2022-08-17,L,L2209,l2209
65868f79f30b23a817daa342,2022-08-18,2022-12-13,L,L2301,l2301
65868f79f30b23a817daa343,2022-12-14,2023-04-14,L,L2305,l2305
65868f79f30b23a817daa344,2023-04-17,2023-08-10,L,L2309,l2309
65868f79f30b23a817daa345,2023-08-11,2023-12-08,L,L2401,l2401
65868f79f30b23a817daa346,2023-12-11,2024-04-03,L,L2405,l2405
65868f79f30b23a817daa347,2021-01-08,2021-08-11,LH,LH2109,lh2109
65868f79f30b23a817daa348,2021-08-12,2021-12-01,LH,LH2201,lh2201
65868f79f30b23a817daa349,2021-12-02,2022-02-07,LH,LH2203,lh2203
65868f79f30b23a817daa34a,2022-02-08,2022-04-18,LH,LH2205,lh2205
65868f79f30b23a817daa34b,2022-04-19,2022-08-01,LH,LH2209,lh2209
65868f79f30b23a817daa34c,2022-08-02,2022-12-12,LH,LH2301,lh2301
65868f79f30b23a817daa34d,2022-12-13,2023-02-09,LH,LH2303,lh2303
65868f79f30b23a817daa34e,2023-02-10,2023-04-13,LH,LH2305,lh2305
65868f79f30b23a817daa34f,2023-04-14,2023-05-31,LH,LH2307,lh2307
65868f79f30b23a817daa350,2023-06-01,2023-08-01,LH,LH2309,lh2309
65868f79f30b23a817daa351,2023-08-02,2023-09-28,LH,LH2311,lh2311
65868f79f30b23a817daa352,2023-10-09,2023-11-30,LH,LH2401,lh2401
65868f79f30b23a817daa353,2023-12-01,2024-02-08,LH,LH2403,lh2403
65868f79f30b23a817daa354,2020-06-22,2020-11-12,LU,LU2101,lu2101
65868f79f30b23a817daa355,2020-11-13,2020-12-28,LU,LU2103,lu2103
65868f79f30b23a817daa356,2020-12-29,2021-01-29,LU,LU2104,lu2104
65868f79f30b23a817daa357,2021-02-01,2021-03-08,LU,LU2105,lu2105
65868f79f30b23a817daa358,2021-03-09,2021-03-30,LU,LU2106,lu2106
65868f79f30b23a817daa359,2021-03-31,2021-04-28,LU,LU2107,lu2107
65868f79f30b23a817daa35a,2021-04-29,2021-05-28,LU,LU2108,lu2108
65868f79f30b23a817daa35b,2021-05-31,2021-06-30,LU,LU2109,lu2109
65868f79f30b23a817daa35c,2021-07-01,2021-08-02,LU,LU2110,lu2110
65868f79f30b23a817daa35d,2021-08-03,2021-09-01,LU,LU2111,lu2111
65868f79f30b23a817daa35e,2021-09-02,2021-09-28,LU,LU2112,lu2112
65868f79f30b23a817daa35f,2021-09-29,2021-10-28,LU,LU2201,lu2201
65868f79f30b23a817daa360,2021-10-29,2021-12-03,LU,LU2202,lu2202
65868f79f30b23a817daa361,2021-12-06,2021-12-29,LU,LU2203,lu2203
65868f79f30b23a817daa362,2021-12-30,2022-01-27,LU,LU2204,lu2204
65868f79f30b23a817daa363,2022-01-28,2022-02-28,LU,LU2205,lu2205
65868f79f30b23a817daa364,2022-03-01,2022-03-30,LU,LU2206,lu2206
65868f79f30b23a817daa365,2022-03-31,2022-04-28,LU,LU2207,lu2207
65868f79f30b23a817daa366,2022-04-29,2022-06-09,LU,LU2208,lu2208
65868f79f30b23a817daa367,2022-06-10,2022-06-28,LU,LU2209,lu2209
65868f79f30b23a817daa368,2022-06-29,2022-08-08,LU,LU2210,lu2210
65868f79f30b23a817daa369,2022-08-09,2022-08-31,LU,LU2211,lu2211
65868f79f30b23a817daa36a,2022-09-01,2022-09-26,LU,LU2212,lu2212
65868f79f30b23a817daa36b,2022-09-27,2022-10-27,LU,LU2301,lu2301
65868f79f30b23a817daa36c,2022-10-28,2022-11-30,LU,LU2302,lu2302
65868f79f30b23a817daa36d,2022-12-01,2023-01-03,LU,LU2303,lu2303
65868f79f30b23a817daa36e,2023-01-04,2023-01-31,LU,LU2304,lu2304
65868f79f30b23a817daa36f,2023-02-01,2023-02-23,LU,LU2305,lu2305
65868f79f30b23a817daa370,2023-02-24,2023-03-27,LU,LU2306,lu2306
65868f79f30b23a817daa371,2023-03-28,2023-04-17,LU,LU2307,lu2307
65868f79f30b23a817daa372,2023-04-18,2023-05-29,LU,LU2308,lu2308
65868f79f30b23a817daa373,2023-05-30,2023-06-28,LU,LU2309,lu2309
65868f79f30b23a817daa374,2023-06-29,2023-07-27,LU,LU2310,lu2310
65868f79f30b23a817daa375,2023-07-28,2023-08-28,LU,LU2311,lu2311
65868f79f30b23a817daa376,2023-08-29,2023-09-27,LU,LU2312,lu2312
65868f79f30b23a817daa377,2023-09-28,2023-10-26,LU,LU2401,lu2401
65868f79f30b23a817daa378,2023-10-27,2023-11-28,LU,LU2402,lu2402
65868f79f30b23a817daa379,2023-11-29,2023-12-29,LU,LU2403,lu2403
65868f79f30b23a817daa37a,2010-01-04,2010-05-04,M,M1009,m1009
65868f79f30b23a817daa37b,2010-05-05,2010-07-19,M,M1101,m1101
65868f79f30b23a817daa37c,2010-07-20,2010-10-25,M,M1105,m1105
65868f79f30b23a817daa37d,2010-10-26,2011-03-14,M,M1109,m1109
65868f79f30b23a817daa37e,2011-03-15,2011-07-07,M,M1201,m1201
65868f79f30b23a817daa37f,2011-07-08,2011-12-21,M,M1205,m1205
65868f79f30b23a817daa380,2011-12-22,2012-05-16,M,M1209,m1209
65868f79f30b23a817daa381,2012-05-17,2012-11-15,M,M1301,m1301
65868f79f30b23a817daa382,2012-11-16,2013-02-18,M,M1305,m1305
65868f79f30b23a817daa383,2013-02-19,2013-06-03,M,M1309,m1309
65868f79f30b23a817daa384,2013-06-04,2013-11-01,M,M1401,m1401
65868f79f30b23a817daa385,2013-11-04,2014-03-03,M,M1405,m1405
65868f79f30b23a817daa386,2014-03-04,2014-07-02,M,M1409,m1409
65868f79f30b23a817daa387,2014-07-03,2014-09-01,M,M1501,m1501
65868f79f30b23a817daa388,2014-09-02,2015-02-27,M,M1505,m1505
65868f79f30b23a817daa389,2015-03-02,2015-07-23,M,M1509,m1509
65868f79f30b23a817daa38a,2015-07-24,2015-11-23,M,M1601,m1601
65868f79f30b23a817daa38b,2015-11-24,2016-03-03,M,M1605,m1605
65868f79f30b23a817daa38c,2016-03-04,2016-07-21,M,M1609,m1609
65868f79f30b23a817daa38d,2016-07-22,2016-11-14,M,M1701,m1701
65868f79f30b23a817daa38e,2016-11-15,2017-03-17,M,M1705,m1705
65868f79f30b23a817daa38f,2017-03-20,2017-07-26,M,M1709,m1709
65868f79f30b23a817daa390,2017-07-27,2017-11-22,M,M1801,m1801
65868f79f30b23a817daa391,2017-11-23,2018-03-15,M,M1805,m1805
65868f79f30b23a817daa392,2018-03-16,2018-07-04,M,M1809,m1809
65868f79f30b23a817daa393,2018-07-05,2018-11-26,M,M1901,m1901
65868f79f30b23a817daa394,2018-11-27,2019-03-29,M,M1905,m1905
65868f79f30b23a817daa395,2019-04-01,2019-08-05,M,M1909,m1909
65868f79f30b23a817daa396,2019-08-06,2019-11-04,M,M2001,m2001
65868f79f30b23a817daa397,2019-11-05,2020-03-03,M,M2005,m2005
65868f79f30b23a817daa398,2020-03-04,2020-07-24,M,M2009,m2009
65868f79f30b23a817daa399,2020-07-27,2020-11-05,M,M2101,m2101
65868f79f30b23a817daa39a,2020-11-06,2021-03-16,M,M2105,m2105
65868f79f30b23a817daa39b,2021-03-17,2021-08-05,M,M2109,m2109
65868f79f30b23a817daa39c,2021-08-06,2021-11-24,M,M2201,m2201
65868f79f30b23a817daa39d,2021-11-25,2022-03-28,M,M2205,m2205
65868f79f30b23a817daa39e,2022-03-29,2022-08-09,M,M2209,m2209
65868f79f30b23a817daa39f,2022-08-10,2022-12-14,M,M2301,m2301
65868f79f30b23a817daa3a0,2022-12-15,2023-04-06,M,M2305,m2305
65868f79f30b23a817daa3a1,2023-04-07,2023-08-03,M,M2309,m2309
65868f79f30b23a817daa3a2,2023-08-04,2023-12-04,M,M2401,m2401
65868f79f30b23a817daa3a3,2023-12-05,2024-03-28,M,M2405,m2405
65868f79f30b23a817daa3a4,2014-06-17,2015-04-16,MA,MA1506,MA506
65868f79f30b23a817daa3a5,2015-04-17,2015-07-27,MA,MA1509,MA509
65868f79f30b23a817daa3a6,2015-07-28,2015-11-27,MA,MA1601,MA601
65868f79f30b23a817daa3a7,2015-11-30,2016-04-08,MA,MA1605,MA605
65868f79f30b23a817daa3a8,2016-04-11,2016-08-09,MA,MA1609,MA609
65868f79f30b23a817daa3a9,2016-08-10,2016-12-01,MA,MA1701,MA701
65868f79f30b23a817daa3aa,2016-12-02,2017-04-06,MA,MA1705,MA705
65868f79f30b23a817daa3ab,2017-04-07,2017-08-04,MA,MA1709,MA709
65868f79f30b23a817daa3ac,2017-08-07,2017-12-08,MA,MA1801,MA801
65868f79f30b23a817daa3ad,2017-12-11,2018-04-11,MA,MA1805,MA805
65868f79f30b23a817daa3ae,2018-04-12,2018-08-08,MA,MA1809,MA809
65868f79f30b23a817daa3af,2018-08-09,2018-12-12,MA,MA1901,MA901
65868f79f30b23a817daa3b0,2018-12-13,2019-04-12,MA,MA1905,MA905
65868f79f30b23a817daa3b1,2019-04-15,2019-08-15,MA,MA1909,MA909
65868f79f30b23a817daa3b2,2019-08-16,2019-12-12,MA,MA2001,MA001
65868f79f30b23a817daa3b3,2019-12-13,2020-04-10,MA,MA2005,MA005
65868f79f30b23a817daa3b4,2020-04-13,2020-08-14,MA,MA2009,MA009
65868f79f30b23a817daa3b5,2020-08-17,2020-12-11,MA,MA2101,MA101
65868f79f30b23a817daa3b6,2020-12-14,2021-04-13,MA,MA2105,MA105
65868f79f30b23a817daa3b7,2021-04-14,2021-08-12,MA,MA2109,MA109
65868f79f30b23a817daa3b8,2021-08-13,2021-12-14,MA,MA2201,MA201
65868f79f30b23a817daa3b9,2021-12-15,2022-04-13,MA,MA2205,MA205
65868f79f30b23a817daa3ba,2022-04-14,2022-08-15,MA,MA2209,MA209
65868f79f30b23a817daa3bb,2022-08-16,2022-12-14,MA,MA2301,MA301
65868f79f30b23a817daa3bc,2022-12-15,2023-04-12,MA,MA2305,MA305
65868f79f30b23a817daa3bd,2023-04-13,2023-08-07,MA,MA2309,MA309
65868f79f30b23a817daa3be,2023-08-08,2023-12-06,MA,MA2401,MA401
65868f79f30b23a817daa3bf,2023-12-07,2024-04-11,MA,MA2405,MA405
65868f79f30b23a817daa3c0,2015-03-27,2015-05-28,NI,NI1507,ni1507
65868f79f30b23a817daa3c1,2015-05-29,2015-08-14,NI,NI1509,ni1509
65868f79f30b23a817daa3c2,2015-08-17,2015-12-15,NI,NI1601,ni1601
65868f79f30b23a817daa3c3,2015-12-16,2016-04-08,NI,NI1605,ni1605
65868f79f30b23a817daa3c4,2016-04-11,2016-08-01,NI,NI1609,ni1609
65868f79f30b23a817daa3c5,2016-08-02,2016-11-25,NI,NI1701,ni1701
65868f79f30b23a817daa3c6,2016-11-28,2017-03-31,NI,NI1705,ni1705
65868f79f30b23a817daa3c7,2017-04-05,2017-08-03,NI,NI1709,ni1709
65868f79f30b23a817daa3c8,2017-08-04,2017-11-13,NI,NI1801,ni1801
65868f79f30b23a817daa3c9,2017-11-14,2018-03-29,NI,NI1805,ni1805
65868f79f30b23a817daa3ca,2018-03-30,2018-06-04,NI,NI1807,ni1807
65868f79f30b23a817daa3cb,2018-06-05,2018-08-06,NI,NI1809,ni1809
65868f79f30b23a817daa3cc,2018-08-07,2018-10-11,NI,NI1811,ni1811
65868f79f30b23a817daa3cd,2018-10-12,2018-12-06,NI,NI1901,ni1901
65868f79f30b23a817daa3ce,2018-12-07,2019-04-09,NI,NI1905,ni1905
65868f79f30b23a817daa3cf,2019-04-10,2019-05-07,NI,NI1906,ni1906
65868f79f30b23a817daa3d0,2019-05-08,2019-06-10,NI,NI1907,ni1907
65868f79f30b23a817daa3d1,2019-06-11,2019-07-08,NI,NI1908,ni1908
65868f79f30b23a817daa3d2,2019-07-09,2019-07-17,NI,NI1909,ni1909
65868f79f30b23a817daa3d3,2019-07-18,2019-08-29,NI,NI1910,ni1910
65868f79f30b23a817daa3d4,2019-08-30,2019-09-30,NI,NI1911,ni1911
65868f79f30b23a817daa3d5,2019-10-08,2019-11-04,NI,NI1912,ni1912
65868f79f30b23a817daa3d6,2019-11-05,2019-11-15,NI,NI2001,ni2001
65868f79f30b23a817daa3d7,2019-11-18,2019-12-30,NI,NI2002,ni2002
65868f79f30b23a817daa3d8,2019-12-31,2020-02-03,NI,NI2003,ni2003
65868f79f30b23a817daa3d9,2020-02-04,2020-03-03,NI,NI2004,ni2004
65868f79f30b23a817daa3da,2020-03-04,2020-04-30,NI,NI2006,ni2006
65868f79f30b23a817daa3db,2020-05-06,2020-05-26,NI,NI2007,ni2007
65868f79f30b23a817daa3dc,2020-05-27,2020-07-03,NI,NI2008,ni2008
65868f79f30b23a817daa3dd,2020-07-06,2020-08-26,NI,NI2010,ni2010
65868f79f30b23a817daa3de,2020-08-27,2020-09-25,NI,NI2011,ni2011
65868f79f30b23a817daa3df,2020-09-28,2020-11-04,NI,NI2012,ni2012
65868f79f30b23a817daa3e0,2020-11-05,2020-12-22,NI,NI2102,ni2102
65868f79f30b23a817daa3e1,2020-12-23,2021-01-29,NI,NI2103,ni2103
65868f79f30b23a817daa3e2,2021-02-01,2021-03-09,NI,NI2104,ni2104
65868f79f30b23a817daa3e3,2021-03-10,2021-05-19,NI,NI2106,ni2106
65868f79f30b23a817daa3e4,2021-05-20,2021-06-25,NI,NI2107,ni2107
65868f79f30b23a817daa3e5,2021-06-28,2021-07-22,NI,NI2108,ni2108
65868f79f30b23a817daa3e6,2021-07-23,2021-08-24,NI,NI2109,ni2109
65868f79f30b23a817daa3e7,2021-08-25,2021-09-24,NI,NI2110,ni2110
65868f79f30b23a817daa3e8,2021-09-27,2021-10-22,NI,NI2111,ni2111
65868f79f30b23a817daa3e9,2021-10-25,2021-11-24,NI,NI2112,ni2112
65868f79f30b23a817daa3ea,2021-11-25,2022-01-21,NI,NI2202,ni2202
65868f79f30b23a817daa3eb,2022-01-24,2022-02-22,NI,NI2203,ni2203
65868f79f30b23a817daa3ec,2022-02-23,2022-03-28,NI,NI2204,ni2204
65868f79f30b23a817daa3ed,2022-03-29,2022-04-26,NI,NI2205,ni2205
65868f79f30b23a817daa3ee,2022-04-27,2022-05-27,NI,NI2206,ni2206
65868f79f30b23a817daa3ef,2022-05-30,2022-06-27,NI,NI2207,ni2207
65868f79f30b23a817daa3f0,2022-06-28,2022-07-27,NI,NI2208,ni2208
65868f79f30b23a817daa3f1,2022-07-28,2022-08-25,NI,NI2209,ni2209
65868f79f30b23a817daa3f2,2022-08-26,2022-09-27,NI,NI2210,ni2210
65868f79f30b23a817daa3f3,2022-09-28,2022-10-26,NI,NI2211,ni2211
65868f79f30b23a817daa3f4,2022-10-27,2022-11-25,NI,NI2212,ni2212
65868f79f30b23a817daa3f5,2022-11-28,2022-12-21,NI,NI2301,ni2301
65868f79f30b23a817daa3f6,2022-12-22,2023-01-13,NI,NI2302,ni2302
65868f79f30b23a817daa3f7,2023-01-16,2023-02-22,NI,NI2303,ni2303
65868f79f30b23a817daa3f8,2023-02-23,2023-03-24,NI,NI2304,ni2304
65868f79f30b23a817daa3f9,2023-03-27,2023-04-20,NI,NI2305,ni2305
65868f79f30b23a817daa3fa,2023-04-21,2023-05-19,NI,NI2306,ni2306
65868f79f30b23a817daa3fb,2023-05-22,2023-06-16,NI,NI2307,ni2307
65868f79f30b23a817daa3fc,2023-06-19,2023-07-25,NI,NI2308,ni2308
65868f79f30b23a817daa3fd,2023-07-26,2023-08-22,NI,NI2309,ni2309
65868f79f30b23a817daa3fe,2023-08-23,2023-09-21,NI,NI2310,ni2310
65868f79f30b23a817daa3ff,2023-09-22,2023-10-25,NI,NI2311,ni2311
65868f79f30b23a817daa400,2023-10-26,2023-11-22,NI,NI2312,ni2312
65868f79f30b23a817daa401,2023-11-23,2023-12-22,NI,NI2401,ni2401
65868f79f30b23a817daa402,2023-12-25,2024-01-23,NI,NI2402,ni2402
65868f79f30b23a817daa403,2012-07-16,2012-10-15,OI,OI1307,OI307
65868f79f30b23a817daa404,2012-10-16,2013-06-06,OI,OI1309,OI309
65868f79f30b23a817daa405,2013-06-07,2013-10-22,OI,OI1401,OI401
65868f79f30b23a817daa406,2013-10-23,2014-01-30,OI,OI1405,OI405
65868f79f30b23a817daa407,2014-02-07,2014-06-09,OI,OI1409,OI409
65868f79f30b23a817daa408,2014-06-10,2014-11-14,OI,OI1501,OI501
65868f79f30b23a817daa409,2014-11-17,2015-03-10,OI,OI1505,OI505
65868f79f30b23a817daa40a,2015-03-11,2015-06-12,OI,OI1509,OI509
65868f79f30b23a817daa40b,2015-06-15,2015-11-10,OI,OI1601,OI601
65868f79f30b23a817daa40c,2015-11-11,2016-03-08,OI,OI1605,OI605
65868f79f30b23a817daa40d,2016-03-09,2016-07-05,OI,OI1609,OI609
65868f79f30b23a817daa40e,2016-07-06,2016-11-22,OI,OI1701,OI701
65868f79f30b23a817daa40f,2016-11-23,2017-03-15,OI,OI1705,OI705
65868f79f30b23a817daa410,2017-03-16,2017-07-10,OI,OI1709,OI709
65868f79f30b23a817daa411,2017-07-11,2017-11-20,OI,OI1801,OI801
65868f79f30b23a817daa412,2017-11-21,2018-03-21,OI,OI1805,OI805
65868f79f30b23a817daa413,2018-03-22,2018-07-13,OI,OI1809,OI809
65868f79f30b23a817daa414,2018-07-16,2018-12-04,OI,OI1901,OI901
65868f79f30b23a817daa415,2018-12-05,2019-04-02,OI,OI1905,OI905
65868f79f30b23a817daa416,2019-04-03,2019-07-31,OI,OI1909,OI909
65868f79f30b23a817daa417,2019-08-01,2019-12-09,OI,OI2001,OI001
65868f79f30b23a817daa418,2019-12-10,2020-03-31,OI,OI2005,OI005
65868f79f30b23a817daa419,2020-04-01,2020-08-11,OI,OI2009,OI009
65868f79f30b23a817daa41a,2020-08-12,2020-12-07,OI,OI2101,OI101
65868f79f30b23a817daa41b,2020-12-08,2021-04-02,OI,OI2105,OI105
65868f79f30b23a817daa41c,2021-04-06,2021-08-05,OI,OI2109,OI109
65868f79f30b23a817daa41d,2021-08-06,2021-12-09,OI,OI2201,OI201
65868f79f30b23a817daa41e,2021-12-10,2022-04-08,OI,OI2205,OI205
65868f79f30b23a817daa41f,2022-04-11,2022-08-15,OI,OI2209,OI209
65868f79f30b23a817daa420,2022-08-16,2022-12-13,OI,OI2301,OI301
65868f79f30b23a817daa421,2022-12-14,2023-04-11,OI,OI2305,OI305
65868f79f30b23a817daa422,2023-04-12,2023-07-27,OI,OI2309,OI309
65868f79f30b23a817daa423,2023-07-28,2023-08-30,OI,OI2311,OI311
65868f79f30b23a817daa424,2023-08-31,2023-11-27,OI,OI2401,OI401
65868f79f30b23a817daa425,2023-11-28,2023-12-27,OI,OI2403,OI403
65868f79f30b23a817daa426,2010-01-04,2010-04-27,P,P1009,p1009
65868f79f30b23a817daa427,2010-04-28,2010-09-13,P,P1101,p1101
65868f79f30b23a817daa428,2010-09-14,2010-11-04,P,P1105,p1105
65868f79f30b23a817daa429,2010-11-05,2011-04-11,P,P1109,p1109
65868f79f30b23a817daa42a,2011-04-12,2011-07-19,P,P1201,p1201
65868f79f30b23a817daa42b,2011-07-20,2012-01-18,P,P1205,p1205
65868f79f30b23a817daa42c,2012-01-19,2012-06-06,P,P1209,p1209
65868f79f30b23a817daa42d,2012-06-07,2012-10-24,P,P1301,p1301
65868f79f30b23a817daa42e,2012-10-25,2013-02-08,P,P1305,p1305
65868f79f30b23a817daa42f,2013-02-18,2013-06-14,P,P1309,p1309
65868f79f30b23a817daa430,2013-06-17,2013-11-04,P,P1401,p1401
65868f79f30b23a817daa431,2013-11-05,2014-02-26,P,P1405,p1405
65868f79f30b23a817daa432,2014-02-27,2014-06-16,P,P1409,p1409
65868f79f30b23a817daa433,2014-06-17,2014-11-07,P,P1501,p1501
65868f79f30b23a817daa434,2014-11-10,2015-03-09,P,P1505,p1505
65868f79f30b23a817daa435,2015-03-10,2015-06-04,P,P1509,p1509
65868f79f30b23a817daa436,2015-06-05,2015-11-26,P,P1601,p1601
65868f79f30b23a817daa437,2015-11-27,2016-03-15,P,P1605,p1605
65868f79f30b23a817daa438,2016-03-16,2016-07-07,P,P1609,p1609
65868f79f30b23a817daa439,2016-07-08,2016-11-23,P,P1701,p1701
65868f79f30b23a817daa43a,2016-11-24,2017-03-10,P,P1705,p1705
65868f79f30b23a817daa43b,2017-03-13,2017-07-11,P,P1709,p1709
65868f79f30b23a817daa43c,2017-07-12,2017-11-21,P,P1801,p1801
65868f79f30b23a817daa43d,2017-11-22,2018-03-21,P,P1805,p1805
65868f79f30b23a817daa43e,2018-03-22,2018-07-20,P,P1809,p1809
65868f79f30b23a817daa43f,2018-07-23,2018-12-03,P,P1901,p1901
65868f79f30b23a817daa440,2018-12-04,2019-04-09,P,P1905,p1905
65868f79f30b23a817daa441,2019-04-10,2019-08-05,P,P1909,p1909
65868f79f30b23a817daa442,2019-08-06,2019-11-26,P,P2001,p2001
65868f79f30b23a817daa443,2019-11-27,2020-03-27,P,P2005,p2005
65868f79f30b23a817daa444,2020-03-30,2020-08-10,P,P2009,p2009
65868f79f30b23a817daa445,2020-08-11,2020-12-08,P,P2101,p2101
65868f79f30b23a817daa446,2020-12-09,2021-04-08,P,P2105,p2105
65868f79f30b23a817daa447,2021-04-09,2021-08-13,P,P2109,p2109
65868f79f30b23a817daa448,2021-08-16,2021-12-08,P,P2201,p2201
65868f79f30b23a817daa449,2021-12-09,2022-04-07,P,P2205,p2205
65868f79f30b23a817daa44a,2022-04-08,2022-08-15,P,P2209,p2209
65868f79f30b23a817daa44b,2022-08-16,2022-12-08,P,P2301,p2301
65868f79f30b23a817daa44c,2022-12-09,2023-04-12,P,P2305,p2305
65868f79f30b23a817daa44d,2023-04-13,2023-08-08,P,P2309,p2309
65868f79f30b23a817daa44e,2023-08-09,2023-12-08,P,P2401,p2401
65868f79f30b23a817daa44f,2023-12-11,2024-04-08,P,P2405,p2405
65868f79f30b23a817daa48a,2016-09-21,2016-10-19,PB,PB1611,pb1611
65868f79f30b23a817daa48b,2016-10-20,2016-11-07,PB,PB1612,pb1612
65868f79f30b23a817daa48c,2016-11-08,2016-12-08,PB,PB1701,pb1701
65868f79f30b23a817daa48d,2016-12-09,2017-01-16,PB,PB1702,pb1702
65868f79f30b23a817daa48e,2017-01-17,2017-02-21,PB,PB1703,pb1703
65868f79f30b23a817daa48f,2017-02-22,2017-03-16,PB,PB1704,pb1704
65868f79f30b23a817daa490,2017-03-17,2017-04-17,PB,PB1705,pb1705
65868f79f30b23a817daa491,2017-04-18,2017-05-23,PB,PB1706,pb1706
65868f79f30b23a817daa492,2017-05-24,2017-06-22,PB,PB1707,pb1707
65868f79f30b23a817daa493,2017-06-23,2017-07-21,PB,PB1708,pb1708
65868f79f30b23a817daa494,2017-07-24,2017-08-15,PB,PB1709,pb1709
65868f79f30b23a817daa495,2017-08-16,2017-09-15,PB,PB1710,pb1710
65868f79f30b23a817daa496,2017-09-18,2017-10-20,PB,PB1711,pb1711
65868f79f30b23a817daa497,2017-10-23,2017-11-16,PB,PB1712,pb1712
65868f79f30b23a817daa498,2017-11-17,2017-12-19,PB,PB1801,pb1801
65868f79f30b23a817daa499,2017-12-20,2018-01-16,PB,PB1802,pb1802
65868f79f30b23a817daa49a,2018-01-17,2018-02-13,PB,PB1803,pb1803
65868f79f30b23a817daa49b,2018-02-14,2018-03-13,PB,PB1804,pb1804
65868f79f30b23a817daa49c,2018-03-14,2018-04-16,PB,PB1805,pb1805
65868f79f30b23a817daa49d,2018-04-17,2018-05-22,PB,PB1806,pb1806
65868f79f30b23a817daa49e,2018-05-23,2018-06-25,PB,PB1807,pb1807
65868f79f30b23a817daa49f,2018-06-26,2018-07-20,PB,PB1808,pb1808
65868f79f30b23a817daa4a0,2018-07-23,2018-08-20,PB,PB1809,pb1809
65868f79f30b23a817daa4a1,2018-08-21,2018-09-18,PB,PB1810,pb1810
65868f79f30b23a817daa4a2,2018-09-19,2018-10-22,PB,PB1811,pb1811
65868f79f30b23a817daa4a3,2018-10-23,2018-11-14,PB,PB1812,pb1812
65868f79f30b23a817daa4a4,2018-11-15,2018-12-19,PB,PB1901,pb1901
65868f79f30b23a817daa4a5,2018-12-20,2019-01-22,PB,PB1902,pb1902
65868f79f30b23a817daa4a6,2019-01-23,2019-02-21,PB,PB1903,pb1903
65868f79f30b23a817daa4a7,2019-02-22,2019-03-18,PB,PB1904,pb1904
65868f79f30b23a817daa4a8,2019-03-19,2019-04-16,PB,PB1905,pb1905
65868f79f30b23a817daa4a9,2019-04-17,2019-05-22,PB,PB1906,pb1906
65868f79f30b23a817daa4aa,2019-05-23,2019-06-20,PB,PB1907,pb1907
65868f79f30b23a817daa4ab,2019-06-21,2019-07-16,PB,PB1908,pb1908
65868f79f30b23a817daa4ac,2019-07-17,2019-08-20,PB,PB1909,pb1909
65868f79f30b23a817daa4ad,2019-08-21,2019-09-18,PB,PB1910,pb1910
65868f79f30b23a817daa4ae,2019-09-19,2019-10-23,PB,PB1911,pb1911
65868f79f30b23a817daa4af,2019-10-24,2019-11-14,PB,PB1912,pb1912
65868f79f30b23a817daa4b0,2019-11-15,2019-12-17,PB,PB2001,pb2001
65868f79f30b23a817daa4b1,2019-12-18,2020-01-13,PB,PB2002,pb2002
65868f79f30b23a817daa4b2,2020-01-14,2020-02-13,PB,PB2003,pb2003
65868f79f30b23a817daa4b3,2020-02-14,2020-03-09,PB,PB2004,pb2004
65868f79f30b23a817daa4b4,2020-03-10,2020-04-15,PB,PB2005,pb2005
65868f79f30b23a817daa4b5,2020-04-16,2020-05-19,PB,PB2006,pb2006
65868f79f30b23a817daa4b6,2020-05-20,2020-06-22,PB,PB2007,pb2007
65868f79f30b23a817daa4b7,2020-06-23,2020-07-21,PB,PB2008,pb2008
65868f79f30b23a817daa4b8,2020-07-22,2020-08-19,PB,PB2009,pb2009
65868f79f30b23a817daa4b9,2020-08-20,2020-09-21,PB,PB2010,pb2010
65868f79f30b23a817daa4ba,2020-09-22,2020-10-22,PB,PB2011,pb2011
65868f79f30b23a817daa4bb,2020-10-23,2020-11-18,PB,PB2012,pb2012
65868f79f30b23a817daa4bc,2020-11-19,2020-12-22,PB,PB2101,pb2101
65868f79f30b23a817daa4bd,2020-12-23,2021-01-13,PB,PB2102,pb2102
65868f79f30b23a817daa4be,2021-01-14,2021-02-23,PB,PB2103,pb2103
65868f79f30b23a817daa4bf,2021-02-24,2021-03-22,PB,PB2104,pb2104
65868f79f30b23a817daa4c0,2021-03-23,2021-04-21,PB,PB2105,pb2105
65868f79f30b23a817daa4c1,2021-04-22,2021-05-24,PB,PB2106,pb2106
65868f79f30b23a817daa4c2,2021-05-25,2021-06-22,PB,PB2107,pb2107
65868f79f30b23a817daa4c3,2021-06-23,2021-07-21,PB,PB2108,pb2108
65868f79f30b23a817daa4c4,2021-07-22,2021-08-25,PB,PB2109,pb2109
65868f79f30b23a817daa4c5,2021-08-26,2021-09-27,PB,PB2110,pb2110
65868f79f30b23a817daa4c6,2021-09-28,2021-10-22,PB,PB2111,pb2111
65868f79f30b23a817daa4c7,2021-10-25,2021-11-25,PB,PB2112,pb2112
65868f79f30b23a817daa4c8,2021-11-26,2021-12-20,PB,PB2201,pb2201
65868f79f30b23a817daa4c9,2021-12-21,2022-01-14,PB,PB2202,pb2202
65868f79f30b23a817daa4ca,2022-01-17,2022-02-17,PB,PB2203,pb2203
65868f79f30b23a817daa4cb,2022-02-18,2022-03-11,PB,PB2204,pb2204
65868f79f30b23a817daa4cc,2022-03-14,2022-04-20,PB,PB2205,pb2205
65868f79f30b23a817daa4cd,2022-04-21,2022-05-19,PB,PB2206,pb2206
65868f79f30b23a817daa4ce,2022-05-20,2022-06-21,PB,PB2207,pb2207
65868f79f30b23a817daa4cf,2022-06-22,2022-07-20,PB,PB2208,pb2208
65868f79f30b23a817daa4d0,2022-07-21,2022-08-26,PB,PB2209,pb2209
65868f79f30b23a817daa4d1,2022-08-29,2022-09-26,PB,PB2210,pb2210
65868f79f30b23a817daa4d2,2022-09-27,2022-10-25,PB,PB2211,pb2211
65868f79f30b23a817daa4d3,2022-10-26,2022-11-17,PB,PB2212,pb2212
65868f79f30b23a817daa4d4,2022-11-18,2022-12-21,PB,PB2301,pb2301
65868f79f30b23a817daa4d5,2022-12-22,2023-01-06,PB,PB2302,pb2302
65868f79f30b23a817daa4d6,2023-01-09,2023-02-21,PB,PB2303,pb2303
65868f79f30b23a817daa4d7,2023-02-22,2023-03-21,PB,PB2304,pb2304
65868f79f30b23a817daa4d8,2023-03-22,2023-04-18,PB,PB2305,pb2305
65868f79f30b23a817daa4d9,2023-04-19,2023-05-23,PB,PB2306,pb2306
65868f79f30b23a817daa4da,2023-05-24,2023-06-16,PB,PB2307,pb2307
65868f79f30b23a817daa4db,2023-06-19,2023-07-24,PB,PB2308,pb2308
65868f79f30b23a817daa4dc,2023-07-25,2023-08-22,PB,PB2309,pb2309
65868f79f30b23a817daa4dd,2023-08-23,2023-09-21,PB,PB2310,pb2310
65868f79f30b23a817daa4de,2023-09-22,2023-10-26,PB,PB2311,pb2311
65868f79f30b23a817daa4df,2023-10-27,2023-11-20,PB,PB2312,pb2312
65868f79f30b23a817daa4e0,2023-11-21,2023-12-14,PB,PB2401,pb2401
65868f79f30b23a817daa4e1,2023-12-15,2024-01-10,PB,PB2402,pb2402
65868f79f30b23a817daa4e2,2020-10-12,2021-04-15,PF,PF2105,PF105
65868f79f30b23a817daa4e3,2021-04-16,2021-04-27,PF,PF2107,PF107
65868f79f30b23a817daa4e4,2021-04-28,2021-08-19,PF,PF2109,PF109
65868f79f30b23a817daa4e5,2021-08-20,2021-12-10,PF,PF2201,PF201
65868f79f30b23a817daa4e6,2021-12-13,2022-04-11,PF,PF2205,PF205
65868f79f30b23a817daa4e7,2022-04-12,2022-04-27,PF,PF2206,PF206
65868f79f30b23a817daa4e8,2022-04-28,2022-05-27,PF,PF2207,PF207
65868f79f30b23a817daa4e9,2022-05-30,2022-06-06,PF,PF2208,PF208
65868f79f30b23a817daa4ea,2022-06-07,2022-07-05,PF,PF2209,PF209
65868f79f30b23a817daa4eb,2022-07-06,2022-08-31,PF,PF2210,PF210
65868f79f30b23a817daa4ec,2022-09-01,2022-09-30,PF,PF2211,PF211
65868f79f30b23a817daa4ed,2022-10-10,2022-11-02,PF,PF2212,PF212
65868f79f30b23a817daa4ee,2022-11-03,2022-12-30,PF,PF2302,PF302
65868f79f30b23a817daa4ef,2023-01-03,2023-01-31,PF,PF2303,PF303
65868f79f30b23a817daa4f0,2023-02-01,2023-03-02,PF,PF2304,PF304
65868f79f30b23a817daa4f1,2023-03-03,2023-04-26,PF,PF2306,PF306
65868f79f30b23a817daa4f2,2023-04-27,2023-05-26,PF,PF2307,PF307
65868f79f30b23a817daa4f3,2023-05-29,2023-06-30,PF,PF2308,PF308
65868f79f30b23a817daa4f4,2023-07-03,2023-08-22,PF,PF2310,PF310
65868f79f30b23a817daa4f5,2023-08-23,2023-09-25,PF,PF2311,PF311
65868f79f30b23a817daa4f6,2023-09-26,2023-11-01,PF,PF2312,PF312
65868f79f30b23a817daa4f7,2023-11-02,2023-12-26,PF,PF2402,PF402
65868f79f30b23a817daa4f8,2020-03-30,2020-10-19,PG,PG2011,pg2011
65868f79f30b23a817daa4f9,2020-10-20,2020-11-18,PG,PG2012,pg2012
65868f79f30b23a817daa4fa,2020-11-19,2020-12-17,PG,PG2101,pg2101
65868f79f30b23a817daa4fb,2020-12-18,2021-01-20,PG,PG2102,pg2102
65868f79f30b23a817daa4fc,2021-01-21,2021-02-22,PG,PG2103,pg2103
65868f79f30b23a817daa4fd,2021-02-23,2021-03-17,PG,PG2104,pg2104
65868f79f30b23a817daa4fe,2021-03-18,2021-04-08,PG,PG2105,pg2105
65868f79f30b23a817daa4ff,2021-04-09,2021-05-17,PG,PG2106,pg2106
65868f79f30b23a817daa500,2021-05-18,2021-06-07,PG,PG2107,pg2107
65868f79f30b23a817daa501,2021-06-08,2021-07-08,PG,PG2108,pg2108
65868f79f30b23a817daa502,2021-07-09,2021-08-06,PG,PG2109,pg2109
65868f79f30b23a817daa503,2021-08-09,2021-09-08,PG,PG2110,pg2110
65868f79f30b23a817daa504,2021-09-09,2021-10-12,PG,PG2111,pg2111
65868f79f30b23a817daa505,2021-10-13,2021-11-17,PG,PG2112,pg2112
65868f79f30b23a817daa506,2021-11-18,2021-12-14,PG,PG2201,pg2201
65868f79f30b23a817daa507,2021-12-15,2022-01-13,PG,PG2202,pg2202
65868f79f30b23a817daa508,2022-01-14,2022-02-17,PG,PG2203,pg2203
65868f79f30b23a817daa509,2022-02-18,2022-03-11,PG,PG2204,pg2204
65868f79f30b23a817daa50a,2022-03-14,2022-04-19,PG,PG2205,pg2205
65868f79f30b23a817daa50b,2022-04-20,2022-05-18,PG,PG2206,pg2206
65868f79f30b23a817daa50c,2022-05-19,2022-06-20,PG,PG2207,pg2207
65868f79f30b23a817daa50d,2022-06-21,2022-07-18,PG,PG2208,pg2208
65868f79f30b23a817daa50e,2022-07-19,2022-08-15,PG,PG2209,pg2209
65868f79f30b23a817daa50f,2022-08-16,2022-09-19,PG,PG2210,pg2210
65868f79f30b23a817daa510,2022-09-20,2022-10-20,PG,PG2211,pg2211
65868f79f30b23a817daa511,2022-10-21,2022-11-17,PG,PG2212,pg2212
65868f79f30b23a817daa512,2022-11-18,2022-12-20,PG,PG2301,pg2301
65868f79f30b23a817daa513,2022-12-21,2023-01-12,PG,PG2302,pg2302
65868f79f30b23a817daa514,2023-01-13,2023-02-15,PG,PG2303,pg2303
65868f79f30b23a817daa515,2023-02-16,2023-03-13,PG,PG2304,pg2304
65868f79f30b23a817daa516,2023-03-14,2023-04-18,PG,PG2305,pg2305
65868f79f30b23a817daa517,2023-04-19,2023-05-16,PG,PG2306,pg2306
65868f79f30b23a817daa518,2023-05-17,2023-06-08,PG,PG2307,pg2307
65868f79f30b23a817daa519,2023-06-09,2023-08-18,PG,PG2309,pg2309
65868f79f30b23a817daa51a,2023-08-21,2023-09-19,PG,PG2310,pg2310
65868f79f30b23a817daa51b,2023-09-20,2023-10-18,PG,PG2311,pg2311
65868f79f30b23a817daa51c,2023-10-19,2023-11-15,PG,PG2312,pg2312
65868f79f30b23a817daa51d,2023-11-16,2023-12-15,PG,PG2401,pg2401
65868f79f30b23a817daa51e,2023-12-18,2024-01-17,PG,PG2402,pg2402
65868f79f30b23a817daa51f,2021-02-01,2021-09-03,PK,PK2110,PK110
65868f79f30b23a817daa520,2021-09-06,2021-12-14,PK,PK2201,PK201
65868f79f30b23a817daa521,2021-12-15,2022-03-22,PK,PK2204,PK204
65868f79f30b23a817daa522,2022-03-23,2022-09-01,PK,PK2210,PK210
65868f79f30b23a817daa523,2022-09-02,2022-12-02,PK,PK2301,PK301
65868f79f30b23a817daa524,2022-12-05,2023-03-10,PK,PK2304,PK304
65868f79f30b23a817daa525,2023-03-13,2023-05-30,PK,PK2310,PK310
65868f79f30b23a817daa526,2023-05-31,2023-10-12,PK,PK2311,PK311
65868f79f30b23a817daa527,2023-10-13,2023-11-28,PK,PK2401,PK401
65868f79f30b23a817daa528,2023-11-29,2024-02-07,PK,PK2403,PK403
65868f79f30b23a817daa529,2014-02-28,2014-03-03,PP,PP1405,pp1405
65868f79f30b23a817daa52a,2014-03-04,2014-07-30,PP,PP1409,pp1409
65868f79f30b23a817daa52b,2014-07-31,2014-11-24,PP,PP1501,pp1501
65868f79f30b23a817daa52c,2014-11-25,2015-03-13,PP,PP1505,pp1505
65868f79f30b23a817daa52d,2015-03-16,2015-08-03,PP,PP1509,pp1509
65868f79f30b23a817daa52e,2015-08-04,2015-11-25,PP,PP1601,pp1601
65868f79f30b23a817daa52f,2015-11-26,2016-03-29,PP,PP1605,pp1605
65868f79f30b23a817daa530,2016-03-30,2016-08-15,PP,PP1609,pp1609
65868f79f30b23a817daa531,2016-08-16,2016-11-30,PP,PP1701,pp1701
65868f79f30b23a817daa532,2016-12-01,2017-04-10,PP,PP1705,pp1705
65868f79f30b23a817daa533,2017-04-11,2017-08-08,PP,PP1709,pp1709
65868f79f30b23a817daa534,2017-08-09,2017-11-30,PP,PP1801,pp1801
65868f79f30b23a817daa535,2017-12-01,2018-04-09,PP,PP1805,pp1805
65868f79f30b23a817daa536,2018-04-10,2018-08-06,PP,PP1809,pp1809
65868f79f30b23a817daa537,2018-08-07,2018-12-05,PP,PP1901,pp1901
65868f79f30b23a817daa538,2018-12-06,2019-04-04,PP,PP1905,pp1905
65868f79f30b23a817daa539,2019-04-08,2019-08-01,PP,PP1909,pp1909
65868f79f30b23a817daa53a,2019-08-02,2019-12-06,PP,PP2001,pp2001
65868f79f30b23a817daa53b,2019-12-09,2020-03-27,PP,PP2005,pp2005
65868f79f30b23a817daa53c,2020-03-30,2020-08-14,PP,PP2009,pp2009
65868f79f30b23a817daa53d,2020-08-17,2020-12-11,PP,PP2101,pp2101
65868f79f30b23a817daa53e,2020-12-14,2021-04-20,PP,PP2105,pp2105
65868f79f30b23a817daa53f,2021-04-21,2021-08-12,PP,PP2109,pp2109
65868f79f30b23a817daa540,2021-08-13,2021-12-10,PP,PP2201,pp2201
65868f79f30b23a817daa541,2021-12-13,2022-04-18,PP,PP2205,pp2205
65868f79f30b23a817daa542,2022-04-19,2022-08-16,PP,PP2209,pp2209
65868f79f30b23a817daa543,2022-08-17,2022-12-14,PP,PP2301,pp2301
65868f79f30b23a817daa544,2022-12-15,2023-04-12,PP,PP2305,pp2305
65868f79f30b23a817daa545,2023-04-13,2023-08-16,PP,PP2309,pp2309
65868f79f30b23a817daa546,2023-08-17,2023-12-12,PP,PP2401,pp2401
65868f79f30b23a817daa547,2023-12-13,2024-04-11,PP,PP2405,pp2405
65868f79f30b23a817daa548,2010-01-04,2010-03-08,RB,RB1005,rb1005
65868f79f30b23a817daa549,2010-03-09,2010-07-19,RB,RB1010,rb1010
65868f79f30b23a817daa54a,2010-07-20,2010-10-13,RB,RB1101,rb1101
65868f79f30b23a817daa54b,2010-10-14,2011-02-09,RB,RB1105,rb1105
65868f79f30b23a817daa54c,2011-02-10,2011-08-05,RB,RB1110,rb1110
65868f79f30b23a817daa54d,2011-08-08,2011-11-02,RB,RB1201,rb1201
65868f79f30b23a817daa54e,2011-11-03,2012-03-01,RB,RB1205,rb1205
65868f79f30b23a817daa54f,2012-03-02,2012-07-11,RB,RB1210,rb1210
65868f79f30b23a817daa550,2012-07-12,2012-10-22,RB,RB1301,rb1301
65868f79f30b23a817daa551,2012-10-23,2013-02-18,RB,RB1305,rb1305
65868f79f30b23a817daa552,2013-02-19,2013-07-03,RB,RB1310,rb1310
65868f79f30b23a817daa553,2013-07-04,2013-10-30,RB,RB1401,rb1401
65868f79f30b23a817daa554,2013-10-31,2014-03-04,RB,RB1405,rb1405
65868f79f30b23a817daa555,2014-03-05,2014-07-07,RB,RB1410,rb1410
65868f79f30b23a817daa556,2014-07-08,2014-10-20,RB,RB1501,rb1501
65868f79f30b23a817daa557,2014-10-21,2015-03-11,RB,RB1505,rb1505
65868f79f30b23a817daa558,2015-03-12,2015-07-20,RB,RB1510,rb1510
65868f79f30b23a817daa559,2015-07-21,2015-11-04,RB,RB1601,rb1601
65868f79f30b23a817daa55a,2015-11-05,2016-03-11,RB,RB1605,rb1605
65868f79f30b23a817daa55b,2016-03-14,2016-08-17,RB,RB1610,rb1610
65868f79f30b23a817daa55c,2016-08-18,2016-11-25,RB,RB1701,rb1701
65868f79f30b23a817daa55d,2016-11-28,2017-03-22,RB,RB1705,rb1705
65868f79f30b23a817daa55e,2017-03-23,2017-08-08,RB,RB1710,rb1710
65868f79f30b23a817daa55f,2017-08-09,2017-11-09,RB,RB1801,rb1801
65868f79f30b23a817daa560,2017-11-10,2018-03-27,RB,RB1805,rb1805
65868f79f30b23a817daa561,2018-03-28,2018-08-17,RB,RB1810,rb1810
65868f79f30b23a817daa562,2018-08-20,2018-11-28,RB,RB1901,rb1901
65868f79f30b23a817daa563,2018-11-29,2019-03-29,RB,RB1905,rb1905
65868f79f30b23a817daa564,2019-04-01,2019-08-21,RB,RB1910,rb1910
65868f79f30b23a817daa565,2019-08-22,2019-12-05,RB,RB2001,rb2001
65868f79f30b23a817daa566,2019-12-06,2020-03-20,RB,RB2005,rb2005
65868f79f30b23a817daa567,2020-03-23,2020-08-24,RB,RB2010,rb2010
65868f79f30b23a817daa568,2020-08-25,2020-12-04,RB,RB2101,rb2101
65868f79f30b23a817daa569,2020-12-07,2021-04-01,RB,RB2105,rb2105
65868f79f30b23a817daa56a,2021-04-02,2021-08-11,RB,RB2110,rb2110
65868f79f30b23a817daa56b,2021-08-12,2021-11-17,RB,RB2201,rb2201
65868f79f30b23a817daa56c,2021-11-18,2022-03-24,RB,RB2205,rb2205
65868f79f30b23a817daa56d,2022-03-25,2022-08-29,RB,RB2210,rb2210
65868f79f30b23a817daa56e,2022-08-30,2022-11-29,RB,RB2301,rb2301
65868f79f30b23a817daa56f,2022-11-30,2023-03-31,RB,RB2305,rb2305
65868f79f30b23a817daa570,2023-04-03,2023-08-31,RB,RB2310,rb2310
65868f79f30b23a817daa571,2023-09-01,2023-11-30,RB,RB2401,rb2401
65868f79f30b23a817daa572,2023-12-01,2024-03-29,RB,RB2405,rb2405
65868f79f30b23a817daa573,2012-12-28,2013-02-18,RM,RM1305,RM305
65868f79f30b23a817daa574,2013-02-19,2013-05-30,RM,RM1309,RM309
65868f79f30b23a817daa575,2013-05-31,2013-11-13,RM,RM1401,RM401
65868f79f30b23a817daa576,2013-11-14,2014-01-30,RM,RM1405,RM405
65868f79f30b23a817daa577,2014-02-07,2014-07-24,RM,RM1409,RM409
65868f79f30b23a817daa578,2014-07-25,2014-11-12,RM,RM1501,RM501
65868f79f30b23a817daa579,2014-11-13,2015-03-03,RM,RM1505,RM505
65868f79f30b23a817daa57a,2015-03-04,2015-07-23,RM,RM1509,RM509
65868f79f30b23a817daa57b,2015-07-24,2015-11-30,RM,RM1601,RM601
65868f79f30b23a817daa57c,2015-12-01,2016-03-14,RM,RM1605,RM605
65868f79f30b23a817daa57d,2016-03-15,2016-08-04,RM,RM1609,RM609
65868f79f30b23a817daa57e,2016-08-05,2016-11-25,RM,RM1701,RM701
65868f79f30b23a817daa57f,2016-11-28,2017-03-20,RM,RM1705,RM705
65868f79f30b23a817daa580,2017-03-21,2017-08-02,RM,RM1709,RM709
65868f79f30b23a817daa581,2017-08-03,2017-12-06,RM,RM1801,RM801
65868f79f30b23a817daa582,2017-12-07,2018-03-26,RM,RM1805,RM805
65868f79f30b23a817daa583,2018-03-27,2018-07-26,RM,RM1809,RM809
65868f79f30b23a817daa584,2018-07-27,2018-11-29,RM,RM1901,RM901
65868f79f30b23a817daa585,2018-11-30,2019-04-02,RM,RM1905,RM905
65868f79f30b23a817daa586,2019-04-03,2019-08-08,RM,RM1909,RM909
65868f79f30b23a817daa587,2019-08-09,2019-12-04,RM,RM2001,RM001
65868f79f30b23a817daa588,2019-12-05,2020-03-19,RM,RM2005,RM005
65868f79f30b23a817daa589,2020-03-20,2020-08-06,RM,RM2009,RM009
65868f79f30b23a817daa58a,2020-08-07,2020-11-24,RM,RM2101,RM101
65868f79f30b23a817daa58b,2020-11-25,2021-04-06,RM,RM2105,RM105
65868f79f30b23a817daa58c,2021-04-07,2021-08-11,RM,RM2109,RM109
65868f79f30b23a817daa58d,2021-08-12,2021-12-08,RM,RM2201,RM201
65868f79f30b23a817daa58e,2021-12-09,2022-03-28,RM,RM2205,RM205
65868f79f30b23a817daa58f,2022-03-29,2022-06-28,RM,RM2209,RM209
65868f79f30b23a817daa590,2022-06-29,2022-12-08,RM,RM2301,RM301
65868f79f30b23a817daa591,2022-12-09,2023-04-12,RM,RM2305,RM305
65868f79f30b23a817daa592,2023-04-13,2023-08-01,RM,RM2309,RM309
65868f79f30b23a817daa593,2023-08-02,2023-08-23,RM,RM2311,RM311
65868f79f30b23a817daa594,2023-08-24,2023-11-14,RM,RM2401,RM401
65868f79f30b23a817daa595,2023-11-15,2024-01-15,RM,RM2403,RM403
65868f79f30b23a817daa596,2010-01-04,2010-03-01,RU,RU1005,ru1005
65868f79f30b23a817daa597,2010-03-02,2010-06-21,RU,RU1009,ru1009
65868f79f30b23a817daa598,2010-06-22,2010-07-29,RU,RU1011,ru1011
65868f79f30b23a817daa599,2010-07-30,2010-09-13,RU,RU1101,ru1101
65868f79f30b23a817daa59a,2010-09-14,2010-10-25,RU,RU1103,ru1103
65868f79f30b23a817daa59b,2010-10-26,2011-03-16,RU,RU1105,ru1105
65868f79f30b23a817daa59c,2011-03-17,2011-07-04,RU,RU1109,ru1109
65868f79f30b23a817daa59d,2011-07-05,2011-11-15,RU,RU1201,ru1201
65868f79f30b23a817daa59e,2011-11-16,2012-04-05,RU,RU1205,ru1205
65868f79f30b23a817daa59f,2012-04-06,2012-07-20,RU,RU1209,ru1209
65868f79f30b23a817daa5a0,2012-07-23,2012-11-01,RU,RU1301,ru1301
65868f79f30b23a817daa5a1,2012-11-02,2013-02-18,RU,RU1305,ru1305
65868f79f30b23a817daa5a2,2013-02-19,2013-06-27,RU,RU1309,ru1309
65868f79f30b23a817daa5a3,2013-06-28,2013-11-04,RU,RU1401,ru1401
65868f79f30b23a817daa5a4,2013-11-05,2014-02-28,RU,RU1405,ru1405
65868f79f30b23a817daa5a5,2014-03-03,2014-07-24,RU,RU1409,ru1409
65868f79f30b23a817daa5a6,2014-07-25,2014-11-20,RU,RU1501,ru1501
65868f79f30b23a817daa5a7,2014-11-21,2015-03-02,RU,RU1505,ru1505
65868f79f30b23a817daa5a8,2015-03-03,2015-07-16,RU,RU1509,ru1509
65868f79f30b23a817daa5a9,2015-07-17,2015-11-24,RU,RU1601,ru1601
65868f79f30b23a817daa5aa,2015-11-25,2016-03-17,RU,RU1605,ru1605
65868f79f30b23a817daa5ab,2016-03-18,2016-08-03,RU,RU1609,ru1609
65868f79f30b23a817daa5ac,2016-08-04,2016-11-22,RU,RU1701,ru1701
65868f79f30b23a817daa5ad,2016-11-23,2017-03-24,RU,RU1705,ru1705
65868f79f30b23a817daa5ae,2017-03-27,2017-08-02,RU,RU1709,ru1709
65868f79f30b23a817daa5af,2017-08-03,2017-11-28,RU,RU1801,ru1801
65868f79f30b23a817daa5b0,2017-11-29,2018-03-29,RU,RU1805,ru1805
65868f79f30b23a817daa5b1,2018-03-30,2018-08-07,RU,RU1809,ru1809
65868f79f30b23a817daa5b2,2018-08-08,2018-11-30,RU,RU1901,ru1901
65868f79f30b23a817daa5b3,2018-12-03,2019-03-25,RU,RU1905,ru1905
65868f79f30b23a817daa5b4,2019-03-26,2019-08-08,RU,RU1909,ru1909
65868f79f30b23a817daa5b5,2019-08-09,2019-11-26,RU,RU2001,ru2001
65868f79f30b23a817daa5b6,2019-11-27,2020-03-19,RU,RU2005,ru2005
65868f79f30b23a817daa5b7,2020-03-20,2020-07-31,RU,RU2009,ru2009
65868f79f30b23a817daa5b8,2020-08-03,2020-11-25,RU,RU2101,ru2101
65868f79f30b23a817daa5b9,2020-11-26,2021-03-30,RU,RU2105,ru2105
65868f79f30b23a817daa5ba,2021-03-31,2021-08-04,RU,RU2109,ru2109
65868f79f30b23a817daa5bb,2021-08-05,2021-11-24,RU,RU2201,ru2201
65868f79f30b23a817daa5bc,2021-11-25,2022-03-31,RU,RU2205,ru2205
65868f79f30b23a817daa5bd,2022-04-01,2022-08-04,RU,RU2209,ru2209
65868f79f30b23a817daa5be,2022-08-05,2022-12-01,RU,RU2301,ru2301
65868f79f30b23a817daa5bf,2022-12-02,2023-03-31,RU,RU2305,ru2305
65868f79f30b23a817daa5c0,2023-04-03,2023-08-08,RU,RU2309,ru2309
65868f79f30b23a817daa5c1,2023-08-09,2023-11-30,RU,RU2401,ru2401
65868f79f30b23a817daa5c2,2023-12-01,2024-03-26,RU,RU2405,ru2405
65868f79f30b23a817daa5c3,2019-12-06,2020-04-16,SA,SA2005,SA005
65868f79f30b23a817daa5c4,2020-04-17,2020-08-19,SA,SA2009,SA009
65868f79f30b23a817daa5c5,2020-08-20,2020-12-18,SA,SA2101,SA101
65868f79f30b23a817daa5c6,2020-12-21,2021-04-07,SA,SA2105,SA105
65868f79f30b23a817daa5c7,2021-04-08,2021-07-29,SA,SA2109,SA109
65868f79f30b23a817daa5c8,2021-07-30,2021-12-02,SA,SA2201,SA201
65868f79f30b23a817daa5c9,2021-12-03,2022-03-25,SA,SA2205,SA205
65868f79f30b23a817daa5ca,2022-03-28,2022-08-04,SA,SA2209,SA209
65868f79f30b23a817daa5cb,2022-08-05,2022-12-02,SA,SA2301,SA301
65868f79f30b23a817daa5cc,2022-12-05,2023-03-24,SA,SA2305,SA305
65868f79f30b23a817daa5cd,2023-03-27,2023-07-28,SA,SA2309,SA309
65868f79f30b23a817daa5ce,2023-07-31,2023-12-07,SA,SA2401,SA401
65868f79f30b23a817daa5cf,2023-12-08,2024-03-25,SA,SA2405,SA405
65868f79f30b23a817daa5d0,2018-03-26,2018-08-08,SC,SC1809,sc1809
65868f79f30b23a817daa5d1,2018-08-09,2018-11-16,SC,SC1812,sc1812
65868f79f30b23a817daa5d2,2018-11-19,2018-12-17,SC,SC1901,sc1901
65868f79f30b23a817daa5d3,2018-12-18,2019-02-15,SC,SC1903,sc1903
65868f79f30b23a817daa5d4,2019-02-18,2019-03-15,SC,SC1904,sc1904
65868f79f30b23a817daa5d5,2019-03-18,2019-04-16,SC,SC1905,sc1905
65868f79f30b23a817daa5d6,2019-04-17,2019-05-20,SC,SC1906,sc1906
65868f79f30b23a817daa5d7,2019-05-21,2019-06-17,SC,SC1907,sc1907
65868f79f30b23a817daa5d8,2019-06-18,2019-07-16,SC,SC1908,sc1908
65868f79f30b23a817daa5d9,2019-07-17,2019-08-14,SC,SC1909,sc1909
65868f79f30b23a817daa5da,2019-08-15,2019-09-09,SC,SC1910,sc1910
65868f79f30b23a817daa5db,2019-09-10,2019-10-11,SC,SC1911,sc1911
65868f79f30b23a817daa5dc,2019-10-14,2019-11-15,SC,SC1912,sc1912
65868f79f30b23a817daa5dd,2019-11-18,2019-12-09,SC,SC2001,sc2001
65868f79f30b23a817daa5de,2019-12-10,2020-01-02,SC,SC2002,sc2002
65868f79f30b23a817daa5df,2020-01-03,2020-02-04,SC,SC2003,sc2003
65868f79f30b23a817daa5e0,2020-02-05,2020-02-27,SC,SC2004,sc2004
65868f79f30b23a817daa5e1,2020-02-28,2020-03-18,SC,SC2005,sc2005
65868f79f30b23a817daa5e2,2020-03-19,2020-04-29,SC,SC2006,sc2006
65868f79f30b23a817daa5e3,2020-04-30,2020-06-09,SC,SC2007,sc2007
65868f79f30b23a817daa5e4,2020-06-17,2020-07-20,SC,SC2009,sc2009
65868f79f30b23a817daa5e5,2020-06-10,2020-06-16,SC,SC2008,sc2008
65868f79f30b23a817daa5e6,2020-07-21,2020-09-09,SC,SC2010,sc2010
65868f79f30b23a817daa5e7,2020-09-10,2020-09-29,SC,SC2011,sc2011
65868f79f30b23a817daa5e8,2020-09-30,2020-11-02,SC,SC2012,sc2012
65868f79f30b23a817daa5e9,2020-11-03,2020-12-04,SC,SC2101,sc2101
65868f79f30b23a817daa5ea,2020-12-07,2021-01-06,SC,SC2102,sc2102
65868f79f30b23a817daa5eb,2021-01-07,2021-02-04,SC,SC2103,sc2103
65868f79f30b23a817daa5ec,2021-02-05,2021-03-03,SC,SC2104,sc2104
65868f79f30b23a817daa5ed,2021-03-04,2021-04-13,SC,SC2105,sc2105
65868f79f30b23a817daa5ee,2021-04-14,2021-05-11,SC,SC2106,sc2106
65868f79f30b23a817daa5ef,2021-05-12,2021-06-15,SC,SC2107,sc2107
65868f79f30b23a817daa5f0,2021-06-16,2021-07-14,SC,SC2108,sc2108
65868f79f30b23a817daa5f1,2021-07-15,2021-08-11,SC,SC2109,sc2109
65868f79f30b23a817daa5f2,2021-08-12,2021-09-07,SC,SC2110,sc2110
65868f79f30b23a817daa5f3,2021-09-08,2021-10-12,SC,SC2111,sc2111
65868f79f30b23a817daa5f4,2021-10-13,2021-11-15,SC,SC2112,sc2112
65868f79f30b23a817daa5f5,2021-11-16,2021-12-08,SC,SC2201,sc2201
65868f79f30b23a817daa5f6,2021-12-09,2022-01-07,SC,SC2202,sc2202
65868f79f30b23a817daa5f7,2022-01-10,2022-02-08,SC,SC2203,sc2203
65868f79f30b23a817daa5f8,2022-02-09,2022-03-18,SC,SC2204,sc2204
65868f79f30b23a817daa5f9,2022-03-21,2022-04-15,SC,SC2205,sc2205
65868f79f30b23a817daa5fa,2022-04-18,2022-05-12,SC,SC2206,sc2206
65868f79f30b23a817daa5fb,2022-05-13,2022-06-16,SC,SC2207,sc2207
65868f79f30b23a817daa5fc,2022-06-17,2022-07-12,SC,SC2208,sc2208
65868f79f30b23a817daa5fd,2022-07-13,2022-08-10,SC,SC2209,sc2209
65868f79f30b23a817daa5fe,2022-08-11,2022-09-08,SC,SC2210,sc2210
65868f79f30b23a817daa5ff,2022-09-09,2022-10-11,SC,SC2211,sc2211
65868f79f30b23a817daa600,2022-10-12,2022-11-14,SC,SC2212,sc2212
65868f79f30b23a817daa601,2022-11-15,2022-12-09,SC,SC2301,sc2301
65868f79f30b23a817daa602,2022-12-12,2023-01-03,SC,SC2302,sc2302
65868f79f30b23a817daa603,2023-01-04,2023-02-06,SC,SC2303,sc2303
65868f79f30b23a817daa604,2023-02-07,2023-03-14,SC,SC2304,sc2304
65868f79f30b23a817daa605,2023-03-15,2023-04-13,SC,SC2305,sc2305
65868f79f30b23a817daa606,2023-04-14,2023-05-15,SC,SC2306,sc2306
65868f79f30b23a817daa607,2023-05-16,2023-06-15,SC,SC2307,sc2307
65868f79f30b23a817daa608,2023-06-16,2023-07-12,SC,SC2308,sc2308
65868f79f30b23a817daa609,2023-07-13,2023-08-15,SC,SC2309,sc2309
65868f79f30b23a817daa60a,2023-08-16,2023-09-14,SC,SC2310,sc2310
65868f79f30b23a817daa60b,2023-09-15,2023-10-16,SC,SC2311,sc2311
65868f79f30b23a817daa60c,2023-10-17,2023-11-14,SC,SC2312,sc2312
65868f79f30b23a817daa60d,2023-11-15,2023-12-13,SC,SC2401,sc2401
65868f79f30b23a817daa60e,2023-12-14,2024-01-15,SC,SC2402,sc2402
65868f79f30b23a817daa61a,2017-02-21,2017-03-13,SF,SF1801,SF801
65868f79f30b23a817daa61b,2017-03-14,2017-09-20,SF,SF1802,SF802
65868f79f30b23a817daa61c,2017-09-21,2018-04-19,SF,SF1805,SF805
65868f79f30b23a817daa61d,2018-04-20,2018-08-15,SF,SF1809,SF809
65868f79f30b23a817daa61e,2018-08-16,2018-12-21,SF,SF1901,SF901
65868f79f30b23a817daa61f,2018-12-24,2019-04-22,SF,SF1905,SF905
65868f79f30b23a817daa620,2019-04-23,2019-08-23,SF,SF1909,SF909
65868f79f30b23a817daa621,2019-08-26,2019-12-23,SF,SF2001,SF001
65868f79f30b23a817daa622,2019-12-24,2020-04-10,SF,SF2005,SF005
65868f79f30b23a817daa623,2020-06-15,2020-07-08,SF,SF2009,SF009
65868f79f30b23a817daa624,2020-04-13,2020-06-12,SF,SF2008,SF008
65868f79f30b23a817daa625,2020-07-09,2020-09-24,SF,SF2010,SF010
65868f79f30b23a817daa626,2020-09-25,2020-12-15,SF,SF2101,SF101
65868f79f30b23a817daa627,2020-12-16,2021-04-16,SF,SF2105,SF105
65868f79f30b23a817daa628,2021-04-19,2021-08-16,SF,SF2109,SF109
65868f79f30b23a817daa629,2021-08-17,2021-12-21,SF,SF2201,SF201
65868f79f30b23a817daa62a,2021-12-22,2022-04-14,SF,SF2205,SF205
65868f79f30b23a817daa62b,2022-04-15,2022-08-16,SF,SF2209,SF209
65868f79f30b23a817daa62c,2022-08-17,2022-09-01,SF,SF2210,SF210
65868f79f30b23a817daa62d,2022-09-02,2022-10-11,SF,SF2211,SF211
65868f79f30b23a817daa62e,2022-10-12,2022-10-24,SF,SF2212,SF212
65868f79f30b23a817daa62f,2022-10-25,2022-12-16,SF,SF2301,SF301
65868f79f30b23a817daa630,2022-12-19,2023-01-31,SF,SF2303,SF303
65868f79f30b23a817daa631,2023-02-01,2023-02-03,SF,SF2304,SF304
65868f79f30b23a817daa632,2023-02-06,2023-04-12,SF,SF2305,SF305
65868f79f30b23a817daa633,2023-04-13,2023-04-28,SF,SF2306,SF306
65868f79f30b23a817daa634,2023-05-04,2023-06-01,SF,SF2307,SF307
65868f79f30b23a817daa635,2023-06-02,2023-06-26,SF,SF2309,SF309
65868f79f30b23a817daa636,2023-06-27,2023-08-24,SF,SF2310,SF310
65868f79f30b23a817daa637,2023-08-25,2023-09-27,SF,SF2311,SF311
65868f79f30b23a817daa638,2023-09-28,2023-10-30,SF,SF2312,SF312
65868f79f30b23a817daa639,2023-10-31,2023-12-26,SF,SF2402,SF402
65868f79f30b23a817daa640,2016-08-31,2016-12-15,SM,SM1701,SM701
65868f79f30b23a817daa641,2016-12-16,2017-04-14,SM,SM1705,SM705
65868f79f30b23a817daa642,2017-04-17,2017-08-10,SM,SM1709,SM709
65868f79f30b23a817daa643,2017-08-11,2017-12-22,SM,SM1801,SM801
65868f79f30b23a817daa644,2017-12-25,2018-04-24,SM,SM1805,SM805
65868f79f30b23a817daa645,2018-04-25,2018-08-14,SM,SM1809,SM809
65868f79f30b23a817daa646,2018-08-15,2018-12-21,SM,SM1901,SM901
65868f79f30b23a817daa647,2018-12-24,2019-04-19,SM,SM1905,SM905
65868f79f30b23a817daa648,2019-04-22,2019-08-19,SM,SM1909,SM909
65868f79f30b23a817daa649,2019-08-20,2019-12-16,SM,SM2001,SM001
65868f79f30b23a817daa64a,2019-12-17,2020-04-10,SM,SM2005,SM005
65868f79f30b23a817daa64b,2020-04-13,2020-08-20,SM,SM2009,SM009
65868f79f30b23a817daa64c,2020-08-21,2020-12-10,SM,SM2101,SM101
65868f79f30b23a817daa64d,2020-12-11,2021-04-16,SM,SM2105,SM105
65868f79f30b23a817daa64e,2021-04-19,2021-08-17,SM,SM2109,SM109
65868f79f30b23a817daa64f,2021-08-18,2021-12-21,SM,SM2201,SM201
65868f79f30b23a817daa650,2021-12-22,2022-04-15,SM,SM2205,SM205
65868f79f30b23a817daa651,2022-04-18,2022-08-22,SM,SM2209,SM209
65868f79f30b23a817daa652,2022-08-23,2022-12-16,SM,SM2301,SM301
65868f79f30b23a817daa653,2022-12-19,2023-04-13,SM,SM2305,SM305
65868f79f30b23a817daa654,2023-04-14,2023-05-04,SM,SM2306,SM306
65868f79f30b23a817daa655,2023-05-05,2023-05-19,SM,SM2307,SM307
65868f79f30b23a817daa656,2023-05-22,2023-06-30,SM,SM2309,SM309
65868f79f30b23a817daa657,2023-07-03,2023-08-23,SM,SM2310,SM310
65868f79f30b23a817daa658,2023-08-24,2023-09-26,SM,SM2311,SM311
65868f79f30b23a817daa659,2023-09-27,2023-10-27,SM,SM2312,SM312
65868f79f30b23a817daa65a,2023-10-30,2023-12-26,SM,SM2402,SM402
65868f79f30b23a817daa65d,2015-09-14,2015-12-22,SN,SN1601,sn1601
65868f79f30b23a817daa65e,2015-12-23,2016-05-04,SN,SN1605,sn1605
65868f79f30b23a817daa65f,2016-05-05,2016-08-31,SN,SN1609,sn1609
65868f79f30b23a817daa660,2016-09-01,2016-12-29,SN,SN1701,sn1701
65868f79f30b23a817daa661,2016-12-30,2017-04-25,SN,SN1705,sn1705
65868f79f30b23a817daa662,2017-04-26,2017-08-30,SN,SN1709,sn1709
65868f79f30b23a817daa663,2017-08-31,2017-12-22,SN,SN1801,sn1801
65868f79f30b23a817daa664,2017-12-25,2018-04-17,SN,SN1805,sn1805
65868f79f30b23a817daa665,2018-04-18,2018-08-15,SN,SN1809,sn1809
65868f79f30b23a817daa666,2018-08-16,2018-12-06,SN,SN1901,sn1901
65868f79f30b23a817daa667,2018-12-07,2019-04-10,SN,SN1905,sn1905
65868f79f30b23a817daa668,2019-04-11,2019-08-09,SN,SN1909,sn1909
65868f79f30b23a817daa669,2019-08-12,2019-12-04,SN,SN2001,sn2001
65868f79f30b23a817daa66a,2019-12-05,2019-12-31,SN,SN2005,sn2005
65868f79f30b23a817daa66b,2020-01-02,2020-04-27,SN,SN2006,sn2006
65868f79f30b23a817daa66c,2020-04-28,2020-05-26,SN,SN2007,sn2007
65868f79f30b23a817daa66d,2020-05-27,2020-06-30,SN,SN2008,sn2008
65868f79f30b23a817daa66e,2020-07-01,2020-07-27,SN,SN2009,sn2009
65868f79f30b23a817daa66f,2020-07-28,2020-08-25,SN,SN2010,sn2010
65868f79f30b23a817daa670,2020-08-26,2020-09-24,SN,SN2011,sn2011
65868f79f30b23a817daa671,2020-09-25,2020-10-26,SN,SN2012,sn2012
65868f79f30b23a817daa672,2020-10-27,2020-11-27,SN,SN2101,sn2101
65868f79f30b23a817daa673,2020-11-30,2020-12-28,SN,SN2102,sn2102
65868f79f30b23a817daa674,2020-12-29,2021-01-29,SN,SN2103,sn2103
65868f79f30b23a817daa675,2021-02-01,2021-02-25,SN,SN2104,sn2104
65868f79f30b23a817daa676,2021-02-26,2021-03-29,SN,SN2105,sn2105
65868f79f30b23a817daa677,2021-03-30,2021-04-28,SN,SN2106,sn2106
65868f79f30b23a817daa678,2021-04-29,2021-06-16,SN,SN2107,sn2107
65868f79f30b23a817daa679,2021-06-17,2021-07-22,SN,SN2108,sn2108
65868f79f30b23a817daa67a,2021-07-23,2021-08-26,SN,SN2109,sn2109
65868f79f30b23a817daa67b,2021-08-27,2021-09-23,SN,SN2110,sn2110
65868f79f30b23a817daa67c,2021-09-24,2021-10-22,SN,SN2111,sn2111
65868f79f30b23a817daa67d,2021-10-25,2021-11-24,SN,SN2112,sn2112
65868f79f30b23a817daa67e,2021-11-25,2021-12-24,SN,SN2201,sn2201
65868f79f30b23a817daa67f,2021-12-27,2022-01-24,SN,SN2202,sn2202
65868f79f30b23a817daa680,2022-01-25,2022-02-23,SN,SN2203,sn2203
65868f79f30b23a817daa681,2022-02-24,2022-04-26,SN,SN2205,sn2205
65868f79f30b23a817daa682,2022-04-27,2022-05-27,SN,SN2206,sn2206
65868f79f30b23a817daa683,2022-05-30,2022-06-27,SN,SN2207,sn2207
65868f79f30b23a817daa684,2022-06-28,2022-07-21,SN,SN2208,sn2208
65868f79f30b23a817daa685,2022-07-22,2022-08-23,SN,SN2209,sn2209
65868f79f30b23a817daa686,2022-08-24,2022-09-26,SN,SN2210,sn2210
65868f79f30b23a817daa687,2022-09-27,2022-10-17,SN,SN2211,sn2211
65868f79f30b23a817daa688,2022-10-18,2022-11-24,SN,SN2212,sn2212
65868f79f30b23a817daa689,2022-11-25,2022-12-23,SN,SN2301,sn2301
65868f79f30b23a817daa68a,2022-12-26,2023-01-17,SN,SN2302,sn2302
65868f79f30b23a817daa68b,2023-01-18,2023-02-24,SN,SN2303,sn2303
65868f79f30b23a817daa68c,2023-02-27,2023-03-28,SN,SN2304,sn2304
65868f79f30b23a817daa68d,2023-03-29,2023-04-21,SN,SN2305,sn2305
65868f79f30b23a817daa68e,2023-04-24,2023-05-24,SN,SN2306,sn2306
65868f79f30b23a817daa68f,2023-05-25,2023-06-20,SN,SN2307,sn2307
65868f79f30b23a817daa690,2023-06-21,2023-07-24,SN,SN2308,sn2308
65868f79f30b23a817daa691,2023-07-25,2023-08-21,SN,SN2309,sn2309
65868f79f30b23a817daa692,2023-08-22,2023-09-21,SN,SN2310,sn2310
65868f79f30b23a817daa693,2023-09-22,2023-10-24,SN,SN2311,sn2311
65868f79f30b23a817daa694,2023-10-25,2023-11-20,SN,SN2312,sn2312
65868f79f30b23a817daa695,2023-11-21,2023-12-19,SN,SN2401,sn2401
65868f79f30b23a817daa696,2023-12-20,2024-01-22,SN,SN2402,sn2402
65868f79f30b23a817daa697,2018-11-27,2019-05-06,SP,SP1906,sp1906
65868f79f30b23a817daa698,2019-05-07,2019-08-09,SP,SP1909,sp1909
65868f79f30b23a817daa699,2019-08-12,2019-12-12,SP,SP2001,sp2001
65868f79f30b23a817daa69a,2019-12-13,2020-04-03,SP,SP2005,sp2005
65868f79f30b23a817daa69b,2020-04-07,2020-08-07,SP,SP2009,sp2009
65868f79f30b23a817daa69c,2020-08-10,2020-11-06,SP,SP2012,sp2012
65868f79f30b23a817daa69d,2020-11-09,2020-12-02,SP,SP2101,sp2101
65868f79f30b23a817daa69e,2020-12-03,2021-02-03,SP,SP2103,sp2103
65868f79f30b23a817daa69f,2021-02-04,2021-04-01,SP,SP2105,sp2105
65868f79f30b23a817daa6a0,2021-04-02,2021-05-12,SP,SP2106,sp2106
65868f79f30b23a817daa6a1,2021-05-13,2021-06-09,SP,SP2107,sp2107
65868f79f30b23a817daa6a2,2021-06-10,2021-08-16,SP,SP2109,sp2109
65868f79f30b23a817daa6a3,2021-08-17,2021-09-09,SP,SP2110,sp2110
65868f79f30b23a817daa6a4,2021-09-10,2021-10-19,SP,SP2111,sp2111
65868f79f30b23a817daa6a5,2021-10-20,2021-11-05,SP,SP2112,sp2112
65868f79f30b23a817daa6a6,2021-11-08,2021-12-13,SP,SP2201,sp2201
65868f79f30b23a817daa6a7,2021-12-14,2022-04-07,SP,SP2205,sp2205
65868f79f30b23a817daa6a8,2022-04-08,2022-08-11,SP,SP2209,sp2209
65868f79f30b23a817daa6a9,2022-08-12,2022-12-14,SP,SP2301,sp2301
65868f79f30b23a817daa6aa,2022-12-15,2023-04-14,SP,SP2305,sp2305
65868f79f30b23a817daa6ab,2023-04-17,2023-08-14,SP,SP2309,sp2309
65868f79f30b23a817daa6ac,2023-08-15,2023-12-12,SP,SP2401,sp2401
65868f79f30b23a817daa6ad,2023-12-13,2024-04-09,SP,SP2405,sp2405
65868f79f30b23a817daa6ae,2010-01-04,2010-03-18,SR,SR1009,SR009
65868f79f30b23a817daa6af,2010-03-19,2010-08-18,SR,SR1101,SR101
65868f79f30b23a817daa6b0,2010-08-19,2010-11-01,SR,SR1105,SR105
65868f79f30b23a817daa6b1,2010-11-02,2011-06-14,SR,SR1109,SR109
65868f79f30b23a817daa6b2,2011-06-15,2011-09-19,SR,SR1201,SR201
65868f79f30b23a817daa6b3,2011-09-20,2011-12-28,SR,SR1205,SR205
65868f79f30b23a817daa6b4,2011-12-29,2012-05-28,SR,SR1209,SR209
65868f79f30b23a817daa6b5,2012-05-29,2012-10-26,SR,SR1301,SR301
65868f79f30b23a817daa6b6,2012-10-29,2013-01-23,SR,SR1305,SR305
65868f79f30b23a817daa6b7,2013-01-24,2013-06-28,SR,SR1309,SR309
65868f79f30b23a817daa6b8,2013-07-01,2013-11-11,SR,SR1401,SR401
65868f79f30b23a817daa6b9,2013-11-12,2014-02-21,SR,SR1405,SR405
65868f79f30b23a817daa6ba,2014-02-24,2014-06-18,SR,SR1409,SR409
65868f79f30b23a817daa6bb,2014-06-19,2014-11-11,SR,SR1501,SR501
65868f79f30b23a817daa6bc,2014-11-12,2015-02-13,SR,SR1505,SR505
65868f79f30b23a817daa6bd,2015-02-16,2015-06-24,SR,SR1509,SR509
65868f79f30b23a817daa6be,2015-06-25,2015-11-17,SR,SR1601,SR601
65868f79f30b23a817daa6bf,2015-11-18,2016-03-01,SR,SR1605,SR605
65868f79f30b23a817daa6c0,2016-03-02,2016-07-21,SR,SR1609,SR609
65868f79f30b23a817daa6c1,2016-07-22,2016-12-07,SR,SR1701,SR701
65868f79f30b23a817daa6c2,2016-12-08,2017-03-30,SR,SR1705,SR705
65868f79f30b23a817daa6c3,2017-03-31,2017-07-17,SR,SR1709,SR709
65868f79f30b23a817daa6c4,2017-07-18,2017-12-13,SR,SR1801,SR801
65868f79f30b23a817daa6c5,2017-12-14,2018-03-29,SR,SR1805,SR805
65868f79f30b23a817daa6c6,2018-03-30,2018-07-30,SR,SR1809,SR809
65868f79f30b23a817daa6c7,2018-07-31,2018-11-12,SR,SR1901,SR901
65868f79f30b23a817daa6c8,2018-11-13,2019-03-19,SR,SR1905,SR905
65868f79f30b23a817daa6c9,2019-03-20,2019-07-26,SR,SR1909,SR909
65868f79f30b23a817daa6ca,2019-07-29,2019-12-03,SR,SR2001,SR001
65868f79f30b23a817daa6cb,2019-12-04,2020-03-17,SR,SR2005,SR005
65868f79f30b23a817daa6cc,2020-03-18,2020-08-04,SR,SR2009,SR009
65868f79f30b23a817daa6cd,2020-08-05,2020-11-27,SR,SR2101,SR101
65868f79f30b23a817daa6ce,2020-11-30,2021-03-16,SR,SR2105,SR105
65868f79f30b23a817daa6cf,2021-03-17,2021-08-10,SR,SR2109,SR109
65868f79f30b23a817daa6d0,2021-08-11,2021-12-03,SR,SR2201,SR201
65868f79f30b23a817daa6d1,2021-12-06,2022-04-06,SR,SR2205,SR205
65868f79f30b23a817daa6d2,2022-04-07,2022-08-10,SR,SR2209,SR209
65868f79f30b23a817daa6d3,2022-08-11,2022-11-21,SR,SR2301,SR301
65868f79f30b23a817daa6d4,2022-11-22,2023-01-30,SR,SR2303,SR303
65868f79f30b23a817daa6d5,2023-01-31,2023-03-20,SR,SR2305,SR305
65868f79f30b23a817daa6d6,2023-03-21,2023-05-11,SR,SR2307,SR307
65868f79f30b23a817daa6d7,2023-05-12,2023-07-28,SR,SR2309,SR309
65868f79f30b23a817daa6d8,2023-07-31,2023-12-04,SR,SR2401,SR401
65868f79f30b23a817daa6d9,2023-12-05,2024-04-03,SR,SR2405,SR405
65868f79f30b23a817daa6da,2019-09-25,2019-12-30,SS,SS2002,ss2002
65868f79f30b23a817daa6db,2019-12-31,2020-04-27,SS,SS2006,ss2006
65868f79f30b23a817daa6dc,2020-04-28,2020-05-27,SS,SS2007,ss2007
65868f79f30b23a817daa6dd,2020-05-28,2020-06-30,SS,SS2008,ss2008
65868f79f30b23a817daa6de,2020-07-01,2020-07-30,SS,SS2009,ss2009
65868f79f30b23a817daa6df,2020-07-31,2020-08-24,SS,SS2010,ss2010
65868f79f30b23a817daa6e0,2020-08-25,2020-09-25,SS,SS2011,ss2011
65868f79f30b23a817daa6e1,2020-09-28,2020-10-23,SS,SS2012,ss2012
65868f79f30b23a817daa6e2,2020-10-26,2020-11-23,SS,SS2101,ss2101
65868f79f30b23a817daa6e3,2020-11-24,2020-12-24,SS,SS2102,ss2102
65868f79f30b23a817daa6e4,2020-12-25,2021-01-25,SS,SS2103,ss2103
65868f79f30b23a817daa6e5,2021-01-26,2021-02-25,SS,SS2104,ss2104
65868f79f30b23a817daa6e6,2021-02-26,2021-03-25,SS,SS2105,ss2105
65868f79f30b23a817daa6e7,2021-03-26,2021-04-30,SS,SS2106,ss2106
65868f79f30b23a817daa6e8,2021-05-06,2021-06-07,SS,SS2107,ss2107
65868f79f30b23a817daa6e9,2021-06-08,2021-07-23,SS,SS2108,ss2108
65868f79f30b23a817daa6ea,2021-07-26,2021-08-24,SS,SS2109,ss2109
65868f79f30b23a817daa6eb,2021-08-25,2021-09-27,SS,SS2110,ss2110
65868f79f30b23a817daa6ec,2021-09-28,2021-10-22,SS,SS2111,ss2111
65868f79f30b23a817daa6ed,2021-10-25,2021-11-11,SS,SS2112,ss2112
65868f79f30b23a817daa6ee,2021-11-12,2021-12-15,SS,SS2201,ss2201
65868f79f30b23a817daa6ef,2021-12-16,2022-01-17,SS,SS2202,ss2202
65868f79f30b23a817daa6f0,2022-01-18,2022-02-18,SS,SS2203,ss2203
65868f79f30b23a817daa6f1,2022-02-21,2022-03-24,SS,SS2204,ss2204
65868f79f30b23a817daa6f2,2022-03-25,2022-04-21,SS,SS2205,ss2205
65868f79f30b23a817daa6f3,2022-04-22,2022-05-26,SS,SS2206,ss2206
65868f79f30b23a817daa6f4,2022-05-27,2022-06-24,SS,SS2207,ss2207
65868f79f30b23a817daa6f5,2022-06-27,2022-07-21,SS,SS2208,ss2208
65868f79f30b23a817daa6f6,2022-07-22,2022-08-23,SS,SS2209,ss2209
65868f79f30b23a817daa6f7,2022-08-24,2022-09-22,SS,SS2210,ss2210
65868f79f30b23a817daa6f8,2022-09-23,2022-10-21,SS,SS2211,ss2211
65868f79f30b23a817daa6f9,2022-10-24,2022-11-22,SS,SS2212,ss2212
65868f79f30b23a817daa6fa,2022-11-23,2022-12-20,SS,SS2301,ss2301
65868f79f30b23a817daa6fb,2022-12-21,2023-01-16,SS,SS2302,ss2302
65868f79f30b23a817daa6fc,2023-01-17,2023-02-21,SS,SS2303,ss2303
65868f79f30b23a817daa6fd,2023-02-22,2023-03-20,SS,SS2304,ss2304
65868f79f30b23a817daa6fe,2023-03-21,2023-04-14,SS,SS2305,ss2305
65868f79f30b23a817daa6ff,2023-04-17,2023-05-18,SS,SS2306,ss2306
65868f79f30b23a817daa700,2023-05-19,2023-06-20,SS,SS2307,ss2307
65868f79f30b23a817daa701,2023-06-21,2023-07-17,SS,SS2308,ss2308
65868f79f30b23a817daa702,2023-07-18,2023-08-11,SS,SS2309,ss2309
65868f79f30b23a817daa703,2023-08-14,2023-09-06,SS,SS2310,ss2310
65868f79f30b23a817daa704,2023-09-07,2023-10-17,SS,SS2311,ss2311
65868f79f30b23a817daa705,2023-10-18,2023-11-13,SS,SS2312,ss2312
65868f79f30b23a817daa706,2023-11-14,2023-12-08,SS,SS2401,ss2401
65868f79f30b23a817daa707,2023-12-11,2024-01-05,SS,SS2402,ss2402
65868f79f30b23a817daa708,2015-03-20,2015-08-12,T,T1509,T1509
65868f79f30b23a817daa709,2015-08-13,2015-11-16,T,T1512,T1512
65868f79f30b23a817daa70a,2015-11-17,2016-02-04,T,T1603,T1603
65868f79f30b23a817daa70b,2016-02-05,2016-05-05,T,T1606,T1606
65868f79f30b23a817daa70c,2016-05-06,2016-08-08,T,T1609,T1609
65868f79f30b23a817daa70d,2016-08-09,2016-11-08,T,T1612,T1612
65868f79f30b23a817daa70e,2016-11-09,2017-01-19,T,T1703,T1703
65868f79f30b23a817daa70f,2017-01-20,2017-05-09,T,T1706,T1706
65868f79f30b23a817daa710,2017-05-10,2017-08-07,T,T1709,T1709
65868f79f30b23a817daa711,2017-08-08,2017-11-09,T,T1712,T1712
65868f79f30b23a817daa712,2017-11-10,2018-02-07,T,T1803,T1803
65868f79f30b23a817daa713,2018-02-08,2018-05-16,T,T1806,T1806
65868f79f30b23a817daa714,2018-05-17,2018-08-13,T,T1809,T1809
65868f79f30b23a817daa715,2018-08-14,2018-11-13,T,T1812,T1812
65868f79f30b23a817daa716,2018-11-14,2019-02-19,T,T1903,T1903
65868f79f30b23a817daa717,2019-02-20,2019-05-20,T,T1906,T1906
65868f79f30b23a817daa718,2019-05-21,2019-08-14,T,T1909,T1909
65868f79f30b23a817daa719,2019-08-15,2019-11-15,T,T1912,T1912
65868f79f30b23a817daa71a,2019-11-18,2020-02-14,T,T2003,T2003
65868f79f30b23a817daa71b,2020-02-17,2020-05-13,T,T2006,T2006
65868f79f30b23a817daa71c,2020-05-14,2020-08-18,T,T2009,T2009
65868f79f30b23a817daa71d,2020-08-19,2020-11-18,T,T2012,T2012
65868f79f30b23a817daa71e,2020-11-19,2021-02-09,T,T2103,T2103
65868f79f30b23a817daa71f,2021-02-10,2021-05-17,T,T2106,T2106
65868f79f30b23a817daa720,2021-05-18,2021-08-16,T,T2109,T2109
65868f79f30b23a817daa721,2021-08-17,2021-11-17,T,T2112,T2112
65868f79f30b23a817daa722,2021-11-18,2022-02-15,T,T2203,T2203
65868f79f30b23a817daa723,2022-02-16,2022-05-17,T,T2206,T2206
65868f79f30b23a817daa724,2022-05-18,2022-08-16,T,T2209,T2209
65868f79f30b23a817daa725,2022-08-17,2022-11-17,T,T2212,T2212
65868f79f30b23a817daa726,2022-11-18,2023-02-20,T,T2303,T2303
65868f79f30b23a817daa727,2023-02-21,2023-05-18,T,T2306,T2306
65868f79f30b23a817daa728,2023-05-19,2023-08-18,T,T2309,T2309
65868f79f30b23a817daa729,2023-08-21,2023-11-21,T,T2312,T2312
65868f79f30b23a817daa72a,2023-11-22,2024-02-20,T,T2403,T2403
65868f79f30b23a817daa72b,2010-01-04,2010-01-21,TA,TA1003,TA003
65868f79f30b23a817daa72c,2010-01-22,2010-03-26,TA,TA1005,TA005
65868f79f30b23a817daa72d,2010-03-29,2010-07-28,TA,TA1009,TA009
65868f79f30b23a817daa72e,2010-07-29,2010-11-01,TA,TA1101,TA101
65868f79f30b23a817daa72f,2010-11-02,2011-03-24,TA,TA1105,TA105
65868f79f30b23a817daa730,2011-03-25,2011-07-04,TA,TA1109,TA109
65868f79f30b23a817daa731,2011-07-05,2011-11-21,TA,TA1201,TA201
65868f79f30b23a817daa732,2011-11-22,2012-03-14,TA,TA1205,TA205
65868f79f30b23a817daa733,2012-03-15,2012-07-11,TA,TA1209,TA209
65868f79f30b23a817daa734,2012-07-12,2012-11-05,TA,TA1301,TA301
65868f79f30b23a817daa735,2012-11-06,2013-02-21,TA,TA1305,TA305
65868f79f30b23a817daa736,2013-02-22,2013-07-11,TA,TA1309,TA309
65868f79f30b23a817daa737,2013-07-12,2013-12-04,TA,TA1401,TA401
65868f79f30b23a817daa738,2013-12-05,2014-03-13,TA,TA1405,TA405
65868f79f30b23a817daa739,2014-03-14,2014-08-06,TA,TA1409,TA409
65868f79f30b23a817daa73a,2014-08-07,2014-11-25,TA,TA1501,TA501
65868f79f30b23a817daa73b,2014-11-26,2015-03-30,TA,TA1505,TA505
65868f79f30b23a817daa73c,2015-03-31,2015-08-05,TA,TA1509,TA509
65868f79f30b23a817daa73d,2015-08-06,2015-11-24,TA,TA1601,TA601
65868f79f30b23a817daa73e,2015-11-25,2016-03-30,TA,TA1605,TA605
65868f79f30b23a817daa73f,2016-03-31,2016-08-04,TA,TA1609,TA609
65868f79f30b23a817daa740,2016-08-05,2016-11-17,TA,TA1701,TA701
65868f79f30b23a817daa741,2016-11-18,2017-04-07,TA,TA1705,TA705
65868f79f30b23a817daa742,2017-04-10,2017-08-07,TA,TA1709,TA709
65868f79f30b23a817daa743,2017-08-08,2017-11-22,TA,TA1801,TA801
65868f79f30b23a817daa744,2017-11-23,2018-03-28,TA,TA1805,TA805
65868f79f30b23a817daa745,2018-03-29,2018-08-06,TA,TA1809,TA809
65868f79f30b23a817daa746,2018-08-07,2018-11-30,TA,TA1901,TA901
65868f79f30b23a817daa747,2018-12-03,2019-04-08,TA,TA1905,TA905
65868f79f30b23a817daa748,2019-04-09,2019-08-14,TA,TA1909,TA909
65868f79f30b23a817daa749,2019-08-15,2019-12-10,TA,TA2001,TA001
65868f79f30b23a817daa74a,2019-12-11,2020-03-30,TA,TA2005,TA005
65868f79f30b23a817daa74b,2020-03-31,2020-08-10,TA,TA2009,TA009
65868f79f30b23a817daa74c,2020-08-11,2020-11-25,TA,TA2101,TA101
65868f79f30b23a817daa74d,2020-11-26,2021-03-30,TA,TA2105,TA105
65868f79f30b23a817daa74e,2021-03-31,2021-08-03,TA,TA2109,TA109
65868f79f30b23a817daa74f,2021-08-04,2021-12-08,TA,TA2201,TA201
65868f79f30b23a817daa750,2021-12-09,2022-04-11,TA,TA2205,TA205
65868f79f30b23a817daa751,2022-04-12,2022-08-08,TA,TA2209,TA209
65868f79f30b23a817daa752,2022-08-09,2022-12-07,TA,TA2301,TA301
65868f79f30b23a817daa753,2022-12-08,2023-04-11,TA,TA2305,TA305
65868f79f30b23a817daa754,2023-04-12,2023-08-08,TA,TA2309,TA309
65868f79f30b23a817daa755,2023-08-09,2023-12-06,TA,TA2401,TA401
65868f79f30b23a817daa756,2023-12-07,2024-04-09,TA,TA2405,TA405
65868f79f30b23a817daa757,2013-09-06,2013-11-27,TF,TF1312,TF1312
65868f79f30b23a817daa758,2013-11-28,2014-02-20,TF,TF1403,TF1403
65868f79f30b23a817daa759,2014-02-21,2014-05-15,TF,TF1406,TF1406
65868f79f30b23a817daa75a,2014-05-16,2014-08-13,TF,TF1409,TF1409
65868f79f30b23a817daa75b,2014-08-14,2014-11-04,TF,TF1412,TF1412
65868f79f30b23a817daa75c,2014-11-05,2015-02-04,TF,TF1503,TF1503
65868f79f30b23a817daa75d,2015-02-05,2015-05-18,TF,TF1506,TF1506
65868f79f30b23a817daa75e,2015-05-19,2015-08-17,TF,TF1509,TF1509
65868f79f30b23a817daa75f,2015-08-18,2015-11-18,TF,TF1512,TF1512
65868f79f30b23a817daa760,2015-11-19,2016-02-05,TF,TF1603,TF1603
65868f79f30b23a817daa761,2016-02-15,2016-04-29,TF,TF1606,TF1606
65868f79f30b23a817daa762,2016-05-03,2016-08-10,TF,TF1609,TF1609
65868f79f30b23a817daa763,2016-08-11,2016-11-09,TF,TF1612,TF1612
65868f79f30b23a817daa764,2016-11-10,2017-01-24,TF,TF1703,TF1703
65868f79f30b23a817daa765,2017-01-25,2017-05-11,TF,TF1706,TF1706
65868f79f30b23a817daa766,2017-05-12,2017-08-09,TF,TF1709,TF1709
65868f79f30b23a817daa767,2017-08-10,2017-11-10,TF,TF1712,TF1712
65868f79f30b23a817daa768,2017-11-13,2018-02-09,TF,TF1803,TF1803
65868f79f30b23a817daa769,2018-02-12,2018-05-15,TF,TF1806,TF1806
65868f79f30b23a817daa76a,2018-05-16,2018-08-13,TF,TF1809,TF1809
65868f79f30b23a817daa76b,2018-08-14,2018-11-16,TF,TF1812,TF1812
65868f79f30b23a817daa76c,2018-11-19,2019-02-19,TF,TF1903,TF1903
65868f79f30b23a817daa76d,2019-02-20,2019-05-21,TF,TF1906,TF1906
65868f79f30b23a817daa76e,2019-05-22,2019-08-13,TF,TF1909,TF1909
65868f79f30b23a817daa76f,2019-08-14,2019-11-19,TF,TF1912,TF1912
65868f79f30b23a817daa770,2019-11-20,2020-02-18,TF,TF2003,TF2003
65868f79f30b23a817daa771,2020-02-19,2020-05-14,TF,TF2006,TF2006
65868f79f30b23a817daa772,2020-05-15,2020-08-17,TF,TF2009,TF2009
65868f79f30b23a817daa773,2020-08-18,2020-11-19,TF,TF2012,TF2012
65868f79f30b23a817daa774,2020-11-20,2021-02-18,TF,TF2103,TF2103
65868f79f30b23a817daa775,2021-02-19,2021-05-19,TF,TF2106,TF2106
65868f79f30b23a817daa776,2021-05-20,2021-08-17,TF,TF2109,TF2109
65868f79f30b23a817daa777,2021-08-18,2021-11-18,TF,TF2112,TF2112
65868f79f30b23a817daa778,2021-11-19,2022-02-14,TF,TF2203,TF2203
65868f79f30b23a817daa779,2022-02-15,2022-05-17,TF,TF2206,TF2206
65868f79f30b23a817daa77a,2022-05-18,2022-08-12,TF,TF2209,TF2209
65868f79f30b23a817daa77b,2022-08-15,2022-11-17,TF,TF2212,TF2212
65868f79f30b23a817daa77c,2022-11-18,2023-02-17,TF,TF2303,TF2303
65868f79f30b23a817daa77d,2023-02-20,2023-05-16,TF,TF2306,TF2306
65868f79f30b23a817daa77e,2023-05-17,2023-08-21,TF,TF2309,TF2309
65868f79f30b23a817daa77f,2023-08-22,2023-11-21,TF,TF2312,TF2312
65868f79f30b23a817daa780,2023-11-22,2024-02-20,TF,TF2403,TF2403
65868f79f30b23a817daa781,2019-08-09,2019-12-12,UR,UR2001,UR001
65868f79f30b23a817daa782,2019-12-13,2020-04-09,UR,UR2005,UR005
65868f79f30b23a817daa783,2020-04-10,2020-08-05,UR,UR2009,UR009
65868f79f30b23a817daa784,2020-08-06,2020-12-11,UR,UR2101,UR101
65868f79f30b23a817daa785,2020-12-14,2021-04-16,UR,UR2105,UR105
65868f79f30b23a817daa786,2021-04-19,2021-06-04,UR,UR2107,UR107
65868f79f30b23a817daa787,2021-06-07,2021-08-12,UR,UR2109,UR109
65868f79f30b23a817daa788,2021-08-13,2021-12-17,UR,UR2201,UR201
65868f79f30b23a817daa789,2021-12-20,2022-04-06,UR,UR2205,UR205
65868f79f30b23a817daa78a,2022-04-07,2022-08-04,UR,UR2209,UR209
65868f79f30b23a817daa78b,2022-08-05,2022-12-14,UR,UR2301,UR301
65868f79f30b23a817daa78c,2022-12-15,2023-04-12,UR,UR2305,UR305
65868f79f30b23a817daa78d,2023-04-13,2023-08-07,UR,UR2309,UR309
65868f79f30b23a817daa78e,2023-08-08,2023-12-08,UR,UR2401,UR401
65868f79f30b23a817daa78f,2023-12-11,2024-03-29,UR,UR2405,UR405
65868f79f30b23a817daa790,2010-01-04,2010-01-18,V,V1003,v1003
65868f79f30b23a817daa791,2010-01-19,2010-03-31,V,V1005,v1005
65868f79f30b23a817daa792,2010-04-01,2010-08-03,V,V1009,v1009
65868f79f30b23a817daa793,2010-08-04,2010-11-10,V,V1101,v1101
65868f79f30b23a817daa794,2010-11-11,2011-04-19,V,V1105,v1105
65868f79f30b23a817daa795,2011-04-20,2011-07-22,V,V1109,v1109
65868f79f30b23a817daa796,2011-07-25,2011-11-10,V,V1201,v1201
65868f79f30b23a817daa797,2011-11-11,2012-03-27,V,V1205,v1205
65868f79f30b23a817daa798,2012-03-28,2012-07-13,V,V1209,v1209
65868f79f30b23a817daa799,2012-07-16,2012-11-12,V,V1301,v1301
65868f79f30b23a817daa79a,2012-11-13,2013-03-21,V,V1305,v1305
65868f79f30b23a817daa79b,2013-03-22,2013-07-17,V,V1309,v1309
65868f79f30b23a817daa79c,2013-07-18,2013-12-05,V,V1401,v1401
65868f79f30b23a817daa79d,2013-12-06,2014-03-28,V,V1405,v1405
65868f79f30b23a817daa79e,2014-03-31,2014-08-05,V,V1409,v1409
65868f79f30b23a817daa79f,2014-08-06,2014-11-05,V,V1501,v1501
65868f79f30b23a817daa7a0,2014-11-06,2015-03-27,V,V1505,v1505
65868f79f30b23a817daa7a1,2015-03-30,2015-08-12,V,V1509,v1509
65868f79f30b23a817daa7a2,2015-08-13,2015-10-19,V,V1601,v1601
65868f79f30b23a817daa7a3,2015-10-20,2016-03-25,V,V1605,v1605
65868f79f30b23a817daa7a4,2016-03-28,2016-08-18,V,V1609,v1609
65868f79f30b23a817daa7a5,2016-08-19,2016-12-01,V,V1701,v1701
65868f79f30b23a817daa7a6,2016-12-02,2017-04-07,V,V1705,v1705
65868f79f30b23a817daa7a7,2017-04-10,2017-08-08,V,V1709,v1709
65868f79f30b23a817daa7a8,2017-08-09,2017-11-29,V,V1801,v1801
65868f79f30b23a817daa7a9,2017-11-30,2018-04-04,V,V1805,v1805
65868f79f30b23a817daa7aa,2018-04-09,2018-08-08,V,V1809,v1809
65868f79f30b23a817daa7ab,2018-08-09,2018-12-03,V,V1901,v1901
65868f79f30b23a817daa7ac,2018-12-04,2019-03-26,V,V1905,v1905
65868f79f30b23a817daa7ad,2019-03-27,2019-08-13,V,V1909,v1909
65868f79f30b23a817daa7ae,2019-08-14,2019-12-10,V,V2001,v2001
65868f79f30b23a817daa7af,2019-12-11,2020-03-26,V,V2005,v2005
65868f79f30b23a817daa7b0,2020-03-27,2020-08-11,V,V2009,v2009
65868f79f30b23a817daa7b1,2020-08-12,2020-12-15,V,V2101,v2101
65868f79f30b23a817daa7b2,2020-12-16,2021-04-12,V,V2105,v2105
65868f79f30b23a817daa7b3,2021-04-13,2021-08-17,V,V2109,v2109
65868f79f30b23a817daa7b4,2021-08-18,2021-12-09,V,V2201,v2201
65868f79f30b23a817daa7b5,2021-12-10,2022-04-19,V,V2205,v2205
65868f79f30b23a817daa7b6,2022-04-20,2022-08-17,V,V2209,v2209
65868f79f30b23a817daa7b7,2022-08-18,2022-12-07,V,V2301,v2301
65868f79f30b23a817daa7b8,2022-12-08,2023-04-12,V,V2305,v2305
65868f79f30b23a817daa7b9,2023-04-13,2023-08-15,V,V2309,v2309
65868f79f30b23a817daa7ba,2023-08-16,2023-12-14,V,V2401,v2401
65868f79f30b23a817daa7bb,2023-12-15,2024-04-12,V,V2405,v2405
65868f79f30b23a817daa7bc,2010-01-04,2010-04-23,Y,Y1009,y1009
65868f79f30b23a817daa7bd,2010-04-26,2010-08-06,Y,Y1101,y1101
65868f79f30b23a817daa7be,2010-08-09,2010-10-26,Y,Y1105,y1105
65868f79f30b23a817daa7bf,2010-10-27,2011-04-11,Y,Y1109,y1109
65868f79f30b23a817daa7c0,2011-04-12,2011-07-12,Y,Y1201,y1201
65868f79f30b23a817daa7c1,2011-07-13,2011-12-15,Y,Y1205,y1205
65868f79f30b23a817daa7c2,2011-12-16,2012-05-29,Y,Y1209,y1209
65868f79f30b23a817daa7c3,2012-05-30,2012-10-15,Y,Y1301,y1301
65868f79f30b23a817daa7c4,2012-10-16,2013-01-22,Y,Y1305,y1305
65868f79f30b23a817daa7c5,2013-01-23,2013-06-24,Y,Y1309,y1309
65868f79f30b23a817daa7c6,2013-06-25,2013-10-17,Y,Y1401,y1401
65868f79f30b23a817daa7c7,2013-10-18,2014-02-25,Y,Y1405,y1405
65868f79f30b23a817daa7c8,2014-02-26,2014-06-05,Y,Y1409,y1409
65868f79f30b23a817daa7c9,2014-06-06,2014-10-31,Y,Y1501,y1501
65868f79f30b23a817daa7ca,2014-11-03,2015-03-03,Y,Y1505,y1505
65868f79f30b23a817daa7cb,2015-03-04,2015-06-16,Y,Y1509,y1509
65868f79f30b23a817daa7cc,2015-06-17,2015-11-18,Y,Y1601,y1601
65868f79f30b23a817daa7cd,2015-11-19,2016-03-08,Y,Y1605,y1605
65868f79f30b23a817daa7ce,2016-03-09,2016-07-05,Y,Y1609,y1609
65868f79f30b23a817daa7cf,2016-07-06,2016-11-23,Y,Y1701,y1701
65868f79f30b23a817daa7d0,2016-11-24,2017-03-20,Y,Y1705,y1705
65868f79f30b23a817daa7d1,2017-03-21,2017-07-28,Y,Y1709,y1709
65868f79f30b23a817daa7d2,2017-07-31,2017-11-30,Y,Y1801,y1801
65868f79f30b23a817daa7d3,2017-12-01,2018-03-23,Y,Y1805,y1805
65868f79f30b23a817daa7d4,2018-03-26,2018-07-27,Y,Y1809,y1809
65868f79f30b23a817daa7d5,2018-07-30,2018-12-03,Y,Y1901,y1901
65868f79f30b23a817daa7d6,2018-12-04,2019-04-02,Y,Y1905,y1905
65868f79f30b23a817daa7d7,2019-04-03,2019-08-01,Y,Y1909,y1909
65868f79f30b23a817daa7d8,2019-08-02,2019-11-21,Y,Y2001,y2001
65868f79f30b23a817daa7d9,2019-11-22,2020-03-18,Y,Y2005,y2005
65868f79f30b23a817daa7da,2020-03-19,2020-07-28,Y,Y2009,y2009
65868f79f30b23a817daa7db,2020-07-29,2020-12-07,Y,Y2101,y2101
65868f79f30b23a817daa7dc,2020-12-08,2021-04-01,Y,Y2105,y2105
65868f79f30b23a817daa7dd,2021-04-02,2021-08-11,Y,Y2109,y2109
65868f79f30b23a817daa7de,2021-08-12,2021-12-03,Y,Y2201,y2201
65868f79f30b23a817daa7df,2021-12-06,2022-03-25,Y,Y2205,y2205
65868f79f30b23a817daa7e0,2022-03-28,2022-08-09,Y,Y2209,y2209
65868f79f30b23a817daa7e1,2022-08-10,2022-12-09,Y,Y2301,y2301
65868f79f30b23a817daa7e2,2022-12-12,2023-04-07,Y,Y2305,y2305
65868f79f30b23a817daa7e3,2023-04-10,2023-08-04,Y,Y2309,y2309
65868f79f30b23a817daa7e4,2023-08-07,2023-12-06,Y,Y2401,y2401
65868f79f30b23a817daa7e5,2023-12-07,2024-04-01,Y,Y2405,y2405
65868f79f30b23a817daa7e6,2010-01-04,2010-01-19,ZN,ZN1004,zn1004
65868f79f30b23a817daa7e7,2010-01-20,2010-02-24,ZN,ZN1005,zn1005
65868f79f30b23a817daa7e8,2010-02-25,2010-03-29,ZN,ZN1006,zn1006
65868f79f30b23a817daa7e9,2010-03-30,2010-05-05,ZN,ZN1007,zn1007
65868f79f30b23a817daa7ea,2010-05-06,2010-05-27,ZN,ZN1008,zn1008
65868f79f30b23a817daa7eb,2010-05-28,2010-06-28,ZN,ZN1009,zn1009
65868f79f30b23a817daa7ec,2010-06-29,2010-07-26,ZN,ZN1010,zn1010
65868f79f30b23a817daa7ed,2010-07-27,2010-08-13,ZN,ZN1011,zn1011
65868f79f30b23a817daa7ee,2010-08-16,2010-09-10,ZN,ZN1012,zn1012
65868f79f30b23a817daa7ef,2010-09-13,2010-10-21,ZN,ZN1101,zn1101
65868f79f30b23a817daa7f0,2010-10-22,2010-11-18,ZN,ZN1102,zn1102
65868f79f30b23a817daa7f1,2010-11-19,2010-12-30,ZN,ZN1103,zn1103
65868f79f30b23a817daa7f2,2010-12-31,2011-02-10,ZN,ZN1104,zn1104
65868f79f30b23a817daa7f3,2011-02-11,2011-03-17,ZN,ZN1105,zn1105
65868f79f30b23a817daa7f4,2011-03-18,2011-04-25,ZN,ZN1106,zn1106
65868f79f30b23a817daa7f5,2011-04-26,2011-05-25,ZN,ZN1107,zn1107
65868f79f30b23a817daa7f6,2011-05-26,2011-06-23,ZN,ZN1108,zn1108
65868f79f30b23a817daa7f7,2011-06-24,2011-07-18,ZN,ZN1109,zn1109
65868f79f30b23a817daa7f8,2011-07-19,2011-08-15,ZN,ZN1110,zn1110
65868f79f30b23a817daa7f9,2011-08-16,2011-09-21,ZN,ZN1111,zn1111
65868f79f30b23a817daa7fa,2011-09-22,2011-10-19,ZN,ZN1112,zn1112
65868f79f30b23a817daa7fb,2011-10-20,2011-11-18,ZN,ZN1201,zn1201
65868f79f30b23a817daa7fc,2011-11-21,2011-12-15,ZN,ZN1202,zn1202
65868f79f30b23a817daa7fd,2011-12-16,2012-01-16,ZN,ZN1203,zn1203
65868f79f30b23a817daa7fe,2012-01-17,2012-02-14,ZN,ZN1204,zn1204
65868f79f30b23a817daa7ff,2012-02-15,2012-03-08,ZN,ZN1205,zn1205
65868f79f30b23a817daa800,2012-03-09,2012-04-06,ZN,ZN1206,zn1206
65868f79f30b23a817daa801,2012-04-09,2012-05-08,ZN,ZN1207,zn1207
65868f79f30b23a817daa802,2012-05-09,2012-05-28,ZN,ZN1208,zn1208
65868f79f30b23a817daa803,2012-05-29,2012-06-25,ZN,ZN1209,zn1209
65868f79f30b23a817daa804,2012-06-26,2012-07-23,ZN,ZN1210,zn1210
65868f79f30b23a817daa805,2012-07-24,2012-08-16,ZN,ZN1211,zn1211
65868f79f30b23a817daa806,2012-08-17,2012-09-20,ZN,ZN1212,zn1212
65868f79f30b23a817daa807,2012-09-21,2012-11-05,ZN,ZN1301,zn1301
65868f79f30b23a817daa808,2012-11-06,2012-12-07,ZN,ZN1302,zn1302
65868f79f30b23a817daa809,2012-12-10,2013-01-07,ZN,ZN1303,zn1303
65868f79f30b23a817daa80a,2013-01-08,2013-01-29,ZN,ZN1304,zn1304
65868f79f30b23a817daa80b,2013-01-30,2013-03-06,ZN,ZN1305,zn1305
65868f79f30b23a817daa80c,2013-03-07,2013-04-03,ZN,ZN1306,zn1306
65868f79f30b23a817daa80d,2013-04-08,2013-05-02,ZN,ZN1307,zn1307
65868f79f30b23a817daa80e,2013-05-03,2013-05-22,ZN,ZN1308,zn1308
65868f79f30b23a817daa80f,2013-05-23,2013-06-20,ZN,ZN1309,zn1309
65868f79f30b23a817daa810,2013-06-21,2013-07-30,ZN,ZN1310,zn1310
65868f79f30b23a817daa811,2013-07-31,2013-08-20,ZN,ZN1311,zn1311
65868f79f30b23a817daa812,2013-08-21,2013-10-10,ZN,ZN1312,zn1312
65868f79f30b23a817daa813,2013-10-11,2013-11-15,ZN,ZN1401,zn1401
65868f79f30b23a817daa814,2013-11-18,2013-12-17,ZN,ZN1402,zn1402
65868f79f30b23a817daa815,2013-12-18,2014-01-16,ZN,ZN1403,zn1403
65868f79f30b23a817daa816,2014-01-17,2014-02-21,ZN,ZN1404,zn1404
65868f79f30b23a817daa817,2014-02-24,2014-03-19,ZN,ZN1405,zn1405
65868f79f30b23a817daa818,2014-03-20,2014-04-17,ZN,ZN1406,zn1406
65868f79f30b23a817daa819,2014-04-18,2014-05-28,ZN,ZN1407,zn1407
65868f79f30b23a817daa81a,2014-05-29,2014-06-20,ZN,ZN1408,zn1408
65868f79f30b23a817daa81b,2014-06-23,2014-07-22,ZN,ZN1409,zn1409
65868f79f30b23a817daa81c,2014-07-23,2014-08-27,ZN,ZN1410,zn1410
65868f79f30b23a817daa81d,2014-08-28,2014-09-23,ZN,ZN1411,zn1411
65868f79f30b23a817daa81e,2014-09-24,2014-10-29,ZN,ZN1412,zn1412
65868f79f30b23a817daa81f,2014-10-30,2014-11-28,ZN,ZN1501,zn1501
65868f79f30b23a817daa820,2014-12-01,2014-12-25,ZN,ZN1502,zn1502
65868f79f30b23a817daa821,2014-12-26,2015-01-26,ZN,ZN1503,zn1503
65868f79f30b23a817daa822,2015-01-27,2015-02-25,ZN,ZN1504,zn1504
65868f79f30b23a817daa823,2015-02-26,2015-03-24,ZN,ZN1505,zn1505
65868f79f30b23a817daa824,2015-03-25,2015-04-23,ZN,ZN1506,zn1506
65868f79f30b23a817daa825,2015-04-24,2015-05-25,ZN,ZN1507,zn1507
65868f79f30b23a817daa826,2015-05-26,2015-06-25,ZN,ZN1508,zn1508
65868f79f30b23a817daa827,2015-06-26,2015-07-29,ZN,ZN1509,zn1509
65868f79f30b23a817daa828,2015-07-30,2015-08-31,ZN,ZN1510,zn1510
65868f79f30b23a817daa829,2015-09-01,2015-09-25,ZN,ZN1511,zn1511
65868f79f30b23a817daa82a,2015-09-28,2015-10-30,ZN,ZN1512,zn1512
65868f79f30b23a817daa82b,2015-11-02,2015-11-26,ZN,ZN1601,zn1601
65868f79f30b23a817daa82c,2015-11-27,2015-12-30,ZN,ZN1602,zn1602
65868f79f30b23a817daa82d,2015-12-31,2016-02-02,ZN,ZN1603,zn1603
65868f79f30b23a817daa82e,2016-02-03,2016-03-01,ZN,ZN1604,zn1604
65868f79f30b23a817daa82f,2016-03-02,2016-03-29,ZN,ZN1605,zn1605
65868f79f30b23a817daa830,2016-03-30,2016-04-29,ZN,ZN1606,zn1606
65868f79f30b23a817daa831,2016-05-03,2016-06-01,ZN,ZN1607,zn1607
65868f79f30b23a817daa832,2016-06-02,2016-06-29,ZN,ZN1608,zn1608
65868f79f30b23a817daa833,2016-06-30,2016-07-28,ZN,ZN1609,zn1609
65868f79f30b23a817daa834,2016-07-29,2016-08-30,ZN,ZN1610,zn1610
65868f79f30b23a817daa835,2016-08-31,2016-10-10,ZN,ZN1611,zn1611
65868f79f30b23a817daa836,2016-10-11,2016-10-31,ZN,ZN1612,zn1612
65868f79f30b23a817daa837,2016-11-01,2016-11-29,ZN,ZN1701,zn1701
65868f79f30b23a817daa838,2016-11-30,2016-12-28,ZN,ZN1702,zn1702
65868f79f30b23a817daa839,2016-12-29,2017-02-13,ZN,ZN1703,zn1703
65868f79f30b23a817daa83a,2017-02-14,2017-03-03,ZN,ZN1704,zn1704
65868f79f30b23a817daa83b,2017-03-06,2017-04-07,ZN,ZN1705,zn1705
65868f79f30b23a817daa83c,2017-04-10,2017-05-08,ZN,ZN1706,zn1706
65868f79f30b23a817daa83d,2017-05-09,2017-06-07,ZN,ZN1707,zn1707
65868f79f30b23a817daa83e,2017-06-08,2017-07-06,ZN,ZN1708,zn1708
65868f79f30b23a817daa83f,2017-07-07,2017-08-04,ZN,ZN1709,zn1709
65868f79f30b23a817daa840,2017-08-07,2017-09-05,ZN,ZN1710,zn1710
65868f79f30b23a817daa841,2017-09-06,2017-10-10,ZN,ZN1711,zn1711
65868f79f30b23a817daa842,2017-10-11,2017-11-02,ZN,ZN1712,zn1712
65868f79f30b23a817daa843,2017-11-03,2017-12-04,ZN,ZN1801,zn1801
65868f79f30b23a817daa844,2017-12-05,2018-01-04,ZN,ZN1802,zn1802
65868f79f30b23a817daa845,2018-01-05,2018-02-06,ZN,ZN1803,zn1803
65868f79f30b23a817daa846,2018-02-07,2018-03-02,ZN,ZN1804,zn1804
65868f79f30b23a817daa847,2018-03-05,2018-04-03,ZN,ZN1805,zn1805
65868f79f30b23a817daa848,2018-04-04,2018-05-03,ZN,ZN1806,zn1806
65868f79f30b23a817daa849,2018-05-04,2018-06-07,ZN,ZN1807,zn1807
65868f79f30b23a817daa84a,2018-06-08,2018-07-10,ZN,ZN1808,zn1808
65868f79f30b23a817daa84b,2018-07-11,2018-08-07,ZN,ZN1809,zn1809
65868f79f30b23a817daa84c,2018-08-08,2018-09-11,ZN,ZN1810,zn1810
65868f79f30b23a817daa84d,2018-09-12,2018-10-19,ZN,ZN1811,zn1811
65868f79f30b23a817daa84e,2018-10-22,2018-11-02,ZN,ZN1812,zn1812
65868f79f30b23a817daa84f,2018-11-05,2018-11-30,ZN,ZN1901,zn1901
65868f79f30b23a817daa850,2018-12-03,2019-01-07,ZN,ZN1902,zn1902
65868f79f30b23a817daa851,2019-01-08,2019-02-15,ZN,ZN1903,zn1903
65868f79f30b23a817daa852,2019-02-18,2019-03-07,ZN,ZN1904,zn1904
65868f79f30b23a817daa853,2019-03-08,2019-04-11,ZN,ZN1905,zn1905
65868f79f30b23a817daa854,2019-04-12,2019-05-09,ZN,ZN1906,zn1906
65868f79f30b23a817daa855,2019-05-10,2019-06-12,ZN,ZN1907,zn1907
65868f79f30b23a817daa856,2019-06-13,2019-07-05,ZN,ZN1908,zn1908
65868f79f30b23a817daa857,2019-07-08,2019-08-07,ZN,ZN1909,zn1909
65868f79f30b23a817daa858,2019-08-08,2019-09-06,ZN,ZN1910,zn1910
65868f79f30b23a817daa859,2019-09-09,2019-10-14,ZN,ZN1911,zn1911
65868f79f30b23a817daa85a,2019-10-15,2019-11-11,ZN,ZN1912,zn1912
65868f79f30b23a817daa85b,2019-11-12,2019-12-04,ZN,ZN2001,zn2001
65868f79f30b23a817daa85c,2019-12-05,2020-01-03,ZN,ZN2002,zn2002
65868f79f30b23a817daa85d,2020-01-06,2020-02-10,ZN,ZN2003,zn2003
65868f79f30b23a817daa85e,2020-02-11,2020-03-03,ZN,ZN2004,zn2004
65868f79f30b23a817daa85f,2020-03-04,2020-04-02,ZN,ZN2005,zn2005
65868f79f30b23a817daa860,2020-04-03,2020-05-06,ZN,ZN2006,zn2006
65868f79f30b23a817daa861,2020-05-07,2020-06-18,ZN,ZN2007,zn2007
65868f79f30b23a817daa862,2020-06-19,2020-07-14,ZN,ZN2008,zn2008
65868f79f30b23a817daa863,2020-07-15,2020-08-20,ZN,ZN2009,zn2009
65868f79f30b23a817daa864,2020-08-21,2020-09-21,ZN,ZN2010,zn2010
65868f79f30b23a817daa865,2020-09-22,2020-10-23,ZN,ZN2011,zn2011
65868f79f30b23a817daa866,2020-10-26,2020-11-20,ZN,ZN2012,zn2012
65868f79f30b23a817daa867,2020-11-23,2020-12-18,ZN,ZN2101,zn2101
65868f79f30b23a817daa868,2020-12-21,2021-01-14,ZN,ZN2102,zn2102
65868f79f30b23a817daa869,2021-01-15,2021-02-22,ZN,ZN2103,zn2103
65868f79f30b23a817daa86a,2021-02-23,2021-03-22,ZN,ZN2104,zn2104
65868f79f30b23a817daa86b,2021-03-23,2021-04-20,ZN,ZN2105,zn2105
65868f79f30b23a817daa86c,2021-04-21,2021-05-18,ZN,ZN2106,zn2106
65868f79f30b23a817daa86d,2021-05-19,2021-06-23,ZN,ZN2107,zn2107
65868f79f30b23a817daa86e,2021-06-24,2021-07-23,ZN,ZN2108,zn2108
65868f79f30b23a817daa86f,2021-07-26,2021-08-19,ZN,ZN2109,zn2109
65868f79f30b23a817daa870,2021-08-20,2021-09-23,ZN,ZN2110,zn2110
65868f79f30b23a817daa871,2021-09-24,2021-10-20,ZN,ZN2111,zn2111
65868f79f30b23a817daa872,2021-10-21,2021-11-16,ZN,ZN2112,zn2112
65868f79f30b23a817daa873,2021-11-17,2021-12-20,ZN,ZN2201,zn2201
65868f79f30b23a817daa874,2021-12-21,2022-01-12,ZN,ZN2202,zn2202
65868f79f30b23a817daa875,2022-01-13,2022-02-16,ZN,ZN2203,zn2203
65868f79f30b23a817daa876,2022-02-17,2022-03-15,ZN,ZN2204,zn2204
65868f79f30b23a817daa877,2022-03-16,2022-04-19,ZN,ZN2205,zn2205
65868f79f30b23a817daa878,2022-04-20,2022-05-23,ZN,ZN2206,zn2206
65868f79f30b23a817daa879,2022-05-24,2022-06-23,ZN,ZN2207,zn2207
65868f79f30b23a817daa87a,2022-06-24,2022-07-25,ZN,ZN2208,zn2208
65868f79f30b23a817daa87b,2022-07-26,2022-08-25,ZN,ZN2209,zn2209
65868f79f30b23a817daa87c,2022-08-26,2022-09-26,ZN,ZN2210,zn2210
65868f79f30b23a817daa87d,2022-09-27,2022-10-25,ZN,ZN2211,zn2211
65868f79f30b23a817daa87e,2022-10-26,2022-11-22,ZN,ZN2212,zn2212
65868f79f30b23a817daa87f,2022-11-23,2022-12-21,ZN,ZN2301,zn2301
65868f79f30b23a817daa880,2022-12-22,2023-01-16,ZN,ZN2302,zn2302
65868f79f30b23a817daa881,2023-01-17,2023-02-20,ZN,ZN2303,zn2303
65868f79f30b23a817daa882,2023-02-21,2023-03-20,ZN,ZN2304,zn2304
65868f79f30b23a817daa883,2023-03-21,2023-04-20,ZN,ZN2305,zn2305
65868f79f30b23a817daa884,2023-04-21,2023-05-19,ZN,ZN2306,zn2306
65868f79f30b23a817daa885,2023-05-22,2023-06-26,ZN,ZN2307,zn2307
65868f79f30b23a817daa886,2023-06-27,2023-07-18,ZN,ZN2308,zn2308
65868f79f30b23a817daa887,2023-07-19,2023-08-18,ZN,ZN2309,zn2309
65868f79f30b23a817daa888,2023-08-21,2023-09-20,ZN,ZN2310,zn2310
65868f79f30b23a817daa889,2023-09-21,2023-10-24,ZN,ZN2311,zn2311
65868f79f30b23a817daa88a,2023-10-25,2023-11-17,ZN,ZN2312,zn2312
65868f79f30b23a817daa88b,2023-11-20,2023-12-15,ZN,ZN2401,zn2401
65868f79f30b23a817daa88c,2023-12-18,2024-01-12,ZN,ZN2402,zn2402
6595012c6c6f7326402bd989,2023-12-27,2024-02-06,PF,PF2403,
6595012c6c6f7326402bd98a,2023-12-27,2024-01-31,SF,SF2403,
6595012c6c6f7326402bd98b,2023-12-27,2024-01-30,SM,SM2403,
65950449b027915cf41d6fcc,2023-12-28,2024-04-02,OI,OI2405,
6595062a04f8fbd245a8d446,2024-01-02,2024-02-27,AU,AU2404,
6595062b04f8fbd245a8d447,2024-01-02,2024-01-31,LU,LU2404,
659537a4dc097dc1bb7083a5,2024-01-03,2024-02-08,JD,JD2403,
659bceaa398175d7aee055ff,2024-01-08,2024-02-05,SS,SS2403,
659d2028398175d7aee05eb4,2024-01-09,2024-05-14,AG,AG2406,
659d2028398175d7aee05eb5,2024-01-09,2024-02-07,AL,AL2403,
659fc32a0a99f93655dff1f6,2024-01-11,2024-02-20,PB,PB2403,
65a114a80a99f93655dffaab,2024-01-12,2024-02-20,CU,CU2403,
65a5092a0a99f93655e00360,2024-01-15,2024-02-19,ZN,ZN2403,
65a65aa80a99f93655e00c14,2024-01-16,2024-02-23,EB,EB2403,
65a65aa90a99f93655e00c15,2024-01-16,2024-04-01,RM,RM2405,
65a65aa90a99f93655e00c16,2024-01-16,2024-02-08,SC,SC2403,
65a8fdaab4bbe87719284f4e,2024-01-18,2024-02-27,PG,PG2403,
65aa4f29b4bbe87719285803,2024-01-19,2024-01-31,IC,IC2402,
65aa4f29b4bbe87719285804,2024-01-19,2024-01-31,IF,IF2402,
65aa4f29b4bbe87719285805,2024-01-19,2024-01-31,IH,IH2402,
65af9529471a06219b8dbf2a,2024-01-23,2024-03-29,FU,FU2405,
65af952a471a06219b8dbf2b,2024-01-23,2024-02-22,SN,SN2403,
65b0e6a9471a06219b8dc7e0,2024-01-24,2024-02-22,NI,NI2403,
65b7a061aa236ae8278a8260,2024-01-29,2024-04-30,BU,BU2406,
65ba25d99d8ead35ce5a12d7,2024-01-31,2024-04-10,SM,SM2405,
65bb72a9a1dc4df90988911a,2024-02-01,2024-03-14,IC,IC2403,
65bb72a9a1dc4df90988911b,2024-02-01,2024-03-14,IF,IF2403,
65bb72a9a1dc4df90988911c,2024-02-01,2024-03-14,IH,IH2403,
65bb72aaa1dc4df90988911d,2024-02-01,2024-03-05,LU,LU2405,
65bb72aaa1dc4df90988911e,2024-02-01,2024-04-11,SF,SF2405,
65c0b8a8387e42730b43b571,2024-02-05,2024-04-17,CS,CS2405,
65c20a2a387e42730b43c00c,2024-02-06,2024-04-15,SS,SS2405,
65c35baaf6a23f3221e87063,2024-02-07,2024-04-03,PF,PF2405,
65c4ad28f6a23f3221e87afe,2024-02-08,2024-03-14,AL,AL2404,
65c4ad29f6a23f3221e87aff,2024-02-08,2024-03-15,PK,PK2404,
65d43f84e2d2ce537e14eb18,2024-02-19,2024-04-02,JD,JD2405,
65d43f84e2d2ce537e14eb19,2024-02-19,2024-04-03,LH,LH2405,
65d43f85e2d2ce537e14eb1a,2024-02-19,2024-03-15,SC,SC2404,
65d481819abf487217d02348,2024-02-20,2024-03-14,ZN,ZN2404,
65d5d3009abf487217d02de3,2024-02-21,2024-03-12,CU,CU2404,
65d5d3019abf487217d02de4,2024-02-21,2024-03-14,PB,PB2404,
65d5d3019abf487217d02de5,2024-02-21,2024-05-17,T,T2406,
65d5d3019abf487217d02de6,2024-02-21,2024-05-20,TF,TF2406,
65d876009abf487217d0431b,2024-02-23,2024-04-19,A,A2405,
65d876019abf487217d0431c,2024-02-23,2024-04-15,NI,NI2405,
65d876049abf487217d0431d,2024-02-23,2024-03-15,SN,SN2404,
65dc6a819abf487217d04db8,2024-02-26,2024-03-14,EB,EB2404,
65df0d809abf487217d062ed,2024-02-28,2024-04-29,AU,AU2406,
65df0d819abf487217d062ee,2024-02-28,2024-03-18,PG,PG2404,
65e845a9140ef73a3a669b6a,2024-03-06,2024-04-02,LU,LU2406,
65f18730a0449ed79b9c7e3d,2024-03-13,2024-04-09,CU,CU2405,
65f42a30a0449ed79b9c9371,2024-03-15,2024-04-08,AL,AL2405,
65f42a30a0449ed79b9c9372,2024-03-15,2024-04-19,EB,EB2405,
65f42a30a0449ed79b9c9373,2024-03-15,2024-04-18,IC,IC2404,
65f42a31a0449ed79b9c9374,2024-03-15,2024-04-18,IF,IF2404,
65f42a31a0449ed79b9c9375,2024-03-15,2024-04-18,IH,IH2404,
65f42a31a0449ed79b9c9376,2024-03-15,2024-04-10,PB,PB2405,
65f42a31a0449ed79b9c9377,2024-03-15,2024-04-10,ZN,ZN2405,
65f81eb117ada4795c6f2dfa,2024-03-18,,PK,PK2410,
65f81eb117ada4795c6f2dfb,2024-03-18,2024-04-11,SN,SN2405,
65f81eb117ada4795c6f2dfc,2024-03-18,2024-04-12,SC,SC2405,
65f9703117ada4795c6f3897,2024-03-19,2024-04-18,PG,PG2405,
6602aab14f35a60ba0c40483,2024-03-26,,SA,SA2409,
6603fc319d029bcb56de4604,2024-03-27,,RU,RU2409,
66054db19d029bcb56de509f,2024-03-28,,I,I2409,
66069f309d029bcb56de5b38,2024-03-29,,HC,HC2410,
66069f319d029bcb56de5b39,2024-03-29,,M,M2409,
660a93b09d029bcb56de65d4,2024-04-01,,FU,FU2409,
660a93b19d029bcb56de65d5,2024-04-01,,RB,RB2410,
660a93b19d029bcb56de65d6,2024-04-01,,UR,UR2409,
660be5309d029bcb56de7071,2024-04-02,,CJ,CJ2409,
660be5319d029bcb56de7072,2024-04-02,,FG,FG2409,
660be5319d029bcb56de7073,2024-04-02,,RM,RM2409,
660be5329d029bcb56de7074,2024-04-02,,Y,Y2409,
660d36b19d029bcb56de7b0f,2024-04-03,,JD,JD2409,
660d36b19d029bcb56de7b10,2024-04-03,2024-05-10,LU,LU2407,
660d36b19d029bcb56de7b11,2024-04-03,,OI,OI2409,
6613ce319d029bcb56de85ac,2024-04-08,,L,L2409,
6613ce319d029bcb56de85ad,2024-04-08,,LH,LH2409,
6613ce319d029bcb56de85ae,2024-04-08,2024-05-07,PF,PF2406,
6613ce329d029bcb56de85af,2024-04-08,,SR,SR2409,
66151fb09d029bcb56de904a,2024-04-09,2024-05-09,AL,AL2406,
66151fb19d029bcb56de904b,2024-04-09,,P,P2409,
661671309d029bcb56de9ae6,2024-04-10,2024-05-14,CU,CU2406,
661671319d029bcb56de9ae7,2024-04-10,,JM,JM2409,
661671319d029bcb56de9ae8,2024-04-10,,SP,SP2409,
661671319d029bcb56de9ae9,2024-04-10,,TA,TA2409,
6617c2b09d029bcb56dea584,2024-04-11,,CF,CF2409,
6617c2b19d029bcb56dea585,2024-04-11,2024-05-10,PB,PB2406,
6617c2b19d029bcb56dea586,2024-04-11,,SM,SM2409,
6617c2b29d029bcb56dea587,2024-04-11,2024-05-10,ZN,ZN2406,
661914319d029bcb56deb022,2024-04-12,,MA,MA2409,
661914319d029bcb56deb023,2024-04-12,,PP,PP2409,
661914319d029bcb56deb024,2024-04-12,2024-04-26,SF,SF2406,
661914319d029bcb56deb025,2024-04-12,2024-05-21,SN,SN2406,
661d08b09d029bcb56debac0,2024-04-15,,AP,AP2410,
661d08b09d029bcb56debac1,2024-04-15,,J,J2409,
661d08b19d029bcb56debac2,2024-04-15,2024-05-13,SC,SC2406,
661d08b19d029bcb56debac3,2024-04-15,,V,V2409,
661e5a315fe111d55697420b,2024-04-16,2024-05-20,NI,NI2406,
661e5a315fe111d55697420c,2024-04-16,,SS,SS2409,
6620fd305fe111d556975741,2024-04-18,,C,C2407,
6620fd305fe111d556975742,2024-04-18,,CS,CS2407,
66224eb05fe111d5569761dd,2024-04-19,,EG,EG2409,
66224eb05fe111d5569761de,2024-04-19,2024-04-30,IC,IC2405,
66224eb05fe111d5569761df,2024-04-19,2024-04-30,IF,IF2405,
66224eb05fe111d5569761e0,2024-04-19,2024-04-30,IH,IH2405,
66224eb15fe111d5569761e1,2024-04-19,2024-05-22,PG,PG2406,
662643305fe111d556976c7c,2024-04-22,,A,A2407,
662643305fe111d556976c7d,2024-04-22,2024-05-20,EB,EB2406,
662f7db15fe111d55697a180,2024-04-29,,SF,SF2409,
6630cf355fe111d55697ac1b,2024-04-30,,AU,AU2408,
6638c0325fe111d55697b6ba,2024-05-06,,BU,BU2409,
6638c0325fe111d55697b6bb,2024-05-06,,IC,IC2406,
6638c0325fe111d55697b6bc,2024-05-06,,IF,IF2406,
6638c0325fe111d55697b6bd,2024-05-06,,IH,IH2406,
663b65da5fe111d55697cbf2,2024-05-08,,PF,PF2407,
663dfe305fe111d55697e127,2024-05-10,,AL,AL2407,
6641f2b05fe111d55697ebc2,2024-05-13,,LU,LU2408,
6641f2b15fe111d55697ebc3,2024-05-13,,PB,PB2407,
6641f2b15fe111d55697ebc4,2024-05-13,,ZN,ZN2407,
664344315fe111d55697f65f,2024-05-14,,SC,SC2407,
664495b05fe111d5569800fa,2024-05-15,,AG,AG2408,
664495b05fe111d5569800fb,2024-05-15,,CU,CU2407,
664b2d325fe111d5569820ca,2024-05-20,,T,T2409,
664c7eb05fe111d556982b65,2024-05-21,,EB,EB2407,
664c7eb15fe111d556982b66,2024-05-21,,NI,NI2407,
664c7eb15fe111d556982b67,2024-05-21,,TF,TF2409,
664dd0315fe111d556983602,2024-05-22,,SN,SN2407,
664f21b15fe111d55698409d,2024-05-23,,PG,PG2409,
