_id,date
64effb537c52d7e5a70920ca,2007-10-29T00:00:00.000Z
64effb537c52d7e5a70920cb,2007-10-30T00:00:00.000Z
64effb537c52d7e5a70920cc,2007-10-31T00:00:00.000Z
64effb537c52d7e5a70920cd,2007-11-01T00:00:00.000Z
64effb537c52d7e5a70920ce,2007-11-02T00:00:00.000Z
64effb537c52d7e5a70920cf,2007-11-05T00:00:00.000Z
64effb537c52d7e5a70920d0,2007-11-06T00:00:00.000Z
64effb537c52d7e5a70920d1,2007-11-07T00:00:00.000Z
64effb537c52d7e5a70920d2,2007-11-08T00:00:00.000Z
64effb537c52d7e5a70920d3,2007-11-09T00:00:00.000Z
64effb537c52d7e5a70920d4,2007-11-12T00:00:00.000Z
64effb537c52d7e5a70920d5,2007-11-13T00:00:00.000Z
64effb537c52d7e5a70920d6,2007-11-14T00:00:00.000Z
64effb537c52d7e5a70920d7,2007-11-15T00:00:00.000Z
64effb537c52d7e5a70920d8,2007-11-16T00:00:00.000Z
64effb537c52d7e5a70920d9,2007-11-19T00:00:00.000Z
64effb537c52d7e5a70920da,2007-11-20T00:00:00.000Z
64effb537c52d7e5a70920db,2007-11-21T00:00:00.000Z
64effb537c52d7e5a70920dc,2007-11-22T00:00:00.000Z
64effb537c52d7e5a70920dd,2007-11-23T00:00:00.000Z
64effb537c52d7e5a70920de,2007-11-26T00:00:00.000Z
64effb537c52d7e5a70920df,2007-11-27T00:00:00.000Z
64effb537c52d7e5a70920e0,2007-11-28T00:00:00.000Z
64effb537c52d7e5a70920e1,2007-11-29T00:00:00.000Z
64effb537c52d7e5a70920e2,2007-11-30T00:00:00.000Z
64effb537c52d7e5a70920e3,2007-12-03T00:00:00.000Z
64effb537c52d7e5a70920e4,2007-12-04T00:00:00.000Z
64effb537c52d7e5a70920e5,2007-12-05T00:00:00.000Z
64effb537c52d7e5a70920e6,2007-12-06T00:00:00.000Z
64effb537c52d7e5a70920e7,2007-12-07T00:00:00.000Z
64effb537c52d7e5a70920e8,2007-12-10T00:00:00.000Z
64effb537c52d7e5a70920e9,2007-12-11T00:00:00.000Z
64effb537c52d7e5a70920ea,2007-12-12T00:00:00.000Z
64effb537c52d7e5a70920eb,2007-12-13T00:00:00.000Z
64effb537c52d7e5a70920ec,2007-12-14T00:00:00.000Z
64effb537c52d7e5a70920ed,2007-12-17T00:00:00.000Z
64effb537c52d7e5a70920ee,2007-12-18T00:00:00.000Z
64effb537c52d7e5a70920ef,2007-12-19T00:00:00.000Z
64effb537c52d7e5a70920f0,2007-12-20T00:00:00.000Z
64effb537c52d7e5a70920f1,2007-12-21T00:00:00.000Z
64effb537c52d7e5a70920f2,2007-12-24T00:00:00.000Z
64effb537c52d7e5a70920f3,2007-12-25T00:00:00.000Z
64effb537c52d7e5a70920f4,2007-12-26T00:00:00.000Z
64effb537c52d7e5a70920f5,2007-12-27T00:00:00.000Z
64effb537c52d7e5a70920f6,2007-12-28T00:00:00.000Z
64effb537c52d7e5a70920f7,2008-01-02T00:00:00.000Z
64effb537c52d7e5a70920f8,2008-01-03T00:00:00.000Z
64effb537c52d7e5a70920f9,2008-01-04T00:00:00.000Z
64effb537c52d7e5a70920fa,2008-01-07T00:00:00.000Z
64effb537c52d7e5a70920fb,2008-01-08T00:00:00.000Z
64effb537c52d7e5a70920fc,2008-01-09T00:00:00.000Z
64effb537c52d7e5a70920fd,2008-01-10T00:00:00.000Z
64effb537c52d7e5a70920fe,2008-01-11T00:00:00.000Z
64effb537c52d7e5a70920ff,2008-01-14T00:00:00.000Z
64effb537c52d7e5a7092100,2008-01-15T00:00:00.000Z
64effb537c52d7e5a7092101,2008-01-16T00:00:00.000Z
64effb537c52d7e5a7092102,2008-01-17T00:00:00.000Z
64effb537c52d7e5a7092103,2008-01-18T00:00:00.000Z
64effb537c52d7e5a7092104,2008-01-21T00:00:00.000Z
64effb537c52d7e5a7092105,2008-01-22T00:00:00.000Z
64effb537c52d7e5a7092106,2008-01-23T00:00:00.000Z
64effb537c52d7e5a7092107,2008-01-24T00:00:00.000Z
64effb537c52d7e5a7092108,2008-01-25T00:00:00.000Z
64effb537c52d7e5a7092109,2008-01-28T00:00:00.000Z
64effb537c52d7e5a709210a,2008-01-29T00:00:00.000Z
64effb537c52d7e5a709210b,2008-01-30T00:00:00.000Z
64effb537c52d7e5a709210c,2008-01-31T00:00:00.000Z
64effb537c52d7e5a709210d,2008-02-01T00:00:00.000Z
64effb537c52d7e5a709210e,2008-02-04T00:00:00.000Z
64effb537c52d7e5a709210f,2008-02-05T00:00:00.000Z
64effb537c52d7e5a7092110,2008-02-13T00:00:00.000Z
64effb537c52d7e5a7092111,2008-02-14T00:00:00.000Z
64effb537c52d7e5a7092112,2008-02-15T00:00:00.000Z
64effb537c52d7e5a7092113,2008-02-18T00:00:00.000Z
64effb537c52d7e5a7092114,2008-02-19T00:00:00.000Z
64effb537c52d7e5a7092115,2008-02-20T00:00:00.000Z
64effb537c52d7e5a7092116,2008-02-21T00:00:00.000Z
64effb537c52d7e5a7092117,2008-02-22T00:00:00.000Z
64effb537c52d7e5a7092118,2008-02-25T00:00:00.000Z
64effb537c52d7e5a7092119,2008-02-26T00:00:00.000Z
64effb537c52d7e5a709211a,2008-02-27T00:00:00.000Z
64effb537c52d7e5a709211b,2008-02-28T00:00:00.000Z
64effb537c52d7e5a709211c,2008-02-29T00:00:00.000Z
64effb537c52d7e5a709211d,2008-03-03T00:00:00.000Z
64effb537c52d7e5a709211e,2008-03-04T00:00:00.000Z
64effb537c52d7e5a709211f,2008-03-05T00:00:00.000Z
64effb537c52d7e5a7092120,2008-03-06T00:00:00.000Z
64effb537c52d7e5a7092121,2008-03-07T00:00:00.000Z
64effb537c52d7e5a7092122,2008-03-10T00:00:00.000Z
64effb537c52d7e5a7092123,2008-03-11T00:00:00.000Z
64effb537c52d7e5a7092124,2008-03-12T00:00:00.000Z
64effb537c52d7e5a7092125,2008-03-13T00:00:00.000Z
64effb537c52d7e5a7092126,2008-03-14T00:00:00.000Z
64effb537c52d7e5a7092127,2008-03-17T00:00:00.000Z
64effb537c52d7e5a7092128,2008-03-18T00:00:00.000Z
64effb537c52d7e5a7092129,2008-03-19T00:00:00.000Z
64effb537c52d7e5a709212a,2008-03-20T00:00:00.000Z
64effb537c52d7e5a709212b,2008-03-21T00:00:00.000Z
64effb537c52d7e5a709212c,2008-03-24T00:00:00.000Z
64effb537c52d7e5a709212d,2008-03-25T00:00:00.000Z
64effb537c52d7e5a709212e,2008-03-26T00:00:00.000Z
64effb537c52d7e5a709212f,2008-03-27T00:00:00.000Z
64effb537c52d7e5a7092130,2008-03-28T00:00:00.000Z
64effb537c52d7e5a7092131,2008-03-31T00:00:00.000Z
64effb537c52d7e5a7092132,2008-04-01T00:00:00.000Z
64effb537c52d7e5a7092133,2008-04-02T00:00:00.000Z
64effb537c52d7e5a7092134,2008-04-03T00:00:00.000Z
64effb537c52d7e5a7092135,2008-04-07T00:00:00.000Z
64effb537c52d7e5a7092136,2008-04-08T00:00:00.000Z
64effb537c52d7e5a7092137,2008-04-09T00:00:00.000Z
64effb537c52d7e5a7092138,2008-04-10T00:00:00.000Z
64effb537c52d7e5a7092139,2008-04-11T00:00:00.000Z
64effb537c52d7e5a709213a,2008-04-14T00:00:00.000Z
64effb537c52d7e5a709213b,2008-04-15T00:00:00.000Z
64effb537c52d7e5a709213c,2008-04-16T00:00:00.000Z
64effb537c52d7e5a709213d,2008-04-17T00:00:00.000Z
64effb537c52d7e5a709213e,2008-04-18T00:00:00.000Z
64effb537c52d7e5a709213f,2008-04-21T00:00:00.000Z
64effb537c52d7e5a7092140,2008-04-22T00:00:00.000Z
64effb537c52d7e5a7092141,2008-04-23T00:00:00.000Z
64effb537c52d7e5a7092142,2008-04-24T00:00:00.000Z
64effb537c52d7e5a7092143,2008-04-25T00:00:00.000Z
64effb537c52d7e5a7092144,2008-04-28T00:00:00.000Z
64effb537c52d7e5a7092145,2008-04-29T00:00:00.000Z
64effb537c52d7e5a7092146,2008-04-30T00:00:00.000Z
64effb537c52d7e5a7092147,2008-05-05T00:00:00.000Z
64effb537c52d7e5a7092148,2008-05-06T00:00:00.000Z
64effb537c52d7e5a7092149,2008-05-07T00:00:00.000Z
64effb537c52d7e5a709214a,2008-05-08T00:00:00.000Z
64effb537c52d7e5a709214b,2008-05-09T00:00:00.000Z
64effb537c52d7e5a709214c,2008-05-12T00:00:00.000Z
64effb537c52d7e5a709214d,2008-05-13T00:00:00.000Z
64effb537c52d7e5a709214e,2008-05-14T00:00:00.000Z
64effb537c52d7e5a709214f,2008-05-15T00:00:00.000Z
64effb537c52d7e5a7092150,2008-05-16T00:00:00.000Z
64effb537c52d7e5a7092151,2008-05-19T00:00:00.000Z
64effb537c52d7e5a7092152,2008-05-20T00:00:00.000Z
64effb537c52d7e5a7092153,2008-05-21T00:00:00.000Z
64effb537c52d7e5a7092154,2008-05-22T00:00:00.000Z
64effb537c52d7e5a7092155,2008-05-23T00:00:00.000Z
64effb537c52d7e5a7092156,2008-05-26T00:00:00.000Z
64effb537c52d7e5a7092157,2008-05-27T00:00:00.000Z
64effb537c52d7e5a7092158,2008-05-28T00:00:00.000Z
64effb537c52d7e5a7092159,2008-05-29T00:00:00.000Z
64effb537c52d7e5a709215a,2008-05-30T00:00:00.000Z
64effb537c52d7e5a709215b,2008-06-02T00:00:00.000Z
64effb537c52d7e5a709215c,2008-06-03T00:00:00.000Z
64effb537c52d7e5a709215d,2008-06-04T00:00:00.000Z
64effb537c52d7e5a709215e,2008-06-05T00:00:00.000Z
64effb537c52d7e5a709215f,2008-06-06T00:00:00.000Z
64effb537c52d7e5a7092160,2008-06-10T00:00:00.000Z
64effb537c52d7e5a7092161,2008-06-11T00:00:00.000Z
64effb537c52d7e5a7092162,2008-06-12T00:00:00.000Z
64effb537c52d7e5a7092163,2008-06-13T00:00:00.000Z
64effb537c52d7e5a7092164,2008-06-16T00:00:00.000Z
64effb537c52d7e5a7092165,2008-06-17T00:00:00.000Z
64effb537c52d7e5a7092166,2008-06-18T00:00:00.000Z
64effb537c52d7e5a7092167,2008-06-19T00:00:00.000Z
64effb537c52d7e5a7092168,2008-06-20T00:00:00.000Z
64effb537c52d7e5a7092169,2008-06-23T00:00:00.000Z
64effb537c52d7e5a709216a,2008-06-24T00:00:00.000Z
64effb537c52d7e5a709216b,2008-06-25T00:00:00.000Z
64effb537c52d7e5a709216c,2008-06-26T00:00:00.000Z
64effb537c52d7e5a709216d,2008-06-27T00:00:00.000Z
64effb537c52d7e5a709216e,2008-06-30T00:00:00.000Z
64effb537c52d7e5a709216f,2008-07-01T00:00:00.000Z
64effb537c52d7e5a7092170,2008-07-02T00:00:00.000Z
64effb537c52d7e5a7092171,2008-07-03T00:00:00.000Z
64effb537c52d7e5a7092172,2008-07-04T00:00:00.000Z
64effb537c52d7e5a7092173,2008-07-07T00:00:00.000Z
64effb537c52d7e5a7092174,2008-07-08T00:00:00.000Z
64effb537c52d7e5a7092175,2008-07-09T00:00:00.000Z
64effb537c52d7e5a7092176,2008-07-10T00:00:00.000Z
64effb537c52d7e5a7092177,2008-07-11T00:00:00.000Z
64effb537c52d7e5a7092178,2008-07-14T00:00:00.000Z
64effb537c52d7e5a7092179,2008-07-15T00:00:00.000Z
64effb537c52d7e5a709217a,2008-07-16T00:00:00.000Z
64effb537c52d7e5a709217b,2008-07-17T00:00:00.000Z
64effb537c52d7e5a709217c,2008-07-18T00:00:00.000Z
64effb537c52d7e5a709217d,2008-07-21T00:00:00.000Z
64effb537c52d7e5a709217e,2008-07-22T00:00:00.000Z
64effb537c52d7e5a709217f,2008-07-23T00:00:00.000Z
64effb537c52d7e5a7092180,2008-07-24T00:00:00.000Z
64effb537c52d7e5a7092181,2008-07-25T00:00:00.000Z
64effb537c52d7e5a7092182,2008-07-28T00:00:00.000Z
64effb537c52d7e5a7092183,2008-07-29T00:00:00.000Z
64effb537c52d7e5a7092184,2008-07-30T00:00:00.000Z
64effb537c52d7e5a7092185,2008-07-31T00:00:00.000Z
64effb537c52d7e5a7092186,2008-08-01T00:00:00.000Z
64effb537c52d7e5a7092187,2008-08-04T00:00:00.000Z
64effb537c52d7e5a7092188,2008-08-05T00:00:00.000Z
64effb537c52d7e5a7092189,2008-08-06T00:00:00.000Z
64effb537c52d7e5a709218a,2008-08-07T00:00:00.000Z
64effb537c52d7e5a709218b,2008-08-08T00:00:00.000Z
64effb537c52d7e5a709218c,2008-08-11T00:00:00.000Z
64effb537c52d7e5a709218d,2008-08-12T00:00:00.000Z
64effb537c52d7e5a709218e,2008-08-13T00:00:00.000Z
64effb537c52d7e5a709218f,2008-08-14T00:00:00.000Z
64effb537c52d7e5a7092190,2008-08-15T00:00:00.000Z
64effb537c52d7e5a7092191,2008-08-18T00:00:00.000Z
64effb537c52d7e5a7092192,2008-08-19T00:00:00.000Z
64effb537c52d7e5a7092193,2008-08-20T00:00:00.000Z
64effb537c52d7e5a7092194,2008-08-21T00:00:00.000Z
64effb537c52d7e5a7092195,2008-08-22T00:00:00.000Z
64effb537c52d7e5a7092196,2008-08-25T00:00:00.000Z
64effb537c52d7e5a7092197,2008-08-26T00:00:00.000Z
64effb537c52d7e5a7092198,2008-08-27T00:00:00.000Z
64effb537c52d7e5a7092199,2008-08-28T00:00:00.000Z
64effb537c52d7e5a709219a,2008-08-29T00:00:00.000Z
64effb537c52d7e5a709219b,2008-09-01T00:00:00.000Z
64effb537c52d7e5a709219c,2008-09-02T00:00:00.000Z
64effb537c52d7e5a709219d,2008-09-03T00:00:00.000Z
64effb537c52d7e5a709219e,2008-09-04T00:00:00.000Z
64effb537c52d7e5a709219f,2008-09-05T00:00:00.000Z
64effb537c52d7e5a70921a0,2008-09-08T00:00:00.000Z
64effb537c52d7e5a70921a1,2008-09-09T00:00:00.000Z
64effb537c52d7e5a70921a2,2008-09-10T00:00:00.000Z
64effb537c52d7e5a70921a3,2008-09-11T00:00:00.000Z
64effb537c52d7e5a70921a4,2008-09-12T00:00:00.000Z
64effb537c52d7e5a70921a5,2008-09-16T00:00:00.000Z
64effb537c52d7e5a70921a6,2008-09-17T00:00:00.000Z
64effb537c52d7e5a70921a7,2008-09-18T00:00:00.000Z
64effb537c52d7e5a70921a8,2008-09-19T00:00:00.000Z
64effb537c52d7e5a70921a9,2008-09-22T00:00:00.000Z
64effb537c52d7e5a70921aa,2008-09-23T00:00:00.000Z
64effb537c52d7e5a70921ab,2008-09-24T00:00:00.000Z
64effb537c52d7e5a70921ac,2008-09-25T00:00:00.000Z
64effb537c52d7e5a70921ad,2008-09-26T00:00:00.000Z
64effb537c52d7e5a70921ae,2008-10-06T00:00:00.000Z
64effb537c52d7e5a70921af,2008-10-07T00:00:00.000Z
64effb537c52d7e5a70921b0,2008-10-08T00:00:00.000Z
64effb537c52d7e5a70921b1,2008-10-09T00:00:00.000Z
64effb537c52d7e5a70921b2,2008-10-10T00:00:00.000Z
64effb537c52d7e5a70921b3,2008-10-13T00:00:00.000Z
64effb537c52d7e5a70921b4,2008-10-14T00:00:00.000Z
64effb537c52d7e5a70921b5,2008-10-15T00:00:00.000Z
64effb537c52d7e5a70921b6,2008-10-16T00:00:00.000Z
64effb537c52d7e5a70921b7,2008-10-17T00:00:00.000Z
64effb537c52d7e5a70921b8,2008-10-20T00:00:00.000Z
64effb537c52d7e5a70921b9,2008-10-21T00:00:00.000Z
64effb537c52d7e5a70921ba,2008-10-22T00:00:00.000Z
64effb537c52d7e5a70921bb,2008-10-23T00:00:00.000Z
64effb537c52d7e5a70921bc,2008-10-24T00:00:00.000Z
64effb537c52d7e5a70921bd,2008-10-27T00:00:00.000Z
64effb537c52d7e5a70921be,2008-10-28T00:00:00.000Z
64effb537c52d7e5a70921bf,2008-10-29T00:00:00.000Z
64effb537c52d7e5a70921c0,2008-10-30T00:00:00.000Z
64effb537c52d7e5a70921c1,2008-10-31T00:00:00.000Z
64effb537c52d7e5a70921c2,2008-11-03T00:00:00.000Z
64effb537c52d7e5a70921c3,2008-11-04T00:00:00.000Z
64effb537c52d7e5a70921c4,2008-11-05T00:00:00.000Z
64effb537c52d7e5a70921c5,2008-11-06T00:00:00.000Z
64effb537c52d7e5a70921c6,2008-11-07T00:00:00.000Z
64effb537c52d7e5a70921c7,2008-11-10T00:00:00.000Z
64effb537c52d7e5a70921c8,2008-11-11T00:00:00.000Z
64effb537c52d7e5a70921c9,2008-11-12T00:00:00.000Z
64effb537c52d7e5a70921ca,2008-11-13T00:00:00.000Z
64effb537c52d7e5a70921cb,2008-11-14T00:00:00.000Z
64effb537c52d7e5a70921cc,2008-11-17T00:00:00.000Z
64effb537c52d7e5a70921cd,2008-11-18T00:00:00.000Z
64effb537c52d7e5a70921ce,2008-11-19T00:00:00.000Z
64effb537c52d7e5a70921cf,2008-11-20T00:00:00.000Z
64effb537c52d7e5a70921d0,2008-11-21T00:00:00.000Z
64effb537c52d7e5a70921d1,2008-11-24T00:00:00.000Z
64effb537c52d7e5a70921d2,2008-11-25T00:00:00.000Z
64effb537c52d7e5a70921d3,2008-11-26T00:00:00.000Z
64effb537c52d7e5a70921d4,2008-11-27T00:00:00.000Z
64effb537c52d7e5a70921d5,2008-11-28T00:00:00.000Z
64effb537c52d7e5a70921d6,2008-12-01T00:00:00.000Z
64effb537c52d7e5a70921d7,2008-12-02T00:00:00.000Z
64effb537c52d7e5a70921d8,2008-12-03T00:00:00.000Z
64effb537c52d7e5a70921d9,2008-12-04T00:00:00.000Z
64effb537c52d7e5a70921da,2008-12-05T00:00:00.000Z
64effb537c52d7e5a70921db,2008-12-08T00:00:00.000Z
64effb537c52d7e5a70921dc,2008-12-09T00:00:00.000Z
64effb537c52d7e5a70921dd,2008-12-10T00:00:00.000Z
64effb537c52d7e5a70921de,2008-12-11T00:00:00.000Z
64effb537c52d7e5a70921df,2008-12-12T00:00:00.000Z
64effb537c52d7e5a70921e0,2008-12-15T00:00:00.000Z
64effb537c52d7e5a70921e1,2008-12-16T00:00:00.000Z
64effb537c52d7e5a70921e2,2008-12-17T00:00:00.000Z
64effb537c52d7e5a70921e3,2008-12-18T00:00:00.000Z
64effb537c52d7e5a70921e4,2008-12-19T00:00:00.000Z
64effb537c52d7e5a70921e5,2008-12-22T00:00:00.000Z
64effb537c52d7e5a70921e6,2008-12-23T00:00:00.000Z
64effb537c52d7e5a70921e7,2008-12-24T00:00:00.000Z
64effb537c52d7e5a70921e8,2008-12-25T00:00:00.000Z
64effb537c52d7e5a70921e9,2008-12-26T00:00:00.000Z
64effb537c52d7e5a70921ea,2008-12-29T00:00:00.000Z
64effb537c52d7e5a70921eb,2008-12-30T00:00:00.000Z
64effb537c52d7e5a70921ec,2008-12-31T00:00:00.000Z
64effb537c52d7e5a70921ed,2009-01-05T00:00:00.000Z
64effb537c52d7e5a70921ee,2009-01-06T00:00:00.000Z
64effb537c52d7e5a70921ef,2009-01-07T00:00:00.000Z
64effb537c52d7e5a70921f0,2009-01-08T00:00:00.000Z
64effb537c52d7e5a70921f1,2009-01-09T00:00:00.000Z
64effb537c52d7e5a70921f2,2009-01-12T00:00:00.000Z
64effb537c52d7e5a70921f3,2009-01-13T00:00:00.000Z
64effb537c52d7e5a70921f4,2009-01-14T00:00:00.000Z
64effb537c52d7e5a70921f5,2009-01-15T00:00:00.000Z
64effb537c52d7e5a70921f6,2009-01-16T00:00:00.000Z
64effb537c52d7e5a70921f7,2009-01-19T00:00:00.000Z
64effb537c52d7e5a70921f8,2009-01-20T00:00:00.000Z
64effb537c52d7e5a70921f9,2009-01-21T00:00:00.000Z
64effb537c52d7e5a70921fa,2009-01-22T00:00:00.000Z
64effb537c52d7e5a70921fb,2009-01-23T00:00:00.000Z
64effb537c52d7e5a70921fc,2009-02-02T00:00:00.000Z
64effb537c52d7e5a70921fd,2009-02-03T00:00:00.000Z
64effb537c52d7e5a70921fe,2009-02-04T00:00:00.000Z
64effb537c52d7e5a70921ff,2009-02-05T00:00:00.000Z
64effb537c52d7e5a7092200,2009-02-06T00:00:00.000Z
64effb537c52d7e5a7092201,2009-02-09T00:00:00.000Z
64effb537c52d7e5a7092202,2009-02-10T00:00:00.000Z
64effb537c52d7e5a7092203,2009-02-11T00:00:00.000Z
64effb537c52d7e5a7092204,2009-02-12T00:00:00.000Z
64effb537c52d7e5a7092205,2009-02-13T00:00:00.000Z
64effb537c52d7e5a7092206,2009-02-16T00:00:00.000Z
64effb537c52d7e5a7092207,2009-02-17T00:00:00.000Z
64effb537c52d7e5a7092208,2009-02-18T00:00:00.000Z
64effb537c52d7e5a7092209,2009-02-19T00:00:00.000Z
64effb537c52d7e5a709220a,2009-02-20T00:00:00.000Z
64effb537c52d7e5a709220b,2009-02-23T00:00:00.000Z
64effb537c52d7e5a709220c,2009-02-24T00:00:00.000Z
64effb537c52d7e5a709220d,2009-02-25T00:00:00.000Z
64effb537c52d7e5a709220e,2009-02-26T00:00:00.000Z
64effb537c52d7e5a709220f,2009-02-27T00:00:00.000Z
64effb537c52d7e5a7092210,2009-03-02T00:00:00.000Z
64effb537c52d7e5a7092211,2009-03-03T00:00:00.000Z
64effb537c52d7e5a7092212,2009-03-04T00:00:00.000Z
64effb537c52d7e5a7092213,2009-03-05T00:00:00.000Z
64effb537c52d7e5a7092214,2009-03-06T00:00:00.000Z
64effb537c52d7e5a7092215,2009-03-09T00:00:00.000Z
64effb537c52d7e5a7092216,2009-03-10T00:00:00.000Z
64effb537c52d7e5a7092217,2009-03-11T00:00:00.000Z
64effb537c52d7e5a7092218,2009-03-12T00:00:00.000Z
64effb537c52d7e5a7092219,2009-03-13T00:00:00.000Z
64effb537c52d7e5a709221a,2009-03-16T00:00:00.000Z
64effb537c52d7e5a709221b,2009-03-17T00:00:00.000Z
64effb537c52d7e5a709221c,2009-03-18T00:00:00.000Z
64effb537c52d7e5a709221d,2009-03-19T00:00:00.000Z
64effb537c52d7e5a709221e,2009-03-20T00:00:00.000Z
64effb537c52d7e5a709221f,2009-03-23T00:00:00.000Z
64effb537c52d7e5a7092220,2009-03-24T00:00:00.000Z
64effb537c52d7e5a7092221,2009-03-25T00:00:00.000Z
64effb537c52d7e5a7092222,2009-03-26T00:00:00.000Z
64effb537c52d7e5a7092223,2009-03-27T00:00:00.000Z
64effb537c52d7e5a7092224,2009-03-30T00:00:00.000Z
64effb537c52d7e5a7092225,2009-03-31T00:00:00.000Z
64effb537c52d7e5a7092226,2009-04-01T00:00:00.000Z
64effb537c52d7e5a7092227,2009-04-02T00:00:00.000Z
64effb537c52d7e5a7092228,2009-04-03T00:00:00.000Z
64effb537c52d7e5a7092229,2009-04-07T00:00:00.000Z
64effb537c52d7e5a709222a,2009-04-08T00:00:00.000Z
64effb537c52d7e5a709222b,2009-04-09T00:00:00.000Z
64effb537c52d7e5a709222c,2009-04-10T00:00:00.000Z
64effb537c52d7e5a709222d,2009-04-13T00:00:00.000Z
64effb537c52d7e5a709222e,2009-04-14T00:00:00.000Z
64effb537c52d7e5a709222f,2009-04-15T00:00:00.000Z
64effb537c52d7e5a7092230,2009-04-16T00:00:00.000Z
64effb537c52d7e5a7092231,2009-04-17T00:00:00.000Z
64effb537c52d7e5a7092232,2009-04-20T00:00:00.000Z
64effb537c52d7e5a7092233,2009-04-21T00:00:00.000Z
64effb537c52d7e5a7092234,2009-04-22T00:00:00.000Z
64effb537c52d7e5a7092235,2009-04-23T00:00:00.000Z
64effb537c52d7e5a7092236,2009-04-24T00:00:00.000Z
64effb537c52d7e5a7092237,2009-04-27T00:00:00.000Z
64effb537c52d7e5a7092238,2009-04-28T00:00:00.000Z
64effb537c52d7e5a7092239,2009-04-29T00:00:00.000Z
64effb537c52d7e5a709223a,2009-04-30T00:00:00.000Z
64effb537c52d7e5a709223b,2009-05-04T00:00:00.000Z
64effb537c52d7e5a709223c,2009-05-05T00:00:00.000Z
64effb537c52d7e5a709223d,2009-05-06T00:00:00.000Z
64effb537c52d7e5a709223e,2009-05-07T00:00:00.000Z
64effb537c52d7e5a709223f,2009-05-08T00:00:00.000Z
64effb537c52d7e5a7092240,2009-05-11T00:00:00.000Z
64effb537c52d7e5a7092241,2009-05-12T00:00:00.000Z
64effb537c52d7e5a7092242,2009-05-13T00:00:00.000Z
64effb537c52d7e5a7092243,2009-05-14T00:00:00.000Z
64effb537c52d7e5a7092244,2009-05-15T00:00:00.000Z
64effb537c52d7e5a7092245,2009-05-18T00:00:00.000Z
64effb537c52d7e5a7092246,2009-05-19T00:00:00.000Z
64effb537c52d7e5a7092247,2009-05-20T00:00:00.000Z
64effb537c52d7e5a7092248,2009-05-21T00:00:00.000Z
64effb537c52d7e5a7092249,2009-05-22T00:00:00.000Z
64effb537c52d7e5a709224a,2009-05-25T00:00:00.000Z
64effb537c52d7e5a709224b,2009-05-26T00:00:00.000Z
64effb537c52d7e5a709224c,2009-05-27T00:00:00.000Z
64effb537c52d7e5a709224d,2009-06-01T00:00:00.000Z
64effb537c52d7e5a709224e,2009-06-02T00:00:00.000Z
64effb537c52d7e5a709224f,2009-06-03T00:00:00.000Z
64effb537c52d7e5a7092250,2009-06-04T00:00:00.000Z
64effb537c52d7e5a7092251,2009-06-05T00:00:00.000Z
64effb537c52d7e5a7092252,2009-06-08T00:00:00.000Z
64effb537c52d7e5a7092253,2009-06-09T00:00:00.000Z
64effb537c52d7e5a7092254,2009-06-10T00:00:00.000Z
64effb537c52d7e5a7092255,2009-06-11T00:00:00.000Z
64effb537c52d7e5a7092256,2009-06-12T00:00:00.000Z
64effb537c52d7e5a7092257,2009-06-15T00:00:00.000Z
64effb537c52d7e5a7092258,2009-06-16T00:00:00.000Z
64effb537c52d7e5a7092259,2009-06-17T00:00:00.000Z
64effb537c52d7e5a709225a,2009-06-18T00:00:00.000Z
64effb537c52d7e5a709225b,2009-06-19T00:00:00.000Z
64effb537c52d7e5a709225c,2009-06-22T00:00:00.000Z
64effb537c52d7e5a709225d,2009-06-23T00:00:00.000Z
64effb537c52d7e5a709225e,2009-06-24T00:00:00.000Z
64effb537c52d7e5a709225f,2009-06-25T00:00:00.000Z
64effb537c52d7e5a7092260,2009-06-26T00:00:00.000Z
64effb537c52d7e5a7092261,2009-06-29T00:00:00.000Z
64effb537c52d7e5a7092262,2009-06-30T00:00:00.000Z
64effb537c52d7e5a7092263,2009-07-01T00:00:00.000Z
64effb537c52d7e5a7092264,2009-07-02T00:00:00.000Z
64effb537c52d7e5a7092265,2009-07-03T00:00:00.000Z
64effb537c52d7e5a7092266,2009-07-06T00:00:00.000Z
64effb537c52d7e5a7092267,2009-07-07T00:00:00.000Z
64effb537c52d7e5a7092268,2009-07-08T00:00:00.000Z
64effb537c52d7e5a7092269,2009-07-09T00:00:00.000Z
64effb537c52d7e5a709226a,2009-07-10T00:00:00.000Z
64effb537c52d7e5a709226b,2009-07-13T00:00:00.000Z
64effb537c52d7e5a709226c,2009-07-14T00:00:00.000Z
64effb537c52d7e5a709226d,2009-07-15T00:00:00.000Z
64effb537c52d7e5a709226e,2009-07-16T00:00:00.000Z
64effb537c52d7e5a709226f,2009-07-17T00:00:00.000Z
64effb537c52d7e5a7092270,2009-07-20T00:00:00.000Z
64effb537c52d7e5a7092271,2009-07-21T00:00:00.000Z
64effb537c52d7e5a7092272,2009-07-22T00:00:00.000Z
64effb537c52d7e5a7092273,2009-07-23T00:00:00.000Z
64effb537c52d7e5a7092274,2009-07-24T00:00:00.000Z
64effb537c52d7e5a7092275,2009-07-27T00:00:00.000Z
64effb537c52d7e5a7092276,2009-07-28T00:00:00.000Z
64effb537c52d7e5a7092277,2009-07-29T00:00:00.000Z
64effb537c52d7e5a7092278,2009-07-30T00:00:00.000Z
64effb537c52d7e5a7092279,2009-07-31T00:00:00.000Z
64effb537c52d7e5a709227a,2009-08-03T00:00:00.000Z
64effb537c52d7e5a709227b,2009-08-04T00:00:00.000Z
64effb537c52d7e5a709227c,2009-08-05T00:00:00.000Z
64effb537c52d7e5a709227d,2009-08-06T00:00:00.000Z
64effb537c52d7e5a709227e,2009-08-07T00:00:00.000Z
64effb537c52d7e5a709227f,2009-08-10T00:00:00.000Z
64effb537c52d7e5a7092280,2009-08-11T00:00:00.000Z
64effb537c52d7e5a7092281,2009-08-12T00:00:00.000Z
64effb537c52d7e5a7092282,2009-08-13T00:00:00.000Z
64effb537c52d7e5a7092283,2009-08-14T00:00:00.000Z
64effb537c52d7e5a7092284,2009-08-17T00:00:00.000Z
64effb537c52d7e5a7092285,2009-08-18T00:00:00.000Z
64effb537c52d7e5a7092286,2009-08-19T00:00:00.000Z
64effb537c52d7e5a7092287,2009-08-20T00:00:00.000Z
64effb537c52d7e5a7092288,2009-08-21T00:00:00.000Z
64effb537c52d7e5a7092289,2009-08-24T00:00:00.000Z
64effb537c52d7e5a709228a,2009-08-25T00:00:00.000Z
64effb537c52d7e5a709228b,2009-08-26T00:00:00.000Z
64effb537c52d7e5a709228c,2009-08-27T00:00:00.000Z
64effb537c52d7e5a709228d,2009-08-28T00:00:00.000Z
64effb537c52d7e5a709228e,2009-08-31T00:00:00.000Z
64effb537c52d7e5a709228f,2009-09-01T00:00:00.000Z
64effb537c52d7e5a7092290,2009-09-02T00:00:00.000Z
64effb537c52d7e5a7092291,2009-09-03T00:00:00.000Z
64effb537c52d7e5a7092292,2009-09-04T00:00:00.000Z
64effb537c52d7e5a7092293,2009-09-07T00:00:00.000Z
64effb537c52d7e5a7092294,2009-09-08T00:00:00.000Z
64effb537c52d7e5a7092295,2009-09-09T00:00:00.000Z
64effb537c52d7e5a7092296,2009-09-10T00:00:00.000Z
64effb537c52d7e5a7092297,2009-09-11T00:00:00.000Z
64effb537c52d7e5a7092298,2009-09-14T00:00:00.000Z
64effb537c52d7e5a7092299,2009-09-15T00:00:00.000Z
64effb537c52d7e5a709229a,2009-09-16T00:00:00.000Z
64effb537c52d7e5a709229b,2009-09-17T00:00:00.000Z
64effb537c52d7e5a709229c,2009-09-18T00:00:00.000Z
64effb537c52d7e5a709229d,2009-09-21T00:00:00.000Z
64effb537c52d7e5a709229e,2009-09-22T00:00:00.000Z
64effb537c52d7e5a709229f,2009-09-23T00:00:00.000Z
64effb537c52d7e5a70922a0,2009-09-24T00:00:00.000Z
64effb537c52d7e5a70922a1,2009-09-25T00:00:00.000Z
64effb537c52d7e5a70922a2,2009-09-28T00:00:00.000Z
64effb537c52d7e5a70922a3,2009-09-29T00:00:00.000Z
64effb537c52d7e5a70922a4,2009-09-30T00:00:00.000Z
64effb537c52d7e5a70922a5,2009-10-09T00:00:00.000Z
64effb537c52d7e5a70922a6,2009-10-12T00:00:00.000Z
64effb537c52d7e5a70922a7,2009-10-13T00:00:00.000Z
64effb537c52d7e5a70922a8,2009-10-14T00:00:00.000Z
64effb537c52d7e5a70922a9,2009-10-15T00:00:00.000Z
64effb537c52d7e5a70922aa,2009-10-16T00:00:00.000Z
64effb537c52d7e5a70922ab,2009-10-19T00:00:00.000Z
64effb537c52d7e5a70922ac,2009-10-20T00:00:00.000Z
64effb537c52d7e5a70922ad,2009-10-21T00:00:00.000Z
64effb537c52d7e5a70922ae,2009-10-22T00:00:00.000Z
64effb537c52d7e5a70922af,2009-10-23T00:00:00.000Z
64effb537c52d7e5a70922b0,2009-10-26T00:00:00.000Z
64effb537c52d7e5a70922b1,2009-10-27T00:00:00.000Z
64effb537c52d7e5a70922b2,2009-10-28T00:00:00.000Z
64effb537c52d7e5a70922b3,2009-10-29T00:00:00.000Z
64effb537c52d7e5a70922b4,2009-10-30T00:00:00.000Z
64effb537c52d7e5a70922b5,2009-11-02T00:00:00.000Z
64effb537c52d7e5a70922b6,2009-11-03T00:00:00.000Z
64effb537c52d7e5a70922b7,2009-11-04T00:00:00.000Z
64effb537c52d7e5a70922b8,2009-11-05T00:00:00.000Z
64effb537c52d7e5a70922b9,2009-11-06T00:00:00.000Z
64effb537c52d7e5a70922ba,2009-11-09T00:00:00.000Z
64effb537c52d7e5a70922bb,2009-11-10T00:00:00.000Z
64effb537c52d7e5a70922bc,2009-11-11T00:00:00.000Z
64effb537c52d7e5a70922bd,2009-11-12T00:00:00.000Z
64effb537c52d7e5a70922be,2009-11-13T00:00:00.000Z
64effb537c52d7e5a70922bf,2009-11-16T00:00:00.000Z
64effb537c52d7e5a70922c0,2009-11-17T00:00:00.000Z
64effb537c52d7e5a70922c1,2009-11-18T00:00:00.000Z
64effb537c52d7e5a70922c2,2009-11-19T00:00:00.000Z
64effb537c52d7e5a70922c3,2009-11-20T00:00:00.000Z
64effb537c52d7e5a70922c4,2009-11-23T00:00:00.000Z
64effb537c52d7e5a70922c5,2009-11-24T00:00:00.000Z
64effb537c52d7e5a70922c6,2009-11-25T00:00:00.000Z
64effb537c52d7e5a70922c7,2009-11-26T00:00:00.000Z
64effb537c52d7e5a70922c8,2009-11-27T00:00:00.000Z
64effb537c52d7e5a70922c9,2009-11-30T00:00:00.000Z
64effb537c52d7e5a70922ca,2009-12-01T00:00:00.000Z
64effb537c52d7e5a70922cb,2009-12-02T00:00:00.000Z
64effb537c52d7e5a70922cc,2009-12-03T00:00:00.000Z
64effb537c52d7e5a70922cd,2009-12-04T00:00:00.000Z
64effb537c52d7e5a70922ce,2009-12-07T00:00:00.000Z
64effb537c52d7e5a70922cf,2009-12-08T00:00:00.000Z
64effb537c52d7e5a70922d0,2009-12-09T00:00:00.000Z
64effb537c52d7e5a70922d1,2009-12-10T00:00:00.000Z
64effb537c52d7e5a70922d2,2009-12-11T00:00:00.000Z
64effb537c52d7e5a70922d3,2009-12-14T00:00:00.000Z
64effb537c52d7e5a70922d4,2009-12-15T00:00:00.000Z
64effb537c52d7e5a70922d5,2009-12-16T00:00:00.000Z
64effb537c52d7e5a70922d6,2009-12-17T00:00:00.000Z
64effb537c52d7e5a70922d7,2009-12-18T00:00:00.000Z
64effb537c52d7e5a70922d8,2009-12-21T00:00:00.000Z
64effb537c52d7e5a70922d9,2009-12-22T00:00:00.000Z
64effb537c52d7e5a70922da,2009-12-23T00:00:00.000Z
64effb537c52d7e5a70922db,2009-12-24T00:00:00.000Z
64effb537c52d7e5a70922dc,2009-12-25T00:00:00.000Z
64effb537c52d7e5a70922dd,2009-12-28T00:00:00.000Z
64effb537c52d7e5a70922de,2009-12-29T00:00:00.000Z
64effb537c52d7e5a70922df,2009-12-30T00:00:00.000Z
64effb537c52d7e5a70922e0,2009-12-31T00:00:00.000Z
64effb537c52d7e5a70922e1,2010-01-04T00:00:00.000Z
64effb537c52d7e5a70922e2,2010-01-05T00:00:00.000Z
64effb537c52d7e5a70922e3,2010-01-06T00:00:00.000Z
64effb537c52d7e5a70922e4,2010-01-07T00:00:00.000Z
64effb537c52d7e5a70922e5,2010-01-08T00:00:00.000Z
64effb537c52d7e5a70922e6,2010-01-11T00:00:00.000Z
64effb537c52d7e5a70922e7,2010-01-12T00:00:00.000Z
64effb537c52d7e5a70922e8,2010-01-13T00:00:00.000Z
64effb537c52d7e5a70922e9,2010-01-14T00:00:00.000Z
64effb537c52d7e5a70922ea,2010-01-15T00:00:00.000Z
64effb537c52d7e5a70922eb,2010-01-18T00:00:00.000Z
64effb537c52d7e5a70922ec,2010-01-19T00:00:00.000Z
64effb537c52d7e5a70922ed,2010-01-20T00:00:00.000Z
64effb537c52d7e5a70922ee,2010-01-21T00:00:00.000Z
64effb537c52d7e5a70922ef,2010-01-22T00:00:00.000Z
64effb537c52d7e5a70922f0,2010-01-25T00:00:00.000Z
64effb537c52d7e5a70922f1,2010-01-26T00:00:00.000Z
64effb537c52d7e5a70922f2,2010-01-27T00:00:00.000Z
64effb537c52d7e5a70922f3,2010-01-28T00:00:00.000Z
64effb537c52d7e5a70922f4,2010-01-29T00:00:00.000Z
64effb537c52d7e5a70922f5,2010-02-01T00:00:00.000Z
64effb537c52d7e5a70922f6,2010-02-02T00:00:00.000Z
64effb537c52d7e5a70922f7,2010-02-03T00:00:00.000Z
64effb537c52d7e5a70922f8,2010-02-04T00:00:00.000Z
64effb537c52d7e5a70922f9,2010-02-05T00:00:00.000Z
64effb537c52d7e5a70922fa,2010-02-08T00:00:00.000Z
64effb537c52d7e5a70922fb,2010-02-09T00:00:00.000Z
64effb537c52d7e5a70922fc,2010-02-10T00:00:00.000Z
64effb537c52d7e5a70922fd,2010-02-11T00:00:00.000Z
64effb537c52d7e5a70922fe,2010-02-12T00:00:00.000Z
64effb537c52d7e5a70922ff,2010-02-22T00:00:00.000Z
64effb537c52d7e5a7092300,2010-02-23T00:00:00.000Z
64effb537c52d7e5a7092301,2010-02-24T00:00:00.000Z
64effb537c52d7e5a7092302,2010-02-25T00:00:00.000Z
64effb537c52d7e5a7092303,2010-02-26T00:00:00.000Z
64effb537c52d7e5a7092304,2010-03-01T00:00:00.000Z
64effb537c52d7e5a7092305,2010-03-02T00:00:00.000Z
64effb537c52d7e5a7092306,2010-03-03T00:00:00.000Z
64effb537c52d7e5a7092307,2010-03-04T00:00:00.000Z
64effb537c52d7e5a7092308,2010-03-05T00:00:00.000Z
64effb537c52d7e5a7092309,2010-03-08T00:00:00.000Z
64effb537c52d7e5a709230a,2010-03-09T00:00:00.000Z
64effb537c52d7e5a709230b,2010-03-10T00:00:00.000Z
64effb537c52d7e5a709230c,2010-03-11T00:00:00.000Z
64effb537c52d7e5a709230d,2010-03-12T00:00:00.000Z
64effb537c52d7e5a709230e,2010-03-15T00:00:00.000Z
64effb537c52d7e5a709230f,2010-03-16T00:00:00.000Z
64effb537c52d7e5a7092310,2010-03-17T00:00:00.000Z
64effb537c52d7e5a7092311,2010-03-18T00:00:00.000Z
64effb537c52d7e5a7092312,2010-03-19T00:00:00.000Z
64effb537c52d7e5a7092313,2010-03-22T00:00:00.000Z
64effb537c52d7e5a7092314,2010-03-23T00:00:00.000Z
64effb537c52d7e5a7092315,2010-03-24T00:00:00.000Z
64effb537c52d7e5a7092316,2010-03-25T00:00:00.000Z
64effb537c52d7e5a7092317,2010-03-26T00:00:00.000Z
64effb537c52d7e5a7092318,2010-03-29T00:00:00.000Z
64effb537c52d7e5a7092319,2010-03-30T00:00:00.000Z
64effb537c52d7e5a709231a,2010-03-31T00:00:00.000Z
64effb537c52d7e5a709231b,2010-04-01T00:00:00.000Z
64effb537c52d7e5a709231c,2010-04-02T00:00:00.000Z
64effb537c52d7e5a709231d,2010-04-06T00:00:00.000Z
64effb537c52d7e5a709231e,2010-04-07T00:00:00.000Z
64effb537c52d7e5a709231f,2010-04-08T00:00:00.000Z
64effb537c52d7e5a7092320,2010-04-09T00:00:00.000Z
64effb537c52d7e5a7092321,2010-04-12T00:00:00.000Z
64effb537c52d7e5a7092322,2010-04-13T00:00:00.000Z
64effb537c52d7e5a7092323,2010-04-14T00:00:00.000Z
64effb537c52d7e5a7092324,2010-04-15T00:00:00.000Z
64effb537c52d7e5a7092325,2010-04-16T00:00:00.000Z
64effb537c52d7e5a7092326,2010-04-19T00:00:00.000Z
64effb537c52d7e5a7092327,2010-04-20T00:00:00.000Z
64effb537c52d7e5a7092328,2010-04-21T00:00:00.000Z
64effb537c52d7e5a7092329,2010-04-22T00:00:00.000Z
64effb537c52d7e5a709232a,2010-04-23T00:00:00.000Z
64effb537c52d7e5a709232b,2010-04-26T00:00:00.000Z
64effb537c52d7e5a709232c,2010-04-27T00:00:00.000Z
64effb537c52d7e5a709232d,2010-04-28T00:00:00.000Z
64effb537c52d7e5a709232e,2010-04-29T00:00:00.000Z
64effb537c52d7e5a709232f,2010-04-30T00:00:00.000Z
64effb537c52d7e5a7092330,2010-05-04T00:00:00.000Z
64effb537c52d7e5a7092331,2010-05-05T00:00:00.000Z
64effb537c52d7e5a7092332,2010-05-06T00:00:00.000Z
64effb537c52d7e5a7092333,2010-05-07T00:00:00.000Z
64effb537c52d7e5a7092334,2010-05-10T00:00:00.000Z
64effb537c52d7e5a7092335,2010-05-11T00:00:00.000Z
64effb537c52d7e5a7092336,2010-05-12T00:00:00.000Z
64effb537c52d7e5a7092337,2010-05-13T00:00:00.000Z
64effb537c52d7e5a7092338,2010-05-14T00:00:00.000Z
64effb537c52d7e5a7092339,2010-05-17T00:00:00.000Z
64effb537c52d7e5a709233a,2010-05-18T00:00:00.000Z
64effb537c52d7e5a709233b,2010-05-19T00:00:00.000Z
64effb537c52d7e5a709233c,2010-05-20T00:00:00.000Z
64effb537c52d7e5a709233d,2010-05-21T00:00:00.000Z
64effb537c52d7e5a709233e,2010-05-24T00:00:00.000Z
64effb537c52d7e5a709233f,2010-05-25T00:00:00.000Z
64effb537c52d7e5a7092340,2010-05-26T00:00:00.000Z
64effb537c52d7e5a7092341,2010-05-27T00:00:00.000Z
64effb537c52d7e5a7092342,2010-05-28T00:00:00.000Z
64effb537c52d7e5a7092343,2010-05-31T00:00:00.000Z
64effb537c52d7e5a7092344,2010-06-01T00:00:00.000Z
64effb537c52d7e5a7092345,2010-06-02T00:00:00.000Z
64effb537c52d7e5a7092346,2010-06-03T00:00:00.000Z
64effb537c52d7e5a7092347,2010-06-04T00:00:00.000Z
64effb537c52d7e5a7092348,2010-06-07T00:00:00.000Z
64effb537c52d7e5a7092349,2010-06-08T00:00:00.000Z
64effb537c52d7e5a709234a,2010-06-09T00:00:00.000Z
64effb537c52d7e5a709234b,2010-06-10T00:00:00.000Z
64effb537c52d7e5a709234c,2010-06-11T00:00:00.000Z
64effb537c52d7e5a709234d,2010-06-17T00:00:00.000Z
64effb537c52d7e5a709234e,2010-06-18T00:00:00.000Z
64effb537c52d7e5a709234f,2010-06-21T00:00:00.000Z
64effb537c52d7e5a7092350,2010-06-22T00:00:00.000Z
64effb537c52d7e5a7092351,2010-06-23T00:00:00.000Z
64effb537c52d7e5a7092352,2010-06-24T00:00:00.000Z
64effb537c52d7e5a7092353,2010-06-25T00:00:00.000Z
64effb537c52d7e5a7092354,2010-06-28T00:00:00.000Z
64effb537c52d7e5a7092355,2010-06-29T00:00:00.000Z
64effb537c52d7e5a7092356,2010-06-30T00:00:00.000Z
64effb537c52d7e5a7092357,2010-07-01T00:00:00.000Z
64effb537c52d7e5a7092358,2010-07-02T00:00:00.000Z
64effb537c52d7e5a7092359,2010-07-05T00:00:00.000Z
64effb537c52d7e5a709235a,2010-07-06T00:00:00.000Z
64effb537c52d7e5a709235b,2010-07-07T00:00:00.000Z
64effb537c52d7e5a709235c,2010-07-08T00:00:00.000Z
64effb537c52d7e5a709235d,2010-07-09T00:00:00.000Z
64effb537c52d7e5a709235e,2010-07-12T00:00:00.000Z
64effb537c52d7e5a709235f,2010-07-13T00:00:00.000Z
64effb537c52d7e5a7092360,2010-07-14T00:00:00.000Z
64effb537c52d7e5a7092361,2010-07-15T00:00:00.000Z
64effb537c52d7e5a7092362,2010-07-16T00:00:00.000Z
64effb537c52d7e5a7092363,2010-07-19T00:00:00.000Z
64effb537c52d7e5a7092364,2010-07-20T00:00:00.000Z
64effb537c52d7e5a7092365,2010-07-21T00:00:00.000Z
64effb537c52d7e5a7092366,2010-07-22T00:00:00.000Z
64effb537c52d7e5a7092367,2010-07-23T00:00:00.000Z
64effb537c52d7e5a7092368,2010-07-26T00:00:00.000Z
64effb537c52d7e5a7092369,2010-07-27T00:00:00.000Z
64effb537c52d7e5a709236a,2010-07-28T00:00:00.000Z
64effb537c52d7e5a709236b,2010-07-29T00:00:00.000Z
64effb537c52d7e5a709236c,2010-07-30T00:00:00.000Z
64effb537c52d7e5a709236d,2010-08-02T00:00:00.000Z
64effb537c52d7e5a709236e,2010-08-03T00:00:00.000Z
64effb537c52d7e5a709236f,2010-08-04T00:00:00.000Z
64effb537c52d7e5a7092370,2010-08-05T00:00:00.000Z
64effb537c52d7e5a7092371,2010-08-06T00:00:00.000Z
64effb537c52d7e5a7092372,2010-08-09T00:00:00.000Z
64effb537c52d7e5a7092373,2010-08-10T00:00:00.000Z
64effb537c52d7e5a7092374,2010-08-11T00:00:00.000Z
64effb537c52d7e5a7092375,2010-08-12T00:00:00.000Z
64effb537c52d7e5a7092376,2010-08-13T00:00:00.000Z
64effb537c52d7e5a7092377,2010-08-16T00:00:00.000Z
64effb537c52d7e5a7092378,2010-08-17T00:00:00.000Z
64effb537c52d7e5a7092379,2010-08-18T00:00:00.000Z
64effb537c52d7e5a709237a,2010-08-19T00:00:00.000Z
64effb537c52d7e5a709237b,2010-08-20T00:00:00.000Z
64effb537c52d7e5a709237c,2010-08-23T00:00:00.000Z
64effb537c52d7e5a709237d,2010-08-24T00:00:00.000Z
64effb537c52d7e5a709237e,2010-08-25T00:00:00.000Z
64effb537c52d7e5a709237f,2010-08-26T00:00:00.000Z
64effb537c52d7e5a7092380,2010-08-27T00:00:00.000Z
64effb537c52d7e5a7092381,2010-08-30T00:00:00.000Z
64effb537c52d7e5a7092382,2010-08-31T00:00:00.000Z
64effb537c52d7e5a7092383,2010-09-01T00:00:00.000Z
64effb537c52d7e5a7092384,2010-09-02T00:00:00.000Z
64effb537c52d7e5a7092385,2010-09-03T00:00:00.000Z
64effb537c52d7e5a7092386,2010-09-06T00:00:00.000Z
64effb537c52d7e5a7092387,2010-09-07T00:00:00.000Z
64effb537c52d7e5a7092388,2010-09-08T00:00:00.000Z
64effb537c52d7e5a7092389,2010-09-09T00:00:00.000Z
64effb537c52d7e5a709238a,2010-09-10T00:00:00.000Z
64effb537c52d7e5a709238b,2010-09-13T00:00:00.000Z
64effb537c52d7e5a709238c,2010-09-14T00:00:00.000Z
64effb537c52d7e5a709238d,2010-09-15T00:00:00.000Z
64effb537c52d7e5a709238e,2010-09-16T00:00:00.000Z
64effb537c52d7e5a709238f,2010-09-17T00:00:00.000Z
64effb537c52d7e5a7092390,2010-09-20T00:00:00.000Z
64effb537c52d7e5a7092391,2010-09-21T00:00:00.000Z
64effb537c52d7e5a7092392,2010-09-27T00:00:00.000Z
64effb537c52d7e5a7092393,2010-09-28T00:00:00.000Z
64effb537c52d7e5a7092394,2010-09-29T00:00:00.000Z
64effb537c52d7e5a7092395,2010-09-30T00:00:00.000Z
64effb537c52d7e5a7092396,2010-10-08T00:00:00.000Z
64effb537c52d7e5a7092397,2010-10-11T00:00:00.000Z
64effb537c52d7e5a7092398,2010-10-12T00:00:00.000Z
64effb537c52d7e5a7092399,2010-10-13T00:00:00.000Z
64effb537c52d7e5a709239a,2010-10-14T00:00:00.000Z
64effb537c52d7e5a709239b,2010-10-15T00:00:00.000Z
64effb537c52d7e5a709239c,2010-10-18T00:00:00.000Z
64effb537c52d7e5a709239d,2010-10-19T00:00:00.000Z
64effb537c52d7e5a709239e,2010-10-20T00:00:00.000Z
64effb537c52d7e5a709239f,2010-10-21T00:00:00.000Z
64effb537c52d7e5a70923a0,2010-10-22T00:00:00.000Z
64effb537c52d7e5a70923a1,2010-10-25T00:00:00.000Z
64effb537c52d7e5a70923a2,2010-10-26T00:00:00.000Z
64effb537c52d7e5a70923a3,2010-10-27T00:00:00.000Z
64effb537c52d7e5a70923a4,2010-10-28T00:00:00.000Z
64effb537c52d7e5a70923a5,2010-10-29T00:00:00.000Z
64effb537c52d7e5a70923a6,2010-11-01T00:00:00.000Z
64effb537c52d7e5a70923a7,2010-11-02T00:00:00.000Z
64effb537c52d7e5a70923a8,2010-11-03T00:00:00.000Z
64effb537c52d7e5a70923a9,2010-11-04T00:00:00.000Z
64effb537c52d7e5a70923aa,2010-11-05T00:00:00.000Z
64effb537c52d7e5a70923ab,2010-11-08T00:00:00.000Z
64effb537c52d7e5a70923ac,2010-11-09T00:00:00.000Z
64effb537c52d7e5a70923ad,2010-11-10T00:00:00.000Z
64effb537c52d7e5a70923ae,2010-11-11T00:00:00.000Z
64effb537c52d7e5a70923af,2010-11-12T00:00:00.000Z
64effb537c52d7e5a70923b0,2010-11-15T00:00:00.000Z
64effb537c52d7e5a70923b1,2010-11-16T00:00:00.000Z
64effb537c52d7e5a70923b2,2010-11-17T00:00:00.000Z
64effb537c52d7e5a70923b3,2010-11-18T00:00:00.000Z
64effb537c52d7e5a70923b4,2010-11-19T00:00:00.000Z
64effb537c52d7e5a70923b5,2010-11-22T00:00:00.000Z
64effb537c52d7e5a70923b6,2010-11-23T00:00:00.000Z
64effb537c52d7e5a70923b7,2010-11-24T00:00:00.000Z
64effb537c52d7e5a70923b8,2010-11-25T00:00:00.000Z
64effb537c52d7e5a70923b9,2010-11-26T00:00:00.000Z
64effb537c52d7e5a70923ba,2010-11-29T00:00:00.000Z
64effb537c52d7e5a70923bb,2010-11-30T00:00:00.000Z
64effb537c52d7e5a70923bc,2010-12-01T00:00:00.000Z
64effb547c52d7e5a70923bd,2010-12-02T00:00:00.000Z
64effb547c52d7e5a70923be,2010-12-03T00:00:00.000Z
64effb547c52d7e5a70923bf,2010-12-06T00:00:00.000Z
64effb547c52d7e5a70923c0,2010-12-07T00:00:00.000Z
64effb547c52d7e5a70923c1,2010-12-08T00:00:00.000Z
64effb547c52d7e5a70923c2,2010-12-09T00:00:00.000Z
64effb547c52d7e5a70923c3,2010-12-10T00:00:00.000Z
64effb547c52d7e5a70923c4,2010-12-13T00:00:00.000Z
64effb547c52d7e5a70923c5,2010-12-14T00:00:00.000Z
64effb547c52d7e5a70923c6,2010-12-15T00:00:00.000Z
64effb547c52d7e5a70923c7,2010-12-16T00:00:00.000Z
64effb547c52d7e5a70923c8,2010-12-17T00:00:00.000Z
64effb547c52d7e5a70923c9,2010-12-20T00:00:00.000Z
64effb547c52d7e5a70923ca,2010-12-21T00:00:00.000Z
64effb547c52d7e5a70923cb,2010-12-22T00:00:00.000Z
64effb547c52d7e5a70923cc,2010-12-23T00:00:00.000Z
64effb547c52d7e5a70923cd,2010-12-24T00:00:00.000Z
64effb547c52d7e5a70923ce,2010-12-27T00:00:00.000Z
64effb547c52d7e5a70923cf,2010-12-28T00:00:00.000Z
64effb547c52d7e5a70923d0,2010-12-29T00:00:00.000Z
64effb547c52d7e5a70923d1,2010-12-30T00:00:00.000Z
64effb547c52d7e5a70923d2,2010-12-31T00:00:00.000Z
64effb547c52d7e5a70923d3,2011-01-04T00:00:00.000Z
64effb547c52d7e5a70923d4,2011-01-05T00:00:00.000Z
64effb547c52d7e5a70923d5,2011-01-06T00:00:00.000Z
64effb547c52d7e5a70923d6,2011-01-07T00:00:00.000Z
64effb547c52d7e5a70923d7,2011-01-10T00:00:00.000Z
64effb547c52d7e5a70923d8,2011-01-11T00:00:00.000Z
64effb547c52d7e5a70923d9,2011-01-12T00:00:00.000Z
64effb547c52d7e5a70923da,2011-01-13T00:00:00.000Z
64effb547c52d7e5a70923db,2011-01-14T00:00:00.000Z
64effb547c52d7e5a70923dc,2011-01-17T00:00:00.000Z
64effb547c52d7e5a70923dd,2011-01-18T00:00:00.000Z
64effb547c52d7e5a70923de,2011-01-19T00:00:00.000Z
64effb547c52d7e5a70923df,2011-01-20T00:00:00.000Z
64effb547c52d7e5a70923e0,2011-01-21T00:00:00.000Z
64effb547c52d7e5a70923e1,2011-01-24T00:00:00.000Z
64effb547c52d7e5a70923e2,2011-01-25T00:00:00.000Z
64effb547c52d7e5a70923e3,2011-01-26T00:00:00.000Z
64effb547c52d7e5a70923e4,2011-01-27T00:00:00.000Z
64effb547c52d7e5a70923e5,2011-01-28T00:00:00.000Z
64effb547c52d7e5a70923e6,2011-01-31T00:00:00.000Z
64effb547c52d7e5a70923e7,2011-02-01T00:00:00.000Z
64effb547c52d7e5a70923e8,2011-02-09T00:00:00.000Z
64effb547c52d7e5a70923e9,2011-02-10T00:00:00.000Z
64effb547c52d7e5a70923ea,2011-02-11T00:00:00.000Z
64effb547c52d7e5a70923eb,2011-02-14T00:00:00.000Z
64effb547c52d7e5a70923ec,2011-02-15T00:00:00.000Z
64effb547c52d7e5a70923ed,2011-02-16T00:00:00.000Z
64effb547c52d7e5a70923ee,2011-02-17T00:00:00.000Z
64effb547c52d7e5a70923ef,2011-02-18T00:00:00.000Z
64effb547c52d7e5a70923f0,2011-02-21T00:00:00.000Z
64effb547c52d7e5a70923f1,2011-02-22T00:00:00.000Z
64effb547c52d7e5a70923f2,2011-02-23T00:00:00.000Z
64effb547c52d7e5a70923f3,2011-02-24T00:00:00.000Z
64effb547c52d7e5a70923f4,2011-02-25T00:00:00.000Z
64effb547c52d7e5a70923f5,2011-02-28T00:00:00.000Z
64effb547c52d7e5a70923f6,2011-03-01T00:00:00.000Z
64effb547c52d7e5a70923f7,2011-03-02T00:00:00.000Z
64effb547c52d7e5a70923f8,2011-03-03T00:00:00.000Z
64effb547c52d7e5a70923f9,2011-03-04T00:00:00.000Z
64effb547c52d7e5a70923fa,2011-03-07T00:00:00.000Z
64effb547c52d7e5a70923fb,2011-03-08T00:00:00.000Z
64effb547c52d7e5a70923fc,2011-03-09T00:00:00.000Z
64effb547c52d7e5a70923fd,2011-03-10T00:00:00.000Z
64effb547c52d7e5a70923fe,2011-03-11T00:00:00.000Z
64effb547c52d7e5a70923ff,2011-03-14T00:00:00.000Z
64effb547c52d7e5a7092400,2011-03-15T00:00:00.000Z
64effb547c52d7e5a7092401,2011-03-16T00:00:00.000Z
64effb547c52d7e5a7092402,2011-03-17T00:00:00.000Z
64effb547c52d7e5a7092403,2011-03-18T00:00:00.000Z
64effb547c52d7e5a7092404,2011-03-21T00:00:00.000Z
64effb547c52d7e5a7092405,2011-03-22T00:00:00.000Z
64effb547c52d7e5a7092406,2011-03-23T00:00:00.000Z
64effb547c52d7e5a7092407,2011-03-24T00:00:00.000Z
64effb547c52d7e5a7092408,2011-03-25T00:00:00.000Z
64effb547c52d7e5a7092409,2011-03-28T00:00:00.000Z
64effb547c52d7e5a709240a,2011-03-29T00:00:00.000Z
64effb547c52d7e5a709240b,2011-03-30T00:00:00.000Z
64effb547c52d7e5a709240c,2011-03-31T00:00:00.000Z
64effb547c52d7e5a709240d,2011-04-01T00:00:00.000Z
64effb547c52d7e5a709240e,2011-04-06T00:00:00.000Z
64effb547c52d7e5a709240f,2011-04-07T00:00:00.000Z
64effb547c52d7e5a7092410,2011-04-08T00:00:00.000Z
64effb547c52d7e5a7092411,2011-04-11T00:00:00.000Z
64effb547c52d7e5a7092412,2011-04-12T00:00:00.000Z
64effb547c52d7e5a7092413,2011-04-13T00:00:00.000Z
64effb547c52d7e5a7092414,2011-04-14T00:00:00.000Z
64effb547c52d7e5a7092415,2011-04-15T00:00:00.000Z
64effb547c52d7e5a7092416,2011-04-18T00:00:00.000Z
64effb547c52d7e5a7092417,2011-04-19T00:00:00.000Z
64effb547c52d7e5a7092418,2011-04-20T00:00:00.000Z
64effb547c52d7e5a7092419,2011-04-21T00:00:00.000Z
64effb547c52d7e5a709241a,2011-04-22T00:00:00.000Z
64effb547c52d7e5a709241b,2011-04-25T00:00:00.000Z
64effb547c52d7e5a709241c,2011-04-26T00:00:00.000Z
64effb547c52d7e5a709241d,2011-04-27T00:00:00.000Z
64effb547c52d7e5a709241e,2011-04-28T00:00:00.000Z
64effb547c52d7e5a709241f,2011-04-29T00:00:00.000Z
64effb547c52d7e5a7092420,2011-05-03T00:00:00.000Z
64effb547c52d7e5a7092421,2011-05-04T00:00:00.000Z
64effb547c52d7e5a7092422,2011-05-05T00:00:00.000Z
64effb547c52d7e5a7092423,2011-05-06T00:00:00.000Z
64effb547c52d7e5a7092424,2011-05-09T00:00:00.000Z
64effb547c52d7e5a7092425,2011-05-10T00:00:00.000Z
64effb547c52d7e5a7092426,2011-05-11T00:00:00.000Z
64effb547c52d7e5a7092427,2011-05-12T00:00:00.000Z
64effb547c52d7e5a7092428,2011-05-13T00:00:00.000Z
64effb547c52d7e5a7092429,2011-05-16T00:00:00.000Z
64effb547c52d7e5a709242a,2011-05-17T00:00:00.000Z
64effb547c52d7e5a709242b,2011-05-18T00:00:00.000Z
64effb547c52d7e5a709242c,2011-05-19T00:00:00.000Z
64effb547c52d7e5a709242d,2011-05-20T00:00:00.000Z
64effb547c52d7e5a709242e,2011-05-23T00:00:00.000Z
64effb547c52d7e5a709242f,2011-05-24T00:00:00.000Z
64effb547c52d7e5a7092430,2011-05-25T00:00:00.000Z
64effb547c52d7e5a7092431,2011-05-26T00:00:00.000Z
64effb547c52d7e5a7092432,2011-05-27T00:00:00.000Z
64effb547c52d7e5a7092433,2011-05-30T00:00:00.000Z
64effb547c52d7e5a7092434,2011-05-31T00:00:00.000Z
64effb547c52d7e5a7092435,2011-06-01T00:00:00.000Z
64effb547c52d7e5a7092436,2011-06-02T00:00:00.000Z
64effb547c52d7e5a7092437,2011-06-03T00:00:00.000Z
64effb547c52d7e5a7092438,2011-06-07T00:00:00.000Z
64effb547c52d7e5a7092439,2011-06-08T00:00:00.000Z
64effb547c52d7e5a709243a,2011-06-09T00:00:00.000Z
64effb547c52d7e5a709243b,2011-06-10T00:00:00.000Z
64effb547c52d7e5a709243c,2011-06-13T00:00:00.000Z
64effb547c52d7e5a709243d,2011-06-14T00:00:00.000Z
64effb547c52d7e5a709243e,2011-06-15T00:00:00.000Z
64effb547c52d7e5a709243f,2011-06-16T00:00:00.000Z
64effb547c52d7e5a7092440,2011-06-17T00:00:00.000Z
64effb547c52d7e5a7092441,2011-06-20T00:00:00.000Z
64effb547c52d7e5a7092442,2011-06-21T00:00:00.000Z
64effb547c52d7e5a7092443,2011-06-22T00:00:00.000Z
64effb547c52d7e5a7092444,2011-06-23T00:00:00.000Z
64effb547c52d7e5a7092445,2011-06-24T00:00:00.000Z
64effb547c52d7e5a7092446,2011-06-27T00:00:00.000Z
64effb547c52d7e5a7092447,2011-06-28T00:00:00.000Z
64effb547c52d7e5a7092448,2011-06-29T00:00:00.000Z
64effb547c52d7e5a7092449,2011-06-30T00:00:00.000Z
64effb547c52d7e5a709244a,2011-07-01T00:00:00.000Z
64effb547c52d7e5a709244b,2011-07-04T00:00:00.000Z
64effb547c52d7e5a709244c,2011-07-05T00:00:00.000Z
64effb547c52d7e5a709244d,2011-07-06T00:00:00.000Z
64effb547c52d7e5a709244e,2011-07-07T00:00:00.000Z
64effb547c52d7e5a709244f,2011-07-08T00:00:00.000Z
64effb547c52d7e5a7092450,2011-07-11T00:00:00.000Z
64effb547c52d7e5a7092451,2011-07-12T00:00:00.000Z
64effb547c52d7e5a7092452,2011-07-13T00:00:00.000Z
64effb547c52d7e5a7092453,2011-07-14T00:00:00.000Z
64effb547c52d7e5a7092454,2011-07-15T00:00:00.000Z
64effb547c52d7e5a7092455,2011-07-18T00:00:00.000Z
64effb547c52d7e5a7092456,2011-07-19T00:00:00.000Z
64effb547c52d7e5a7092457,2011-07-20T00:00:00.000Z
64effb547c52d7e5a7092458,2011-07-21T00:00:00.000Z
64effb547c52d7e5a7092459,2011-07-22T00:00:00.000Z
64effb547c52d7e5a709245a,2011-07-25T00:00:00.000Z
64effb547c52d7e5a709245b,2011-07-26T00:00:00.000Z
64effb547c52d7e5a709245c,2011-07-27T00:00:00.000Z
64effb547c52d7e5a709245d,2011-07-28T00:00:00.000Z
64effb547c52d7e5a709245e,2011-07-29T00:00:00.000Z
64effb547c52d7e5a709245f,2011-08-01T00:00:00.000Z
64effb547c52d7e5a7092460,2011-08-02T00:00:00.000Z
64effb547c52d7e5a7092461,2011-08-03T00:00:00.000Z
64effb547c52d7e5a7092462,2011-08-04T00:00:00.000Z
64effb547c52d7e5a7092463,2011-08-05T00:00:00.000Z
64effb547c52d7e5a7092464,2011-08-08T00:00:00.000Z
64effb547c52d7e5a7092465,2011-08-09T00:00:00.000Z
64effb547c52d7e5a7092466,2011-08-10T00:00:00.000Z
64effb547c52d7e5a7092467,2011-08-11T00:00:00.000Z
64effb547c52d7e5a7092468,2011-08-12T00:00:00.000Z
64effb547c52d7e5a7092469,2011-08-15T00:00:00.000Z
64effb547c52d7e5a709246a,2011-08-16T00:00:00.000Z
64effb547c52d7e5a709246b,2011-08-17T00:00:00.000Z
64effb547c52d7e5a709246c,2011-08-18T00:00:00.000Z
64effb547c52d7e5a709246d,2011-08-19T00:00:00.000Z
64effb547c52d7e5a709246e,2011-08-22T00:00:00.000Z
64effb547c52d7e5a709246f,2011-08-23T00:00:00.000Z
64effb547c52d7e5a7092470,2011-08-24T00:00:00.000Z
64effb547c52d7e5a7092471,2011-08-25T00:00:00.000Z
64effb547c52d7e5a7092472,2011-08-26T00:00:00.000Z
64effb547c52d7e5a7092473,2011-08-29T00:00:00.000Z
64effb547c52d7e5a7092474,2011-08-30T00:00:00.000Z
64effb547c52d7e5a7092475,2011-08-31T00:00:00.000Z
64effb547c52d7e5a7092476,2011-09-01T00:00:00.000Z
64effb547c52d7e5a7092477,2011-09-02T00:00:00.000Z
64effb547c52d7e5a7092478,2011-09-05T00:00:00.000Z
64effb547c52d7e5a7092479,2011-09-06T00:00:00.000Z
64effb547c52d7e5a709247a,2011-09-07T00:00:00.000Z
64effb547c52d7e5a709247b,2011-09-08T00:00:00.000Z
64effb547c52d7e5a709247c,2011-09-09T00:00:00.000Z
64effb547c52d7e5a709247d,2011-09-13T00:00:00.000Z
64effb547c52d7e5a709247e,2011-09-14T00:00:00.000Z
64effb547c52d7e5a709247f,2011-09-15T00:00:00.000Z
64effb547c52d7e5a7092480,2011-09-16T00:00:00.000Z
64effb547c52d7e5a7092481,2011-09-19T00:00:00.000Z
64effb547c52d7e5a7092482,2011-09-20T00:00:00.000Z
64effb547c52d7e5a7092483,2011-09-21T00:00:00.000Z
64effb547c52d7e5a7092484,2011-09-22T00:00:00.000Z
64effb547c52d7e5a7092485,2011-09-23T00:00:00.000Z
64effb547c52d7e5a7092486,2011-09-26T00:00:00.000Z
64effb547c52d7e5a7092487,2011-09-27T00:00:00.000Z
64effb547c52d7e5a7092488,2011-09-28T00:00:00.000Z
64effb547c52d7e5a7092489,2011-09-29T00:00:00.000Z
64effb547c52d7e5a709248a,2011-09-30T00:00:00.000Z
64effb547c52d7e5a709248b,2011-10-10T00:00:00.000Z
64effb547c52d7e5a709248c,2011-10-11T00:00:00.000Z
64effb547c52d7e5a709248d,2011-10-12T00:00:00.000Z
64effb547c52d7e5a709248e,2011-10-13T00:00:00.000Z
64effb547c52d7e5a709248f,2011-10-14T00:00:00.000Z
64effb547c52d7e5a7092490,2011-10-17T00:00:00.000Z
64effb547c52d7e5a7092491,2011-10-18T00:00:00.000Z
64effb547c52d7e5a7092492,2011-10-19T00:00:00.000Z
64effb547c52d7e5a7092493,2011-10-20T00:00:00.000Z
64effb547c52d7e5a7092494,2011-10-21T00:00:00.000Z
64effb547c52d7e5a7092495,2011-10-24T00:00:00.000Z
64effb547c52d7e5a7092496,2011-10-25T00:00:00.000Z
64effb547c52d7e5a7092497,2011-10-26T00:00:00.000Z
64effb547c52d7e5a7092498,2011-10-27T00:00:00.000Z
64effb547c52d7e5a7092499,2011-10-28T00:00:00.000Z
64effb547c52d7e5a709249a,2011-10-31T00:00:00.000Z
64effb547c52d7e5a709249b,2011-11-01T00:00:00.000Z
64effb547c52d7e5a709249c,2011-11-02T00:00:00.000Z
64effb547c52d7e5a709249d,2011-11-03T00:00:00.000Z
64effb547c52d7e5a709249e,2011-11-04T00:00:00.000Z
64effb547c52d7e5a709249f,2011-11-07T00:00:00.000Z
64effb547c52d7e5a70924a0,2011-11-08T00:00:00.000Z
64effb547c52d7e5a70924a1,2011-11-09T00:00:00.000Z
64effb547c52d7e5a70924a2,2011-11-10T00:00:00.000Z
64effb547c52d7e5a70924a3,2011-11-11T00:00:00.000Z
64effb547c52d7e5a70924a4,2011-11-14T00:00:00.000Z
64effb547c52d7e5a70924a5,2011-11-15T00:00:00.000Z
64effb547c52d7e5a70924a6,2011-11-16T00:00:00.000Z
64effb547c52d7e5a70924a7,2011-11-17T00:00:00.000Z
64effb547c52d7e5a70924a8,2011-11-18T00:00:00.000Z
64effb547c52d7e5a70924a9,2011-11-21T00:00:00.000Z
64effb547c52d7e5a70924aa,2011-11-22T00:00:00.000Z
64effb547c52d7e5a70924ab,2011-11-23T00:00:00.000Z
64effb547c52d7e5a70924ac,2011-11-24T00:00:00.000Z
64effb547c52d7e5a70924ad,2011-11-25T00:00:00.000Z
64effb547c52d7e5a70924ae,2011-11-28T00:00:00.000Z
64effb547c52d7e5a70924af,2011-11-29T00:00:00.000Z
64effb547c52d7e5a70924b0,2011-11-30T00:00:00.000Z
64effb547c52d7e5a70924b1,2011-12-01T00:00:00.000Z
64effb547c52d7e5a70924b2,2011-12-02T00:00:00.000Z
64effb547c52d7e5a70924b3,2011-12-05T00:00:00.000Z
64effb547c52d7e5a70924b4,2011-12-06T00:00:00.000Z
64effb547c52d7e5a70924b5,2011-12-07T00:00:00.000Z
64effb547c52d7e5a70924b6,2011-12-08T00:00:00.000Z
64effb547c52d7e5a70924b7,2011-12-09T00:00:00.000Z
64effb547c52d7e5a70924b8,2011-12-12T00:00:00.000Z
64effb547c52d7e5a70924b9,2011-12-13T00:00:00.000Z
64effb547c52d7e5a70924ba,2011-12-14T00:00:00.000Z
64effb547c52d7e5a70924bb,2011-12-15T00:00:00.000Z
64effb547c52d7e5a70924bc,2011-12-16T00:00:00.000Z
64effb547c52d7e5a70924bd,2011-12-19T00:00:00.000Z
64effb547c52d7e5a70924be,2011-12-20T00:00:00.000Z
64effb547c52d7e5a70924bf,2011-12-21T00:00:00.000Z
64effb547c52d7e5a70924c0,2011-12-22T00:00:00.000Z
64effb547c52d7e5a70924c1,2011-12-23T00:00:00.000Z
64effb547c52d7e5a70924c2,2011-12-26T00:00:00.000Z
64effb547c52d7e5a70924c3,2011-12-27T00:00:00.000Z
64effb547c52d7e5a70924c4,2011-12-28T00:00:00.000Z
64effb547c52d7e5a70924c5,2011-12-29T00:00:00.000Z
64effb547c52d7e5a70924c6,2011-12-30T00:00:00.000Z
64effb547c52d7e5a70924c7,2012-01-04T00:00:00.000Z
64effb547c52d7e5a70924c8,2012-01-05T00:00:00.000Z
64effb547c52d7e5a70924c9,2012-01-06T00:00:00.000Z
64effb547c52d7e5a70924ca,2012-01-09T00:00:00.000Z
64effb547c52d7e5a70924cb,2012-01-10T00:00:00.000Z
64effb547c52d7e5a70924cc,2012-01-11T00:00:00.000Z
64effb547c52d7e5a70924cd,2012-01-12T00:00:00.000Z
64effb547c52d7e5a70924ce,2012-01-13T00:00:00.000Z
64effb547c52d7e5a70924cf,2012-01-16T00:00:00.000Z
64effb547c52d7e5a70924d0,2012-01-17T00:00:00.000Z
64effb547c52d7e5a70924d1,2012-01-18T00:00:00.000Z
64effb547c52d7e5a70924d2,2012-01-19T00:00:00.000Z
64effb547c52d7e5a70924d3,2012-01-20T00:00:00.000Z
64effb547c52d7e5a70924d4,2012-01-30T00:00:00.000Z
64effb547c52d7e5a70924d5,2012-01-31T00:00:00.000Z
64effb547c52d7e5a70924d6,2012-02-01T00:00:00.000Z
64effb547c52d7e5a70924d7,2012-02-02T00:00:00.000Z
64effb547c52d7e5a70924d8,2012-02-03T00:00:00.000Z
64effb547c52d7e5a70924d9,2012-02-06T00:00:00.000Z
64effb547c52d7e5a70924da,2012-02-07T00:00:00.000Z
64effb547c52d7e5a70924db,2012-02-08T00:00:00.000Z
64effb547c52d7e5a70924dc,2012-02-09T00:00:00.000Z
64effb547c52d7e5a70924dd,2012-02-10T00:00:00.000Z
64effb547c52d7e5a70924de,2012-02-13T00:00:00.000Z
64effb547c52d7e5a70924df,2012-02-14T00:00:00.000Z
64effb547c52d7e5a70924e0,2012-02-15T00:00:00.000Z
64effb547c52d7e5a70924e1,2012-02-16T00:00:00.000Z
64effb547c52d7e5a70924e2,2012-02-17T00:00:00.000Z
64effb547c52d7e5a70924e3,2012-02-20T00:00:00.000Z
64effb547c52d7e5a70924e4,2012-02-21T00:00:00.000Z
64effb547c52d7e5a70924e5,2012-02-22T00:00:00.000Z
64effb547c52d7e5a70924e6,2012-02-23T00:00:00.000Z
64effb547c52d7e5a70924e7,2012-02-24T00:00:00.000Z
64effb547c52d7e5a70924e8,2012-02-27T00:00:00.000Z
64effb547c52d7e5a70924e9,2012-02-28T00:00:00.000Z
64effb547c52d7e5a70924ea,2012-02-29T00:00:00.000Z
64effb547c52d7e5a70924eb,2012-03-01T00:00:00.000Z
64effb547c52d7e5a70924ec,2012-03-02T00:00:00.000Z
64effb547c52d7e5a70924ed,2012-03-05T00:00:00.000Z
64effb547c52d7e5a70924ee,2012-03-06T00:00:00.000Z
64effb547c52d7e5a70924ef,2012-03-07T00:00:00.000Z
64effb547c52d7e5a70924f0,2012-03-08T00:00:00.000Z
64effb547c52d7e5a70924f1,2012-03-09T00:00:00.000Z
64effb547c52d7e5a70924f2,2012-03-12T00:00:00.000Z
64effb547c52d7e5a70924f3,2012-03-13T00:00:00.000Z
64effb547c52d7e5a70924f4,2012-03-14T00:00:00.000Z
64effb547c52d7e5a70924f5,2012-03-15T00:00:00.000Z
64effb547c52d7e5a70924f6,2012-03-16T00:00:00.000Z
64effb547c52d7e5a70924f7,2012-03-19T00:00:00.000Z
64effb547c52d7e5a70924f8,2012-03-20T00:00:00.000Z
64effb547c52d7e5a70924f9,2012-03-21T00:00:00.000Z
64effb547c52d7e5a70924fa,2012-03-22T00:00:00.000Z
64effb547c52d7e5a70924fb,2012-03-23T00:00:00.000Z
64effb547c52d7e5a70924fc,2012-03-26T00:00:00.000Z
64effb547c52d7e5a70924fd,2012-03-27T00:00:00.000Z
64effb547c52d7e5a70924fe,2012-03-28T00:00:00.000Z
64effb547c52d7e5a70924ff,2012-03-29T00:00:00.000Z
64effb547c52d7e5a7092500,2012-03-30T00:00:00.000Z
64effb547c52d7e5a7092501,2012-04-05T00:00:00.000Z
64effb547c52d7e5a7092502,2012-04-06T00:00:00.000Z
64effb547c52d7e5a7092503,2012-04-09T00:00:00.000Z
64effb547c52d7e5a7092504,2012-04-10T00:00:00.000Z
64effb547c52d7e5a7092505,2012-04-11T00:00:00.000Z
64effb547c52d7e5a7092506,2012-04-12T00:00:00.000Z
64effb547c52d7e5a7092507,2012-04-13T00:00:00.000Z
64effb547c52d7e5a7092508,2012-04-16T00:00:00.000Z
64effb547c52d7e5a7092509,2012-04-17T00:00:00.000Z
64effb547c52d7e5a709250a,2012-04-18T00:00:00.000Z
64effb547c52d7e5a709250b,2012-04-19T00:00:00.000Z
64effb547c52d7e5a709250c,2012-04-20T00:00:00.000Z
64effb547c52d7e5a709250d,2012-04-23T00:00:00.000Z
64effb547c52d7e5a709250e,2012-04-24T00:00:00.000Z
64effb547c52d7e5a709250f,2012-04-25T00:00:00.000Z
64effb547c52d7e5a7092510,2012-04-26T00:00:00.000Z
64effb547c52d7e5a7092511,2012-04-27T00:00:00.000Z
64effb547c52d7e5a7092512,2012-05-02T00:00:00.000Z
64effb547c52d7e5a7092513,2012-05-03T00:00:00.000Z
64effb547c52d7e5a7092514,2012-05-04T00:00:00.000Z
64effb547c52d7e5a7092515,2012-05-07T00:00:00.000Z
64effb547c52d7e5a7092516,2012-05-08T00:00:00.000Z
64effb547c52d7e5a7092517,2012-05-09T00:00:00.000Z
64effb547c52d7e5a7092518,2012-05-10T00:00:00.000Z
64effb547c52d7e5a7092519,2012-05-11T00:00:00.000Z
64effb547c52d7e5a709251a,2012-05-14T00:00:00.000Z
64effb547c52d7e5a709251b,2012-05-15T00:00:00.000Z
64effb547c52d7e5a709251c,2012-05-16T00:00:00.000Z
64effb547c52d7e5a709251d,2012-05-17T00:00:00.000Z
64effb547c52d7e5a709251e,2012-05-18T00:00:00.000Z
64effb547c52d7e5a709251f,2012-05-21T00:00:00.000Z
64effb547c52d7e5a7092520,2012-05-22T00:00:00.000Z
64effb547c52d7e5a7092521,2012-05-23T00:00:00.000Z
64effb547c52d7e5a7092522,2012-05-24T00:00:00.000Z
64effb547c52d7e5a7092523,2012-05-25T00:00:00.000Z
64effb547c52d7e5a7092524,2012-05-28T00:00:00.000Z
64effb547c52d7e5a7092525,2012-05-29T00:00:00.000Z
64effb547c52d7e5a7092526,2012-05-30T00:00:00.000Z
64effb547c52d7e5a7092527,2012-05-31T00:00:00.000Z
64effb547c52d7e5a7092528,2012-06-01T00:00:00.000Z
64effb547c52d7e5a7092529,2012-06-04T00:00:00.000Z
64effb547c52d7e5a709252a,2012-06-05T00:00:00.000Z
64effb547c52d7e5a709252b,2012-06-06T00:00:00.000Z
64effb547c52d7e5a709252c,2012-06-07T00:00:00.000Z
64effb547c52d7e5a709252d,2012-06-08T00:00:00.000Z
64effb547c52d7e5a709252e,2012-06-11T00:00:00.000Z
64effb547c52d7e5a709252f,2012-06-12T00:00:00.000Z
64effb547c52d7e5a7092530,2012-06-13T00:00:00.000Z
64effb547c52d7e5a7092531,2012-06-14T00:00:00.000Z
64effb547c52d7e5a7092532,2012-06-15T00:00:00.000Z
64effb547c52d7e5a7092533,2012-06-18T00:00:00.000Z
64effb547c52d7e5a7092534,2012-06-19T00:00:00.000Z
64effb547c52d7e5a7092535,2012-06-20T00:00:00.000Z
64effb547c52d7e5a7092536,2012-06-21T00:00:00.000Z
64effb547c52d7e5a7092537,2012-06-25T00:00:00.000Z
64effb547c52d7e5a7092538,2012-06-26T00:00:00.000Z
64effb547c52d7e5a7092539,2012-06-27T00:00:00.000Z
64effb547c52d7e5a709253a,2012-06-28T00:00:00.000Z
64effb547c52d7e5a709253b,2012-06-29T00:00:00.000Z
64effb547c52d7e5a709253c,2012-07-02T00:00:00.000Z
64effb547c52d7e5a709253d,2012-07-03T00:00:00.000Z
64effb547c52d7e5a709253e,2012-07-04T00:00:00.000Z
64effb547c52d7e5a709253f,2012-07-05T00:00:00.000Z
64effb547c52d7e5a7092540,2012-07-06T00:00:00.000Z
64effb547c52d7e5a7092541,2012-07-09T00:00:00.000Z
64effb547c52d7e5a7092542,2012-07-10T00:00:00.000Z
64effb547c52d7e5a7092543,2012-07-11T00:00:00.000Z
64effb547c52d7e5a7092544,2012-07-12T00:00:00.000Z
64effb547c52d7e5a7092545,2012-07-13T00:00:00.000Z
64effb547c52d7e5a7092546,2012-07-16T00:00:00.000Z
64effb547c52d7e5a7092547,2012-07-17T00:00:00.000Z
64effb547c52d7e5a7092548,2012-07-18T00:00:00.000Z
64effb547c52d7e5a7092549,2012-07-19T00:00:00.000Z
64effb547c52d7e5a709254a,2012-07-20T00:00:00.000Z
64effb547c52d7e5a709254b,2012-07-23T00:00:00.000Z
64effb547c52d7e5a709254c,2012-07-24T00:00:00.000Z
64effb547c52d7e5a709254d,2012-07-25T00:00:00.000Z
64effb547c52d7e5a709254e,2012-07-26T00:00:00.000Z
64effb547c52d7e5a709254f,2012-07-27T00:00:00.000Z
64effb547c52d7e5a7092550,2012-07-30T00:00:00.000Z
64effb547c52d7e5a7092551,2012-07-31T00:00:00.000Z
64effb547c52d7e5a7092552,2012-08-01T00:00:00.000Z
64effb547c52d7e5a7092553,2012-08-02T00:00:00.000Z
64effb547c52d7e5a7092554,2012-08-03T00:00:00.000Z
64effb547c52d7e5a7092555,2012-08-06T00:00:00.000Z
64effb547c52d7e5a7092556,2012-08-07T00:00:00.000Z
64effb547c52d7e5a7092557,2012-08-08T00:00:00.000Z
64effb547c52d7e5a7092558,2012-08-09T00:00:00.000Z
64effb547c52d7e5a7092559,2012-08-10T00:00:00.000Z
64effb547c52d7e5a709255a,2012-08-13T00:00:00.000Z
64effb547c52d7e5a709255b,2012-08-14T00:00:00.000Z
64effb547c52d7e5a709255c,2012-08-15T00:00:00.000Z
64effb547c52d7e5a709255d,2012-08-16T00:00:00.000Z
64effb547c52d7e5a709255e,2012-08-17T00:00:00.000Z
64effb547c52d7e5a709255f,2012-08-20T00:00:00.000Z
64effb547c52d7e5a7092560,2012-08-21T00:00:00.000Z
64effb547c52d7e5a7092561,2012-08-22T00:00:00.000Z
64effb547c52d7e5a7092562,2012-08-23T00:00:00.000Z
64effb547c52d7e5a7092563,2012-08-24T00:00:00.000Z
64effb547c52d7e5a7092564,2012-08-27T00:00:00.000Z
64effb547c52d7e5a7092565,2012-08-28T00:00:00.000Z
64effb547c52d7e5a7092566,2012-08-29T00:00:00.000Z
64effb547c52d7e5a7092567,2012-08-30T00:00:00.000Z
64effb547c52d7e5a7092568,2012-08-31T00:00:00.000Z
64effb547c52d7e5a7092569,2012-09-03T00:00:00.000Z
64effb547c52d7e5a709256a,2012-09-04T00:00:00.000Z
64effb547c52d7e5a709256b,2012-09-05T00:00:00.000Z
64effb547c52d7e5a709256c,2012-09-06T00:00:00.000Z
64effb547c52d7e5a709256d,2012-09-07T00:00:00.000Z
64effb547c52d7e5a709256e,2012-09-10T00:00:00.000Z
64effb547c52d7e5a709256f,2012-09-11T00:00:00.000Z
64effb547c52d7e5a7092570,2012-09-12T00:00:00.000Z
64effb547c52d7e5a7092571,2012-09-13T00:00:00.000Z
64effb547c52d7e5a7092572,2012-09-14T00:00:00.000Z
64effb547c52d7e5a7092573,2012-09-17T00:00:00.000Z
64effb547c52d7e5a7092574,2012-09-18T00:00:00.000Z
64effb547c52d7e5a7092575,2012-09-19T00:00:00.000Z
64effb547c52d7e5a7092576,2012-09-20T00:00:00.000Z
64effb547c52d7e5a7092577,2012-09-21T00:00:00.000Z
64effb547c52d7e5a7092578,2012-09-24T00:00:00.000Z
64effb547c52d7e5a7092579,2012-09-25T00:00:00.000Z
64effb547c52d7e5a709257a,2012-09-26T00:00:00.000Z
64effb547c52d7e5a709257b,2012-09-27T00:00:00.000Z
64effb547c52d7e5a709257c,2012-09-28T00:00:00.000Z
64effb547c52d7e5a709257d,2012-10-08T00:00:00.000Z
64effb547c52d7e5a709257e,2012-10-09T00:00:00.000Z
64effb547c52d7e5a709257f,2012-10-10T00:00:00.000Z
64effb547c52d7e5a7092580,2012-10-11T00:00:00.000Z
64effb547c52d7e5a7092581,2012-10-12T00:00:00.000Z
64effb547c52d7e5a7092582,2012-10-15T00:00:00.000Z
64effb547c52d7e5a7092583,2012-10-16T00:00:00.000Z
64effb547c52d7e5a7092584,2012-10-17T00:00:00.000Z
64effb547c52d7e5a7092585,2012-10-18T00:00:00.000Z
64effb547c52d7e5a7092586,2012-10-19T00:00:00.000Z
64effb547c52d7e5a7092587,2012-10-22T00:00:00.000Z
64effb547c52d7e5a7092588,2012-10-23T00:00:00.000Z
64effb547c52d7e5a7092589,2012-10-24T00:00:00.000Z
64effb547c52d7e5a709258a,2012-10-25T00:00:00.000Z
64effb547c52d7e5a709258b,2012-10-26T00:00:00.000Z
64effb547c52d7e5a709258c,2012-10-29T00:00:00.000Z
64effb547c52d7e5a709258d,2012-10-30T00:00:00.000Z
64effb547c52d7e5a709258e,2012-10-31T00:00:00.000Z
64effb547c52d7e5a709258f,2012-11-01T00:00:00.000Z
64effb547c52d7e5a7092590,2012-11-02T00:00:00.000Z
64effb547c52d7e5a7092591,2012-11-05T00:00:00.000Z
64effb547c52d7e5a7092592,2012-11-06T00:00:00.000Z
64effb547c52d7e5a7092593,2012-11-07T00:00:00.000Z
64effb547c52d7e5a7092594,2012-11-08T00:00:00.000Z
64effb547c52d7e5a7092595,2012-11-09T00:00:00.000Z
64effb547c52d7e5a7092596,2012-11-12T00:00:00.000Z
64effb547c52d7e5a7092597,2012-11-13T00:00:00.000Z
64effb547c52d7e5a7092598,2012-11-14T00:00:00.000Z
64effb547c52d7e5a7092599,2012-11-15T00:00:00.000Z
64effb547c52d7e5a709259a,2012-11-16T00:00:00.000Z
64effb547c52d7e5a709259b,2012-11-19T00:00:00.000Z
64effb547c52d7e5a709259c,2012-11-20T00:00:00.000Z
64effb547c52d7e5a709259d,2012-11-21T00:00:00.000Z
64effb547c52d7e5a709259e,2012-11-22T00:00:00.000Z
64effb547c52d7e5a709259f,2012-11-23T00:00:00.000Z
64effb547c52d7e5a70925a0,2012-11-26T00:00:00.000Z
64effb547c52d7e5a70925a1,2012-11-27T00:00:00.000Z
64effb547c52d7e5a70925a2,2012-11-28T00:00:00.000Z
64effb547c52d7e5a70925a3,2012-11-29T00:00:00.000Z
64effb547c52d7e5a70925a4,2012-11-30T00:00:00.000Z
64effb547c52d7e5a70925a5,2012-12-03T00:00:00.000Z
64effb547c52d7e5a70925a6,2012-12-04T00:00:00.000Z
64effb547c52d7e5a70925a7,2012-12-05T00:00:00.000Z
64effb547c52d7e5a70925a8,2012-12-06T00:00:00.000Z
64effb547c52d7e5a70925a9,2012-12-07T00:00:00.000Z
64effb547c52d7e5a70925aa,2012-12-10T00:00:00.000Z
64effb547c52d7e5a70925ab,2012-12-11T00:00:00.000Z
64effb547c52d7e5a70925ac,2012-12-12T00:00:00.000Z
64effb547c52d7e5a70925ad,2012-12-13T00:00:00.000Z
64effb547c52d7e5a70925ae,2012-12-14T00:00:00.000Z
64effb547c52d7e5a70925af,2012-12-17T00:00:00.000Z
64effb547c52d7e5a70925b0,2012-12-18T00:00:00.000Z
64effb547c52d7e5a70925b1,2012-12-19T00:00:00.000Z
64effb547c52d7e5a70925b2,2012-12-20T00:00:00.000Z
64effb547c52d7e5a70925b3,2012-12-21T00:00:00.000Z
64effb547c52d7e5a70925b4,2012-12-24T00:00:00.000Z
64effb547c52d7e5a70925b5,2012-12-25T00:00:00.000Z
64effb547c52d7e5a70925b6,2012-12-26T00:00:00.000Z
64effb547c52d7e5a70925b7,2012-12-27T00:00:00.000Z
64effb547c52d7e5a70925b8,2012-12-28T00:00:00.000Z
64effb547c52d7e5a70925b9,2012-12-31T00:00:00.000Z
64effb547c52d7e5a70925ba,2013-01-04T00:00:00.000Z
64effb547c52d7e5a70925bb,2013-01-07T00:00:00.000Z
64effb547c52d7e5a70925bc,2013-01-08T00:00:00.000Z
64effb547c52d7e5a70925bd,2013-01-09T00:00:00.000Z
64effb547c52d7e5a70925be,2013-01-10T00:00:00.000Z
64effb547c52d7e5a70925bf,2013-01-11T00:00:00.000Z
64effb547c52d7e5a70925c0,2013-01-14T00:00:00.000Z
64effb547c52d7e5a70925c1,2013-01-15T00:00:00.000Z
64effb547c52d7e5a70925c2,2013-01-16T00:00:00.000Z
64effb547c52d7e5a70925c3,2013-01-17T00:00:00.000Z
64effb547c52d7e5a70925c4,2013-01-18T00:00:00.000Z
64effb547c52d7e5a70925c5,2013-01-21T00:00:00.000Z
64effb547c52d7e5a70925c6,2013-01-22T00:00:00.000Z
64effb547c52d7e5a70925c7,2013-01-23T00:00:00.000Z
64effb547c52d7e5a70925c8,2013-01-24T00:00:00.000Z
64effb547c52d7e5a70925c9,2013-01-25T00:00:00.000Z
64effb547c52d7e5a70925ca,2013-01-28T00:00:00.000Z
64effb547c52d7e5a70925cb,2013-01-29T00:00:00.000Z
64effb547c52d7e5a70925cc,2013-01-30T00:00:00.000Z
64effb547c52d7e5a70925cd,2013-01-31T00:00:00.000Z
64effb547c52d7e5a70925ce,2013-02-01T00:00:00.000Z
64effb547c52d7e5a70925cf,2013-02-04T00:00:00.000Z
64effb547c52d7e5a70925d0,2013-02-05T00:00:00.000Z
64effb547c52d7e5a70925d1,2013-02-06T00:00:00.000Z
64effb547c52d7e5a70925d2,2013-02-07T00:00:00.000Z
64effb547c52d7e5a70925d3,2013-02-08T00:00:00.000Z
64effb547c52d7e5a70925d4,2013-02-18T00:00:00.000Z
64effb547c52d7e5a70925d5,2013-02-19T00:00:00.000Z
64effb547c52d7e5a70925d6,2013-02-20T00:00:00.000Z
64effb547c52d7e5a70925d7,2013-02-21T00:00:00.000Z
64effb547c52d7e5a70925d8,2013-02-22T00:00:00.000Z
64effb547c52d7e5a70925d9,2013-02-25T00:00:00.000Z
64effb547c52d7e5a70925da,2013-02-26T00:00:00.000Z
64effb547c52d7e5a70925db,2013-02-27T00:00:00.000Z
64effb547c52d7e5a70925dc,2013-02-28T00:00:00.000Z
64effb547c52d7e5a70925dd,2013-03-01T00:00:00.000Z
64effb547c52d7e5a70925de,2013-03-04T00:00:00.000Z
64effb547c52d7e5a70925df,2013-03-05T00:00:00.000Z
64effb547c52d7e5a70925e0,2013-03-06T00:00:00.000Z
64effb547c52d7e5a70925e1,2013-03-07T00:00:00.000Z
64effb547c52d7e5a70925e2,2013-03-08T00:00:00.000Z
64effb547c52d7e5a70925e3,2013-03-11T00:00:00.000Z
64effb547c52d7e5a70925e4,2013-03-12T00:00:00.000Z
64effb547c52d7e5a70925e5,2013-03-13T00:00:00.000Z
64effb547c52d7e5a70925e6,2013-03-14T00:00:00.000Z
64effb547c52d7e5a70925e7,2013-03-15T00:00:00.000Z
64effb547c52d7e5a70925e8,2013-03-18T00:00:00.000Z
64effb547c52d7e5a70925e9,2013-03-19T00:00:00.000Z
64effb547c52d7e5a70925ea,2013-03-20T00:00:00.000Z
64effb547c52d7e5a70925eb,2013-03-21T00:00:00.000Z
64effb547c52d7e5a70925ec,2013-03-22T00:00:00.000Z
64effb547c52d7e5a70925ed,2013-03-25T00:00:00.000Z
64effb547c52d7e5a70925ee,2013-03-26T00:00:00.000Z
64effb547c52d7e5a70925ef,2013-03-27T00:00:00.000Z
64effb547c52d7e5a70925f0,2013-03-28T00:00:00.000Z
64effb547c52d7e5a70925f1,2013-03-29T00:00:00.000Z
64effb547c52d7e5a70925f2,2013-04-01T00:00:00.000Z
64effb547c52d7e5a70925f3,2013-04-02T00:00:00.000Z
64effb547c52d7e5a70925f4,2013-04-03T00:00:00.000Z
64effb547c52d7e5a70925f5,2013-04-08T00:00:00.000Z
64effb547c52d7e5a70925f6,2013-04-09T00:00:00.000Z
64effb547c52d7e5a70925f7,2013-04-10T00:00:00.000Z
64effb547c52d7e5a70925f8,2013-04-11T00:00:00.000Z
64effb547c52d7e5a70925f9,2013-04-12T00:00:00.000Z
64effb547c52d7e5a70925fa,2013-04-15T00:00:00.000Z
64effb547c52d7e5a70925fb,2013-04-16T00:00:00.000Z
64effb547c52d7e5a70925fc,2013-04-17T00:00:00.000Z
64effb547c52d7e5a70925fd,2013-04-18T00:00:00.000Z
64effb547c52d7e5a70925fe,2013-04-19T00:00:00.000Z
64effb547c52d7e5a70925ff,2013-04-22T00:00:00.000Z
64effb547c52d7e5a7092600,2013-04-23T00:00:00.000Z
64effb547c52d7e5a7092601,2013-04-24T00:00:00.000Z
64effb547c52d7e5a7092602,2013-04-25T00:00:00.000Z
64effb547c52d7e5a7092603,2013-04-26T00:00:00.000Z
64effb547c52d7e5a7092604,2013-05-02T00:00:00.000Z
64effb547c52d7e5a7092605,2013-05-03T00:00:00.000Z
64effb547c52d7e5a7092606,2013-05-06T00:00:00.000Z
64effb547c52d7e5a7092607,2013-05-07T00:00:00.000Z
64effb547c52d7e5a7092608,2013-05-08T00:00:00.000Z
64effb547c52d7e5a7092609,2013-05-09T00:00:00.000Z
64effb547c52d7e5a709260a,2013-05-10T00:00:00.000Z
64effb547c52d7e5a709260b,2013-05-13T00:00:00.000Z
64effb547c52d7e5a709260c,2013-05-14T00:00:00.000Z
64effb547c52d7e5a709260d,2013-05-15T00:00:00.000Z
64effb547c52d7e5a709260e,2013-05-16T00:00:00.000Z
64effb547c52d7e5a709260f,2013-05-17T00:00:00.000Z
64effb547c52d7e5a7092610,2013-05-20T00:00:00.000Z
64effb547c52d7e5a7092611,2013-05-21T00:00:00.000Z
64effb547c52d7e5a7092612,2013-05-22T00:00:00.000Z
64effb547c52d7e5a7092613,2013-05-23T00:00:00.000Z
64effb547c52d7e5a7092614,2013-05-24T00:00:00.000Z
64effb547c52d7e5a7092615,2013-05-27T00:00:00.000Z
64effb547c52d7e5a7092616,2013-05-28T00:00:00.000Z
64effb547c52d7e5a7092617,2013-05-29T00:00:00.000Z
64effb547c52d7e5a7092618,2013-05-30T00:00:00.000Z
64effb547c52d7e5a7092619,2013-05-31T00:00:00.000Z
64effb547c52d7e5a709261a,2013-06-03T00:00:00.000Z
64effb547c52d7e5a709261b,2013-06-04T00:00:00.000Z
64effb547c52d7e5a709261c,2013-06-05T00:00:00.000Z
64effb547c52d7e5a709261d,2013-06-06T00:00:00.000Z
64effb547c52d7e5a709261e,2013-06-07T00:00:00.000Z
64effb547c52d7e5a709261f,2013-06-13T00:00:00.000Z
64effb547c52d7e5a7092620,2013-06-14T00:00:00.000Z
64effb547c52d7e5a7092621,2013-06-17T00:00:00.000Z
64effb547c52d7e5a7092622,2013-06-18T00:00:00.000Z
64effb547c52d7e5a7092623,2013-06-19T00:00:00.000Z
64effb547c52d7e5a7092624,2013-06-20T00:00:00.000Z
64effb547c52d7e5a7092625,2013-06-21T00:00:00.000Z
64effb547c52d7e5a7092626,2013-06-24T00:00:00.000Z
64effb547c52d7e5a7092627,2013-06-25T00:00:00.000Z
64effb547c52d7e5a7092628,2013-06-26T00:00:00.000Z
64effb547c52d7e5a7092629,2013-06-27T00:00:00.000Z
64effb547c52d7e5a709262a,2013-06-28T00:00:00.000Z
64effb547c52d7e5a709262b,2013-07-01T00:00:00.000Z
64effb547c52d7e5a709262c,2013-07-02T00:00:00.000Z
64effb547c52d7e5a709262d,2013-07-03T00:00:00.000Z
64effb547c52d7e5a709262e,2013-07-04T00:00:00.000Z
64effb547c52d7e5a709262f,2013-07-05T00:00:00.000Z
64effb547c52d7e5a7092630,2013-07-08T00:00:00.000Z
64effb547c52d7e5a7092631,2013-07-09T00:00:00.000Z
64effb547c52d7e5a7092632,2013-07-10T00:00:00.000Z
64effb547c52d7e5a7092633,2013-07-11T00:00:00.000Z
64effb547c52d7e5a7092634,2013-07-12T00:00:00.000Z
64effb547c52d7e5a7092635,2013-07-15T00:00:00.000Z
64effb547c52d7e5a7092636,2013-07-16T00:00:00.000Z
64effb547c52d7e5a7092637,2013-07-17T00:00:00.000Z
64effb547c52d7e5a7092638,2013-07-18T00:00:00.000Z
64effb547c52d7e5a7092639,2013-07-19T00:00:00.000Z
64effb547c52d7e5a709263a,2013-07-22T00:00:00.000Z
64effb547c52d7e5a709263b,2013-07-23T00:00:00.000Z
64effb547c52d7e5a709263c,2013-07-24T00:00:00.000Z
64effb547c52d7e5a709263d,2013-07-25T00:00:00.000Z
64effb547c52d7e5a709263e,2013-07-26T00:00:00.000Z
64effb547c52d7e5a709263f,2013-07-29T00:00:00.000Z
64effb547c52d7e5a7092640,2013-07-30T00:00:00.000Z
64effb547c52d7e5a7092641,2013-07-31T00:00:00.000Z
64effb547c52d7e5a7092642,2013-08-01T00:00:00.000Z
64effb547c52d7e5a7092643,2013-08-02T00:00:00.000Z
64effb547c52d7e5a7092644,2013-08-05T00:00:00.000Z
64effb547c52d7e5a7092645,2013-08-06T00:00:00.000Z
64effb547c52d7e5a7092646,2013-08-07T00:00:00.000Z
64effb547c52d7e5a7092647,2013-08-08T00:00:00.000Z
64effb547c52d7e5a7092648,2013-08-09T00:00:00.000Z
64effb547c52d7e5a7092649,2013-08-12T00:00:00.000Z
64effb547c52d7e5a709264a,2013-08-13T00:00:00.000Z
64effb547c52d7e5a709264b,2013-08-14T00:00:00.000Z
64effb547c52d7e5a709264c,2013-08-15T00:00:00.000Z
64effb547c52d7e5a709264d,2013-08-16T00:00:00.000Z
64effb547c52d7e5a709264e,2013-08-19T00:00:00.000Z
64effb547c52d7e5a709264f,2013-08-20T00:00:00.000Z
64effb547c52d7e5a7092650,2013-08-21T00:00:00.000Z
64effb547c52d7e5a7092651,2013-08-22T00:00:00.000Z
64effb547c52d7e5a7092652,2013-08-23T00:00:00.000Z
64effb547c52d7e5a7092653,2013-08-26T00:00:00.000Z
64effb547c52d7e5a7092654,2013-08-27T00:00:00.000Z
64effb547c52d7e5a7092655,2013-08-28T00:00:00.000Z
64effb547c52d7e5a7092656,2013-08-29T00:00:00.000Z
64effb547c52d7e5a7092657,2013-08-30T00:00:00.000Z
64effb547c52d7e5a7092658,2013-09-02T00:00:00.000Z
64effb547c52d7e5a7092659,2013-09-03T00:00:00.000Z
64effb547c52d7e5a709265a,2013-09-04T00:00:00.000Z
64effb547c52d7e5a709265b,2013-09-05T00:00:00.000Z
64effb547c52d7e5a709265c,2013-09-06T00:00:00.000Z
64effb547c52d7e5a709265d,2013-09-09T00:00:00.000Z
64effb547c52d7e5a709265e,2013-09-10T00:00:00.000Z
64effb547c52d7e5a709265f,2013-09-11T00:00:00.000Z
64effb547c52d7e5a7092660,2013-09-12T00:00:00.000Z
64effb547c52d7e5a7092661,2013-09-13T00:00:00.000Z
64effb547c52d7e5a7092662,2013-09-16T00:00:00.000Z
64effb547c52d7e5a7092663,2013-09-17T00:00:00.000Z
64effb547c52d7e5a7092664,2013-09-18T00:00:00.000Z
64effb547c52d7e5a7092665,2013-09-23T00:00:00.000Z
64effb547c52d7e5a7092666,2013-09-24T00:00:00.000Z
64effb547c52d7e5a7092667,2013-09-25T00:00:00.000Z
64effb547c52d7e5a7092668,2013-09-26T00:00:00.000Z
64effb547c52d7e5a7092669,2013-09-27T00:00:00.000Z
64effb547c52d7e5a709266a,2013-09-30T00:00:00.000Z
64effb547c52d7e5a709266b,2013-10-08T00:00:00.000Z
64effb547c52d7e5a709266c,2013-10-09T00:00:00.000Z
64effb547c52d7e5a709266d,2013-10-10T00:00:00.000Z
64effb547c52d7e5a709266e,2013-10-11T00:00:00.000Z
64effb547c52d7e5a709266f,2013-10-14T00:00:00.000Z
64effb547c52d7e5a7092670,2013-10-15T00:00:00.000Z
64effb547c52d7e5a7092671,2013-10-16T00:00:00.000Z
64effb547c52d7e5a7092672,2013-10-17T00:00:00.000Z
64effb547c52d7e5a7092673,2013-10-18T00:00:00.000Z
64effb547c52d7e5a7092674,2013-10-21T00:00:00.000Z
64effb547c52d7e5a7092675,2013-10-22T00:00:00.000Z
64effb547c52d7e5a7092676,2013-10-23T00:00:00.000Z
64effb547c52d7e5a7092677,2013-10-24T00:00:00.000Z
64effb547c52d7e5a7092678,2013-10-25T00:00:00.000Z
64effb547c52d7e5a7092679,2013-10-28T00:00:00.000Z
64effb547c52d7e5a709267a,2013-10-29T00:00:00.000Z
64effb547c52d7e5a709267b,2013-10-30T00:00:00.000Z
64effb547c52d7e5a709267c,2013-10-31T00:00:00.000Z
64effb547c52d7e5a709267d,2013-11-01T00:00:00.000Z
64effb547c52d7e5a709267e,2013-11-04T00:00:00.000Z
64effb547c52d7e5a709267f,2013-11-05T00:00:00.000Z
64effb547c52d7e5a7092680,2013-11-06T00:00:00.000Z
64effb547c52d7e5a7092681,2013-11-07T00:00:00.000Z
64effb547c52d7e5a7092682,2013-11-08T00:00:00.000Z
64effb547c52d7e5a7092683,2013-11-11T00:00:00.000Z
64effb547c52d7e5a7092684,2013-11-12T00:00:00.000Z
64effb547c52d7e5a7092685,2013-11-13T00:00:00.000Z
64effb547c52d7e5a7092686,2013-11-14T00:00:00.000Z
64effb547c52d7e5a7092687,2013-11-15T00:00:00.000Z
64effb547c52d7e5a7092688,2013-11-18T00:00:00.000Z
64effb547c52d7e5a7092689,2013-11-19T00:00:00.000Z
64effb547c52d7e5a709268a,2013-11-20T00:00:00.000Z
64effb547c52d7e5a709268b,2013-11-21T00:00:00.000Z
64effb547c52d7e5a709268c,2013-11-22T00:00:00.000Z
64effb547c52d7e5a709268d,2013-11-25T00:00:00.000Z
64effb547c52d7e5a709268e,2013-11-26T00:00:00.000Z
64effb547c52d7e5a709268f,2013-11-27T00:00:00.000Z
64effb547c52d7e5a7092690,2013-11-28T00:00:00.000Z
64effb547c52d7e5a7092691,2013-11-29T00:00:00.000Z
64effb547c52d7e5a7092692,2013-12-02T00:00:00.000Z
64effb547c52d7e5a7092693,2013-12-03T00:00:00.000Z
64effb547c52d7e5a7092694,2013-12-04T00:00:00.000Z
64effb547c52d7e5a7092695,2013-12-05T00:00:00.000Z
64effb547c52d7e5a7092696,2013-12-06T00:00:00.000Z
64effb547c52d7e5a7092697,2013-12-09T00:00:00.000Z
64effb547c52d7e5a7092698,2013-12-10T00:00:00.000Z
64effb547c52d7e5a7092699,2013-12-11T00:00:00.000Z
64effb547c52d7e5a709269a,2013-12-12T00:00:00.000Z
64effb547c52d7e5a709269b,2013-12-13T00:00:00.000Z
64effb547c52d7e5a709269c,2013-12-16T00:00:00.000Z
64effb547c52d7e5a709269d,2013-12-17T00:00:00.000Z
64effb547c52d7e5a709269e,2013-12-18T00:00:00.000Z
64effb547c52d7e5a709269f,2013-12-19T00:00:00.000Z
64effb547c52d7e5a70926a0,2013-12-20T00:00:00.000Z
64effb547c52d7e5a70926a1,2013-12-23T00:00:00.000Z
64effb547c52d7e5a70926a2,2013-12-24T00:00:00.000Z
64effb547c52d7e5a70926a3,2013-12-25T00:00:00.000Z
64effb547c52d7e5a70926a4,2013-12-26T00:00:00.000Z
64effb547c52d7e5a70926a5,2013-12-27T00:00:00.000Z
64effb547c52d7e5a70926a6,2013-12-30T00:00:00.000Z
64effb547c52d7e5a70926a7,2013-12-31T00:00:00.000Z
64effb547c52d7e5a70926a8,2014-01-02T00:00:00.000Z
64effb547c52d7e5a70926a9,2014-01-03T00:00:00.000Z
64effb547c52d7e5a70926aa,2014-01-06T00:00:00.000Z
64effb547c52d7e5a70926ab,2014-01-07T00:00:00.000Z
64effb547c52d7e5a70926ac,2014-01-08T00:00:00.000Z
64effb547c52d7e5a70926ad,2014-01-09T00:00:00.000Z
64effb547c52d7e5a70926ae,2014-01-10T00:00:00.000Z
64effb547c52d7e5a70926af,2014-01-13T00:00:00.000Z
64effb547c52d7e5a70926b0,2014-01-14T00:00:00.000Z
64effb547c52d7e5a70926b1,2014-01-15T00:00:00.000Z
64effb547c52d7e5a70926b2,2014-01-16T00:00:00.000Z
64effb547c52d7e5a70926b3,2014-01-17T00:00:00.000Z
64effb547c52d7e5a70926b4,2014-01-20T00:00:00.000Z
64effb547c52d7e5a70926b5,2014-01-21T00:00:00.000Z
64effb547c52d7e5a70926b6,2014-01-22T00:00:00.000Z
64effb547c52d7e5a70926b7,2014-01-23T00:00:00.000Z
64effb547c52d7e5a70926b8,2014-01-24T00:00:00.000Z
64effb547c52d7e5a70926b9,2014-01-27T00:00:00.000Z
64effb547c52d7e5a70926ba,2014-01-28T00:00:00.000Z
64effb547c52d7e5a70926bb,2014-01-29T00:00:00.000Z
64effb547c52d7e5a70926bc,2014-01-30T00:00:00.000Z
64effb547c52d7e5a70926bd,2014-02-07T00:00:00.000Z
64effb547c52d7e5a70926be,2014-02-10T00:00:00.000Z
64effb547c52d7e5a70926bf,2014-02-11T00:00:00.000Z
64effb547c52d7e5a70926c0,2014-02-12T00:00:00.000Z
64effb547c52d7e5a70926c1,2014-02-13T00:00:00.000Z
64effb547c52d7e5a70926c2,2014-02-14T00:00:00.000Z
64effb547c52d7e5a70926c3,2014-02-17T00:00:00.000Z
64effb547c52d7e5a70926c4,2014-02-18T00:00:00.000Z
64effb547c52d7e5a70926c5,2014-02-19T00:00:00.000Z
64effb547c52d7e5a70926c6,2014-02-20T00:00:00.000Z
64effb547c52d7e5a70926c7,2014-02-21T00:00:00.000Z
64effb547c52d7e5a70926c8,2014-02-24T00:00:00.000Z
64effb547c52d7e5a70926c9,2014-02-25T00:00:00.000Z
64effb547c52d7e5a70926ca,2014-02-26T00:00:00.000Z
64effb547c52d7e5a70926cb,2014-02-27T00:00:00.000Z
64effb547c52d7e5a70926cc,2014-02-28T00:00:00.000Z
64effb547c52d7e5a70926cd,2014-03-03T00:00:00.000Z
64effb547c52d7e5a70926ce,2014-03-04T00:00:00.000Z
64effb547c52d7e5a70926cf,2014-03-05T00:00:00.000Z
64effb547c52d7e5a70926d0,2014-03-06T00:00:00.000Z
64effb547c52d7e5a70926d1,2014-03-07T00:00:00.000Z
64effb547c52d7e5a70926d2,2014-03-10T00:00:00.000Z
64effb547c52d7e5a70926d3,2014-03-11T00:00:00.000Z
64effb547c52d7e5a70926d4,2014-03-12T00:00:00.000Z
64effb547c52d7e5a70926d5,2014-03-13T00:00:00.000Z
64effb547c52d7e5a70926d6,2014-03-14T00:00:00.000Z
64effb547c52d7e5a70926d7,2014-03-17T00:00:00.000Z
64effb547c52d7e5a70926d8,2014-03-18T00:00:00.000Z
64effb547c52d7e5a70926d9,2014-03-19T00:00:00.000Z
64effb547c52d7e5a70926da,2014-03-20T00:00:00.000Z
64effb547c52d7e5a70926db,2014-03-21T00:00:00.000Z
64effb547c52d7e5a70926dc,2014-03-24T00:00:00.000Z
64effb547c52d7e5a70926dd,2014-03-25T00:00:00.000Z
64effb547c52d7e5a70926de,2014-03-26T00:00:00.000Z
64effb547c52d7e5a70926df,2014-03-27T00:00:00.000Z
64effb547c52d7e5a70926e0,2014-03-28T00:00:00.000Z
64effb547c52d7e5a70926e1,2014-03-31T00:00:00.000Z
64effb547c52d7e5a70926e2,2014-04-01T00:00:00.000Z
64effb547c52d7e5a70926e3,2014-04-02T00:00:00.000Z
64effb547c52d7e5a70926e4,2014-04-03T00:00:00.000Z
64effb547c52d7e5a70926e5,2014-04-04T00:00:00.000Z
64effb547c52d7e5a70926e6,2014-04-08T00:00:00.000Z
64effb547c52d7e5a70926e7,2014-04-09T00:00:00.000Z
64effb547c52d7e5a70926e8,2014-04-10T00:00:00.000Z
64effb547c52d7e5a70926e9,2014-04-11T00:00:00.000Z
64effb547c52d7e5a70926ea,2014-04-14T00:00:00.000Z
64effb547c52d7e5a70926eb,2014-04-15T00:00:00.000Z
64effb547c52d7e5a70926ec,2014-04-16T00:00:00.000Z
64effb547c52d7e5a70926ed,2014-04-17T00:00:00.000Z
64effb547c52d7e5a70926ee,2014-04-18T00:00:00.000Z
64effb547c52d7e5a70926ef,2014-04-21T00:00:00.000Z
64effb547c52d7e5a70926f0,2014-04-22T00:00:00.000Z
64effb547c52d7e5a70926f1,2014-04-23T00:00:00.000Z
64effb547c52d7e5a70926f2,2014-04-24T00:00:00.000Z
64effb547c52d7e5a70926f3,2014-04-25T00:00:00.000Z
64effb547c52d7e5a70926f4,2014-04-28T00:00:00.000Z
64effb547c52d7e5a70926f5,2014-04-29T00:00:00.000Z
64effb547c52d7e5a70926f6,2014-04-30T00:00:00.000Z
64effb547c52d7e5a70926f7,2014-05-05T00:00:00.000Z
64effb547c52d7e5a70926f8,2014-05-06T00:00:00.000Z
64effb547c52d7e5a70926f9,2014-05-07T00:00:00.000Z
64effb547c52d7e5a70926fa,2014-05-08T00:00:00.000Z
64effb547c52d7e5a70926fb,2014-05-09T00:00:00.000Z
64effb547c52d7e5a70926fc,2014-05-12T00:00:00.000Z
64effb547c52d7e5a70926fd,2014-05-13T00:00:00.000Z
64effb547c52d7e5a70926fe,2014-05-14T00:00:00.000Z
64effb547c52d7e5a70926ff,2014-05-15T00:00:00.000Z
64effb547c52d7e5a7092700,2014-05-16T00:00:00.000Z
64effb547c52d7e5a7092701,2014-05-19T00:00:00.000Z
64effb547c52d7e5a7092702,2014-05-20T00:00:00.000Z
64effb547c52d7e5a7092703,2014-05-21T00:00:00.000Z
64effb547c52d7e5a7092704,2014-05-22T00:00:00.000Z
64effb547c52d7e5a7092705,2014-05-23T00:00:00.000Z
64effb547c52d7e5a7092706,2014-05-26T00:00:00.000Z
64effb547c52d7e5a7092707,2014-05-27T00:00:00.000Z
64effb547c52d7e5a7092708,2014-05-28T00:00:00.000Z
64effb547c52d7e5a7092709,2014-05-29T00:00:00.000Z
64effb547c52d7e5a709270a,2014-05-30T00:00:00.000Z
64effb547c52d7e5a709270b,2014-06-03T00:00:00.000Z
64effb547c52d7e5a709270c,2014-06-04T00:00:00.000Z
64effb547c52d7e5a709270d,2014-06-05T00:00:00.000Z
64effb547c52d7e5a709270e,2014-06-06T00:00:00.000Z
64effb547c52d7e5a709270f,2014-06-09T00:00:00.000Z
64effb547c52d7e5a7092710,2014-06-10T00:00:00.000Z
64effb547c52d7e5a7092711,2014-06-11T00:00:00.000Z
64effb547c52d7e5a7092712,2014-06-12T00:00:00.000Z
64effb547c52d7e5a7092713,2014-06-13T00:00:00.000Z
64effb547c52d7e5a7092714,2014-06-16T00:00:00.000Z
64effb547c52d7e5a7092715,2014-06-17T00:00:00.000Z
64effb547c52d7e5a7092716,2014-06-18T00:00:00.000Z
64effb547c52d7e5a7092717,2014-06-19T00:00:00.000Z
64effb547c52d7e5a7092718,2014-06-20T00:00:00.000Z
64effb547c52d7e5a7092719,2014-06-23T00:00:00.000Z
64effb547c52d7e5a709271a,2014-06-24T00:00:00.000Z
64effb547c52d7e5a709271b,2014-06-25T00:00:00.000Z
64effb547c52d7e5a709271c,2014-06-26T00:00:00.000Z
64effb547c52d7e5a709271d,2014-06-27T00:00:00.000Z
64effb547c52d7e5a709271e,2014-06-30T00:00:00.000Z
64effb547c52d7e5a709271f,2014-07-01T00:00:00.000Z
64effb547c52d7e5a7092720,2014-07-02T00:00:00.000Z
64effb547c52d7e5a7092721,2014-07-03T00:00:00.000Z
64effb547c52d7e5a7092722,2014-07-04T00:00:00.000Z
64effb547c52d7e5a7092723,2014-07-07T00:00:00.000Z
64effb547c52d7e5a7092724,2014-07-08T00:00:00.000Z
64effb547c52d7e5a7092725,2014-07-09T00:00:00.000Z
64effb547c52d7e5a7092726,2014-07-10T00:00:00.000Z
64effb547c52d7e5a7092727,2014-07-11T00:00:00.000Z
64effb547c52d7e5a7092728,2014-07-14T00:00:00.000Z
64effb547c52d7e5a7092729,2014-07-15T00:00:00.000Z
64effb547c52d7e5a709272a,2014-07-16T00:00:00.000Z
64effb547c52d7e5a709272b,2014-07-17T00:00:00.000Z
64effb547c52d7e5a709272c,2014-07-18T00:00:00.000Z
64effb547c52d7e5a709272d,2014-07-21T00:00:00.000Z
64effb547c52d7e5a709272e,2014-07-22T00:00:00.000Z
64effb547c52d7e5a709272f,2014-07-23T00:00:00.000Z
64effb547c52d7e5a7092730,2014-07-24T00:00:00.000Z
64effb547c52d7e5a7092731,2014-07-25T00:00:00.000Z
64effb547c52d7e5a7092732,2014-07-28T00:00:00.000Z
64effb547c52d7e5a7092733,2014-07-29T00:00:00.000Z
64effb547c52d7e5a7092734,2014-07-30T00:00:00.000Z
64effb547c52d7e5a7092735,2014-07-31T00:00:00.000Z
64effb547c52d7e5a7092736,2014-08-01T00:00:00.000Z
64effb547c52d7e5a7092737,2014-08-04T00:00:00.000Z
64effb547c52d7e5a7092738,2014-08-05T00:00:00.000Z
64effb547c52d7e5a7092739,2014-08-06T00:00:00.000Z
64effb547c52d7e5a709273a,2014-08-07T00:00:00.000Z
64effb547c52d7e5a709273b,2014-08-08T00:00:00.000Z
64effb547c52d7e5a709273c,2014-08-11T00:00:00.000Z
64effb547c52d7e5a709273d,2014-08-12T00:00:00.000Z
64effb547c52d7e5a709273e,2014-08-13T00:00:00.000Z
64effb547c52d7e5a709273f,2014-08-14T00:00:00.000Z
64effb547c52d7e5a7092740,2014-08-15T00:00:00.000Z
64effb547c52d7e5a7092741,2014-08-18T00:00:00.000Z
64effb547c52d7e5a7092742,2014-08-19T00:00:00.000Z
64effb547c52d7e5a7092743,2014-08-20T00:00:00.000Z
64effb547c52d7e5a7092744,2014-08-21T00:00:00.000Z
64effb547c52d7e5a7092745,2014-08-22T00:00:00.000Z
64effb547c52d7e5a7092746,2014-08-25T00:00:00.000Z
64effb547c52d7e5a7092747,2014-08-26T00:00:00.000Z
64effb547c52d7e5a7092748,2014-08-27T00:00:00.000Z
64effb547c52d7e5a7092749,2014-08-28T00:00:00.000Z
64effb547c52d7e5a709274a,2014-08-29T00:00:00.000Z
64effb547c52d7e5a709274b,2014-09-01T00:00:00.000Z
64effb547c52d7e5a709274c,2014-09-02T00:00:00.000Z
64effb547c52d7e5a709274d,2014-09-03T00:00:00.000Z
64effb547c52d7e5a709274e,2014-09-04T00:00:00.000Z
64effb547c52d7e5a709274f,2014-09-05T00:00:00.000Z
64effb547c52d7e5a7092750,2014-09-09T00:00:00.000Z
64effb547c52d7e5a7092751,2014-09-10T00:00:00.000Z
64effb547c52d7e5a7092752,2014-09-11T00:00:00.000Z
64effb547c52d7e5a7092753,2014-09-12T00:00:00.000Z
64effb547c52d7e5a7092754,2014-09-15T00:00:00.000Z
64effb547c52d7e5a7092755,2014-09-16T00:00:00.000Z
64effb547c52d7e5a7092756,2014-09-17T00:00:00.000Z
64effb547c52d7e5a7092757,2014-09-18T00:00:00.000Z
64effb547c52d7e5a7092758,2014-09-19T00:00:00.000Z
64effb547c52d7e5a7092759,2014-09-22T00:00:00.000Z
64effb547c52d7e5a709275a,2014-09-23T00:00:00.000Z
64effb547c52d7e5a709275b,2014-09-24T00:00:00.000Z
64effb547c52d7e5a709275c,2014-09-25T00:00:00.000Z
64effb547c52d7e5a709275d,2014-09-26T00:00:00.000Z
64effb547c52d7e5a709275e,2014-09-29T00:00:00.000Z
64effb547c52d7e5a709275f,2014-09-30T00:00:00.000Z
64effb547c52d7e5a7092760,2014-10-08T00:00:00.000Z
64effb547c52d7e5a7092761,2014-10-09T00:00:00.000Z
64effb547c52d7e5a7092762,2014-10-10T00:00:00.000Z
64effb547c52d7e5a7092763,2014-10-13T00:00:00.000Z
64effb547c52d7e5a7092764,2014-10-14T00:00:00.000Z
64effb547c52d7e5a7092765,2014-10-15T00:00:00.000Z
64effb547c52d7e5a7092766,2014-10-16T00:00:00.000Z
64effb547c52d7e5a7092767,2014-10-17T00:00:00.000Z
64effb547c52d7e5a7092768,2014-10-20T00:00:00.000Z
64effb547c52d7e5a7092769,2014-10-21T00:00:00.000Z
64effb547c52d7e5a709276a,2014-10-22T00:00:00.000Z
64effb547c52d7e5a709276b,2014-10-23T00:00:00.000Z
64effb547c52d7e5a709276c,2014-10-24T00:00:00.000Z
64effb547c52d7e5a709276d,2014-10-27T00:00:00.000Z
64effb547c52d7e5a709276e,2014-10-28T00:00:00.000Z
64effb547c52d7e5a709276f,2014-10-29T00:00:00.000Z
64effb547c52d7e5a7092770,2014-10-30T00:00:00.000Z
64effb547c52d7e5a7092771,2014-10-31T00:00:00.000Z
64effb547c52d7e5a7092772,2014-11-03T00:00:00.000Z
64effb547c52d7e5a7092773,2014-11-04T00:00:00.000Z
64effb547c52d7e5a7092774,2014-11-05T00:00:00.000Z
64effb547c52d7e5a7092775,2014-11-06T00:00:00.000Z
64effb547c52d7e5a7092776,2014-11-07T00:00:00.000Z
64effb547c52d7e5a7092777,2014-11-10T00:00:00.000Z
64effb547c52d7e5a7092778,2014-11-11T00:00:00.000Z
64effb547c52d7e5a7092779,2014-11-12T00:00:00.000Z
64effb547c52d7e5a709277a,2014-11-13T00:00:00.000Z
64effb547c52d7e5a709277b,2014-11-14T00:00:00.000Z
64effb547c52d7e5a709277c,2014-11-17T00:00:00.000Z
64effb547c52d7e5a709277d,2014-11-18T00:00:00.000Z
64effb547c52d7e5a709277e,2014-11-19T00:00:00.000Z
64effb547c52d7e5a709277f,2014-11-20T00:00:00.000Z
64effb547c52d7e5a7092780,2014-11-21T00:00:00.000Z
64effb547c52d7e5a7092781,2014-11-24T00:00:00.000Z
64effb547c52d7e5a7092782,2014-11-25T00:00:00.000Z
64effb547c52d7e5a7092783,2014-11-26T00:00:00.000Z
64effb547c52d7e5a7092784,2014-11-27T00:00:00.000Z
64effb547c52d7e5a7092785,2014-11-28T00:00:00.000Z
64effb547c52d7e5a7092786,2014-12-01T00:00:00.000Z
64effb547c52d7e5a7092787,2014-12-02T00:00:00.000Z
64effb547c52d7e5a7092788,2014-12-03T00:00:00.000Z
64effb547c52d7e5a7092789,2014-12-04T00:00:00.000Z
64effb547c52d7e5a709278a,2014-12-05T00:00:00.000Z
64effb547c52d7e5a709278b,2014-12-08T00:00:00.000Z
64effb547c52d7e5a709278c,2014-12-09T00:00:00.000Z
64effb547c52d7e5a709278d,2014-12-10T00:00:00.000Z
64effb547c52d7e5a709278e,2014-12-11T00:00:00.000Z
64effb547c52d7e5a709278f,2014-12-12T00:00:00.000Z
64effb547c52d7e5a7092790,2014-12-15T00:00:00.000Z
64effb547c52d7e5a7092791,2014-12-16T00:00:00.000Z
64effb547c52d7e5a7092792,2014-12-17T00:00:00.000Z
64effb547c52d7e5a7092793,2014-12-18T00:00:00.000Z
64effb547c52d7e5a7092794,2014-12-19T00:00:00.000Z
64effb547c52d7e5a7092795,2014-12-22T00:00:00.000Z
64effb547c52d7e5a7092796,2014-12-23T00:00:00.000Z
64effb547c52d7e5a7092797,2014-12-24T00:00:00.000Z
64effb547c52d7e5a7092798,2014-12-25T00:00:00.000Z
64effb547c52d7e5a7092799,2014-12-26T00:00:00.000Z
64effb547c52d7e5a709279a,2014-12-29T00:00:00.000Z
64effb547c52d7e5a709279b,2014-12-30T00:00:00.000Z
64effb547c52d7e5a709279c,2014-12-31T00:00:00.000Z
64effb547c52d7e5a709279d,2015-01-05T00:00:00.000Z
64effb547c52d7e5a709279e,2015-01-06T00:00:00.000Z
64effb547c52d7e5a709279f,2015-01-07T00:00:00.000Z
64effb547c52d7e5a70927a0,2015-01-08T00:00:00.000Z
64effb547c52d7e5a70927a1,2015-01-09T00:00:00.000Z
64effb547c52d7e5a70927a2,2015-01-12T00:00:00.000Z
64effb547c52d7e5a70927a3,2015-01-13T00:00:00.000Z
64effb547c52d7e5a70927a4,2015-01-14T00:00:00.000Z
64effb547c52d7e5a70927a5,2015-01-15T00:00:00.000Z
64effb547c52d7e5a70927a6,2015-01-16T00:00:00.000Z
64effb547c52d7e5a70927a7,2015-01-19T00:00:00.000Z
64effb547c52d7e5a70927a8,2015-01-20T00:00:00.000Z
64effb547c52d7e5a70927a9,2015-01-21T00:00:00.000Z
64effb547c52d7e5a70927aa,2015-01-22T00:00:00.000Z
64effb547c52d7e5a70927ab,2015-01-23T00:00:00.000Z
64effb547c52d7e5a70927ac,2015-01-26T00:00:00.000Z
64effb547c52d7e5a70927ad,2015-01-27T00:00:00.000Z
64effb547c52d7e5a70927ae,2015-01-28T00:00:00.000Z
64effb547c52d7e5a70927af,2015-01-29T00:00:00.000Z
64effb547c52d7e5a70927b0,2015-01-30T00:00:00.000Z
64effb547c52d7e5a70927b1,2015-02-02T00:00:00.000Z
64effb547c52d7e5a70927b2,2015-02-03T00:00:00.000Z
64effb547c52d7e5a70927b3,2015-02-04T00:00:00.000Z
64effb547c52d7e5a70927b4,2015-02-05T00:00:00.000Z
64effb547c52d7e5a70927b5,2015-02-06T00:00:00.000Z
64effb547c52d7e5a70927b6,2015-02-09T00:00:00.000Z
64effb547c52d7e5a70927b7,2015-02-10T00:00:00.000Z
64effb547c52d7e5a70927b8,2015-02-11T00:00:00.000Z
64effb547c52d7e5a70927b9,2015-02-12T00:00:00.000Z
64effb547c52d7e5a70927ba,2015-02-13T00:00:00.000Z
64effb547c52d7e5a70927bb,2015-02-16T00:00:00.000Z
64effb547c52d7e5a70927bc,2015-02-17T00:00:00.000Z
64effb547c52d7e5a70927bd,2015-02-25T00:00:00.000Z
64effb547c52d7e5a70927be,2015-02-26T00:00:00.000Z
64effb547c52d7e5a70927bf,2015-02-27T00:00:00.000Z
64effb547c52d7e5a70927c0,2015-03-02T00:00:00.000Z
64effb547c52d7e5a70927c1,2015-03-03T00:00:00.000Z
64effb547c52d7e5a70927c2,2015-03-04T00:00:00.000Z
64effb547c52d7e5a70927c3,2015-03-05T00:00:00.000Z
64effb547c52d7e5a70927c4,2015-03-06T00:00:00.000Z
64effb547c52d7e5a70927c5,2015-03-09T00:00:00.000Z
64effb547c52d7e5a70927c6,2015-03-10T00:00:00.000Z
64effb547c52d7e5a70927c7,2015-03-11T00:00:00.000Z
64effb547c52d7e5a70927c8,2015-03-12T00:00:00.000Z
64effb547c52d7e5a70927c9,2015-03-13T00:00:00.000Z
64effb547c52d7e5a70927ca,2015-03-16T00:00:00.000Z
64effb547c52d7e5a70927cb,2015-03-17T00:00:00.000Z
64effb547c52d7e5a70927cc,2015-03-18T00:00:00.000Z
64effb547c52d7e5a70927cd,2015-03-19T00:00:00.000Z
64effb547c52d7e5a70927ce,2015-03-20T00:00:00.000Z
64effb547c52d7e5a70927cf,2015-03-23T00:00:00.000Z
64effb547c52d7e5a70927d0,2015-03-24T00:00:00.000Z
64effb547c52d7e5a70927d1,2015-03-25T00:00:00.000Z
64effb547c52d7e5a70927d2,2015-03-26T00:00:00.000Z
64effb547c52d7e5a70927d3,2015-03-27T00:00:00.000Z
64effb547c52d7e5a70927d4,2015-03-30T00:00:00.000Z
64effb547c52d7e5a70927d5,2015-03-31T00:00:00.000Z
64effb547c52d7e5a70927d6,2015-04-01T00:00:00.000Z
64effb547c52d7e5a70927d7,2015-04-02T00:00:00.000Z
64effb547c52d7e5a70927d8,2015-04-03T00:00:00.000Z
64effb547c52d7e5a70927d9,2015-04-07T00:00:00.000Z
64effb547c52d7e5a70927da,2015-04-08T00:00:00.000Z
64effb547c52d7e5a70927db,2015-04-09T00:00:00.000Z
64effb547c52d7e5a70927dc,2015-04-10T00:00:00.000Z
64effb547c52d7e5a70927dd,2015-04-13T00:00:00.000Z
64effb547c52d7e5a70927de,2015-04-14T00:00:00.000Z
64effb547c52d7e5a70927df,2015-04-15T00:00:00.000Z
64effb547c52d7e5a70927e0,2015-04-16T00:00:00.000Z
64effb547c52d7e5a70927e1,2015-04-17T00:00:00.000Z
64effb547c52d7e5a70927e2,2015-04-20T00:00:00.000Z
64effb547c52d7e5a70927e3,2015-04-21T00:00:00.000Z
64effb547c52d7e5a70927e4,2015-04-22T00:00:00.000Z
64effb547c52d7e5a70927e5,2015-04-23T00:00:00.000Z
64effb547c52d7e5a70927e6,2015-04-24T00:00:00.000Z
64effb547c52d7e5a70927e7,2015-04-27T00:00:00.000Z
64effb547c52d7e5a70927e8,2015-04-28T00:00:00.000Z
64effb547c52d7e5a70927e9,2015-04-29T00:00:00.000Z
64effb547c52d7e5a70927ea,2015-04-30T00:00:00.000Z
64effb547c52d7e5a70927eb,2015-05-04T00:00:00.000Z
64effb547c52d7e5a70927ec,2015-05-05T00:00:00.000Z
64effb547c52d7e5a70927ed,2015-05-06T00:00:00.000Z
64effb547c52d7e5a70927ee,2015-05-07T00:00:00.000Z
64effb547c52d7e5a70927ef,2015-05-08T00:00:00.000Z
64effb547c52d7e5a70927f0,2015-05-11T00:00:00.000Z
64effb547c52d7e5a70927f1,2015-05-12T00:00:00.000Z
64effb547c52d7e5a70927f2,2015-05-13T00:00:00.000Z
64effb547c52d7e5a70927f3,2015-05-14T00:00:00.000Z
64effb547c52d7e5a70927f4,2015-05-15T00:00:00.000Z
64effb547c52d7e5a70927f5,2015-05-18T00:00:00.000Z
64effb547c52d7e5a70927f6,2015-05-19T00:00:00.000Z
64effb547c52d7e5a70927f7,2015-05-20T00:00:00.000Z
64effb547c52d7e5a70927f8,2015-05-21T00:00:00.000Z
64effb547c52d7e5a70927f9,2015-05-22T00:00:00.000Z
64effb547c52d7e5a70927fa,2015-05-25T00:00:00.000Z
64effb547c52d7e5a70927fb,2015-05-26T00:00:00.000Z
64effb547c52d7e5a70927fc,2015-05-27T00:00:00.000Z
64effb547c52d7e5a70927fd,2015-05-28T00:00:00.000Z
64effb547c52d7e5a70927fe,2015-05-29T00:00:00.000Z
64effb547c52d7e5a70927ff,2015-06-01T00:00:00.000Z
64effb547c52d7e5a7092800,2015-06-02T00:00:00.000Z
64effb547c52d7e5a7092801,2015-06-03T00:00:00.000Z
64effb547c52d7e5a7092802,2015-06-04T00:00:00.000Z
64effb547c52d7e5a7092803,2015-06-05T00:00:00.000Z
64effb547c52d7e5a7092804,2015-06-08T00:00:00.000Z
64effb547c52d7e5a7092805,2015-06-09T00:00:00.000Z
64effb547c52d7e5a7092806,2015-06-10T00:00:00.000Z
64effb547c52d7e5a7092807,2015-06-11T00:00:00.000Z
64effb547c52d7e5a7092808,2015-06-12T00:00:00.000Z
64effb547c52d7e5a7092809,2015-06-15T00:00:00.000Z
64effb547c52d7e5a709280a,2015-06-16T00:00:00.000Z
64effb547c52d7e5a709280b,2015-06-17T00:00:00.000Z
64effb547c52d7e5a709280c,2015-06-18T00:00:00.000Z
64effb547c52d7e5a709280d,2015-06-19T00:00:00.000Z
64effb547c52d7e5a709280e,2015-06-23T00:00:00.000Z
64effb547c52d7e5a709280f,2015-06-24T00:00:00.000Z
64effb547c52d7e5a7092810,2015-06-25T00:00:00.000Z
64effb547c52d7e5a7092811,2015-06-26T00:00:00.000Z
64effb547c52d7e5a7092812,2015-06-29T00:00:00.000Z
64effb547c52d7e5a7092813,2015-06-30T00:00:00.000Z
64effb547c52d7e5a7092814,2015-07-01T00:00:00.000Z
64effb547c52d7e5a7092815,2015-07-02T00:00:00.000Z
64effb547c52d7e5a7092816,2015-07-03T00:00:00.000Z
64effb547c52d7e5a7092817,2015-07-06T00:00:00.000Z
64effb547c52d7e5a7092818,2015-07-07T00:00:00.000Z
64effb547c52d7e5a7092819,2015-07-08T00:00:00.000Z
64effb547c52d7e5a709281a,2015-07-09T00:00:00.000Z
64effb547c52d7e5a709281b,2015-07-10T00:00:00.000Z
64effb547c52d7e5a709281c,2015-07-13T00:00:00.000Z
64effb547c52d7e5a709281d,2015-07-14T00:00:00.000Z
64effb547c52d7e5a709281e,2015-07-15T00:00:00.000Z
64effb547c52d7e5a709281f,2015-07-16T00:00:00.000Z
64effb547c52d7e5a7092820,2015-07-17T00:00:00.000Z
64effb547c52d7e5a7092821,2015-07-20T00:00:00.000Z
64effb547c52d7e5a7092822,2015-07-21T00:00:00.000Z
64effb547c52d7e5a7092823,2015-07-22T00:00:00.000Z
64effb547c52d7e5a7092824,2015-07-23T00:00:00.000Z
64effb547c52d7e5a7092825,2015-07-24T00:00:00.000Z
64effb547c52d7e5a7092826,2015-07-27T00:00:00.000Z
64effb547c52d7e5a7092827,2015-07-28T00:00:00.000Z
64effb547c52d7e5a7092828,2015-07-29T00:00:00.000Z
64effb547c52d7e5a7092829,2015-07-30T00:00:00.000Z
64effb547c52d7e5a709282a,2015-07-31T00:00:00.000Z
64effb547c52d7e5a709282b,2015-08-03T00:00:00.000Z
64effb547c52d7e5a709282c,2015-08-04T00:00:00.000Z
64effb547c52d7e5a709282d,2015-08-05T00:00:00.000Z
64effb547c52d7e5a709282e,2015-08-06T00:00:00.000Z
64effb547c52d7e5a709282f,2015-08-07T00:00:00.000Z
64effb547c52d7e5a7092830,2015-08-10T00:00:00.000Z
64effb547c52d7e5a7092831,2015-08-11T00:00:00.000Z
64effb547c52d7e5a7092832,2015-08-12T00:00:00.000Z
64effb547c52d7e5a7092833,2015-08-13T00:00:00.000Z
64effb547c52d7e5a7092834,2015-08-14T00:00:00.000Z
64effb547c52d7e5a7092835,2015-08-17T00:00:00.000Z
64effb547c52d7e5a7092836,2015-08-18T00:00:00.000Z
64effb547c52d7e5a7092837,2015-08-19T00:00:00.000Z
64effb547c52d7e5a7092838,2015-08-20T00:00:00.000Z
64effb547c52d7e5a7092839,2015-08-21T00:00:00.000Z
64effb547c52d7e5a709283a,2015-08-24T00:00:00.000Z
64effb547c52d7e5a709283b,2015-08-25T00:00:00.000Z
64effb547c52d7e5a709283c,2015-08-26T00:00:00.000Z
64effb547c52d7e5a709283d,2015-08-27T00:00:00.000Z
64effb547c52d7e5a709283e,2015-08-28T00:00:00.000Z
64effb547c52d7e5a709283f,2015-08-31T00:00:00.000Z
64effb547c52d7e5a7092840,2015-09-01T00:00:00.000Z
64effb547c52d7e5a7092841,2015-09-02T00:00:00.000Z
64effb547c52d7e5a7092842,2015-09-07T00:00:00.000Z
64effb547c52d7e5a7092843,2015-09-08T00:00:00.000Z
64effb547c52d7e5a7092844,2015-09-09T00:00:00.000Z
64effb547c52d7e5a7092845,2015-09-10T00:00:00.000Z
64effb547c52d7e5a7092846,2015-09-11T00:00:00.000Z
64effb547c52d7e5a7092847,2015-09-14T00:00:00.000Z
64effb547c52d7e5a7092848,2015-09-15T00:00:00.000Z
64effb547c52d7e5a7092849,2015-09-16T00:00:00.000Z
64effb547c52d7e5a709284a,2015-09-17T00:00:00.000Z
64effb547c52d7e5a709284b,2015-09-18T00:00:00.000Z
64effb547c52d7e5a709284c,2015-09-21T00:00:00.000Z
64effb547c52d7e5a709284d,2015-09-22T00:00:00.000Z
64effb547c52d7e5a709284e,2015-09-23T00:00:00.000Z
64effb547c52d7e5a709284f,2015-09-24T00:00:00.000Z
64effb547c52d7e5a7092850,2015-09-25T00:00:00.000Z
64effb547c52d7e5a7092851,2015-09-28T00:00:00.000Z
64effb547c52d7e5a7092852,2015-09-29T00:00:00.000Z
64effb547c52d7e5a7092853,2015-09-30T00:00:00.000Z
64effb547c52d7e5a7092854,2015-10-08T00:00:00.000Z
64effb547c52d7e5a7092855,2015-10-09T00:00:00.000Z
64effb547c52d7e5a7092856,2015-10-12T00:00:00.000Z
64effb547c52d7e5a7092857,2015-10-13T00:00:00.000Z
64effb547c52d7e5a7092858,2015-10-14T00:00:00.000Z
64effb547c52d7e5a7092859,2015-10-15T00:00:00.000Z
64effb547c52d7e5a709285a,2015-10-16T00:00:00.000Z
64effb547c52d7e5a709285b,2015-10-19T00:00:00.000Z
64effb547c52d7e5a709285c,2015-10-20T00:00:00.000Z
64effb547c52d7e5a709285d,2015-10-21T00:00:00.000Z
64effb547c52d7e5a709285e,2015-10-22T00:00:00.000Z
64effb547c52d7e5a709285f,2015-10-23T00:00:00.000Z
64effb547c52d7e5a7092860,2015-10-26T00:00:00.000Z
64effb547c52d7e5a7092861,2015-10-27T00:00:00.000Z
64effb547c52d7e5a7092862,2015-10-28T00:00:00.000Z
64effb547c52d7e5a7092863,2015-10-29T00:00:00.000Z
64effb547c52d7e5a7092864,2015-10-30T00:00:00.000Z
64effb547c52d7e5a7092865,2015-11-02T00:00:00.000Z
64effb547c52d7e5a7092866,2015-11-03T00:00:00.000Z
64effb547c52d7e5a7092867,2015-11-04T00:00:00.000Z
64effb547c52d7e5a7092868,2015-11-05T00:00:00.000Z
64effb547c52d7e5a7092869,2015-11-06T00:00:00.000Z
64effb547c52d7e5a709286a,2015-11-09T00:00:00.000Z
64effb547c52d7e5a709286b,2015-11-10T00:00:00.000Z
64effb547c52d7e5a709286c,2015-11-11T00:00:00.000Z
64effb547c52d7e5a709286d,2015-11-12T00:00:00.000Z
64effb547c52d7e5a709286e,2015-11-13T00:00:00.000Z
64effb547c52d7e5a709286f,2015-11-16T00:00:00.000Z
64effb547c52d7e5a7092870,2015-11-17T00:00:00.000Z
64effb547c52d7e5a7092871,2015-11-18T00:00:00.000Z
64effb547c52d7e5a7092872,2015-11-19T00:00:00.000Z
64effb547c52d7e5a7092873,2015-11-20T00:00:00.000Z
64effb547c52d7e5a7092874,2015-11-23T00:00:00.000Z
64effb547c52d7e5a7092875,2015-11-24T00:00:00.000Z
64effb547c52d7e5a7092876,2015-11-25T00:00:00.000Z
64effb547c52d7e5a7092877,2015-11-26T00:00:00.000Z
64effb547c52d7e5a7092878,2015-11-27T00:00:00.000Z
64effb547c52d7e5a7092879,2015-11-30T00:00:00.000Z
64effb547c52d7e5a709287a,2015-12-01T00:00:00.000Z
64effb547c52d7e5a709287b,2015-12-02T00:00:00.000Z
64effb547c52d7e5a709287c,2015-12-03T00:00:00.000Z
64effb547c52d7e5a709287d,2015-12-04T00:00:00.000Z
64effb547c52d7e5a709287e,2015-12-07T00:00:00.000Z
64effb547c52d7e5a709287f,2015-12-08T00:00:00.000Z
64effb547c52d7e5a7092880,2015-12-09T00:00:00.000Z
64effb547c52d7e5a7092881,2015-12-10T00:00:00.000Z
64effb547c52d7e5a7092882,2015-12-11T00:00:00.000Z
64effb547c52d7e5a7092883,2015-12-14T00:00:00.000Z
64effb547c52d7e5a7092884,2015-12-15T00:00:00.000Z
64effb547c52d7e5a7092885,2015-12-16T00:00:00.000Z
64effb547c52d7e5a7092886,2015-12-17T00:00:00.000Z
64effb547c52d7e5a7092887,2015-12-18T00:00:00.000Z
64effb547c52d7e5a7092888,2015-12-21T00:00:00.000Z
64effb547c52d7e5a7092889,2015-12-22T00:00:00.000Z
64effb547c52d7e5a709288a,2015-12-23T00:00:00.000Z
64effb547c52d7e5a709288b,2015-12-24T00:00:00.000Z
64effb547c52d7e5a709288c,2015-12-25T00:00:00.000Z
64effb547c52d7e5a709288d,2015-12-28T00:00:00.000Z
64effb547c52d7e5a709288e,2015-12-29T00:00:00.000Z
64effb547c52d7e5a709288f,2015-12-30T00:00:00.000Z
64effb547c52d7e5a7092890,2015-12-31T00:00:00.000Z
64effb547c52d7e5a7092891,2016-01-04T00:00:00.000Z
64effb547c52d7e5a7092892,2016-01-05T00:00:00.000Z
64effb547c52d7e5a7092893,2016-01-06T00:00:00.000Z
64effb547c52d7e5a7092894,2016-01-07T00:00:00.000Z
64effb547c52d7e5a7092895,2016-01-08T00:00:00.000Z
64effb547c52d7e5a7092896,2016-01-11T00:00:00.000Z
64effb547c52d7e5a7092897,2016-01-12T00:00:00.000Z
64effb547c52d7e5a7092898,2016-01-13T00:00:00.000Z
64effb547c52d7e5a7092899,2016-01-14T00:00:00.000Z
64effb547c52d7e5a709289a,2016-01-15T00:00:00.000Z
64effb547c52d7e5a709289b,2016-01-18T00:00:00.000Z
64effb547c52d7e5a709289c,2016-01-19T00:00:00.000Z
64effb547c52d7e5a709289d,2016-01-20T00:00:00.000Z
64effb547c52d7e5a709289e,2016-01-21T00:00:00.000Z
64effb547c52d7e5a709289f,2016-01-22T00:00:00.000Z
64effb547c52d7e5a70928a0,2016-01-25T00:00:00.000Z
64effb547c52d7e5a70928a1,2016-01-26T00:00:00.000Z
64effb547c52d7e5a70928a2,2016-01-27T00:00:00.000Z
64effb547c52d7e5a70928a3,2016-01-28T00:00:00.000Z
64effb547c52d7e5a70928a4,2016-01-29T00:00:00.000Z
64effb547c52d7e5a70928a5,2016-02-01T00:00:00.000Z
64effb547c52d7e5a70928a6,2016-02-02T00:00:00.000Z
64effb547c52d7e5a70928a7,2016-02-03T00:00:00.000Z
64effb547c52d7e5a70928a8,2016-02-04T00:00:00.000Z
64effb547c52d7e5a70928a9,2016-02-05T00:00:00.000Z
64effb547c52d7e5a70928aa,2016-02-15T00:00:00.000Z
64effb547c52d7e5a70928ab,2016-02-16T00:00:00.000Z
64effb547c52d7e5a70928ac,2016-02-17T00:00:00.000Z
64effb547c52d7e5a70928ad,2016-02-18T00:00:00.000Z
64effb547c52d7e5a70928ae,2016-02-19T00:00:00.000Z
64effb547c52d7e5a70928af,2016-02-22T00:00:00.000Z
64effb547c52d7e5a70928b0,2016-02-23T00:00:00.000Z
64effb547c52d7e5a70928b1,2016-02-24T00:00:00.000Z
64effb547c52d7e5a70928b2,2016-02-25T00:00:00.000Z
64effb547c52d7e5a70928b3,2016-02-26T00:00:00.000Z
64effb547c52d7e5a70928b4,2016-02-29T00:00:00.000Z
64effb547c52d7e5a70928b5,2016-03-01T00:00:00.000Z
64effb547c52d7e5a70928b6,2016-03-02T00:00:00.000Z
64effb547c52d7e5a70928b7,2016-03-03T00:00:00.000Z
64effb547c52d7e5a70928b8,2016-03-04T00:00:00.000Z
64effb547c52d7e5a70928b9,2016-03-07T00:00:00.000Z
64effb547c52d7e5a70928ba,2016-03-08T00:00:00.000Z
64effb547c52d7e5a70928bb,2016-03-09T00:00:00.000Z
64effb547c52d7e5a70928bc,2016-03-10T00:00:00.000Z
64effb547c52d7e5a70928bd,2016-03-11T00:00:00.000Z
64effb547c52d7e5a70928be,2016-03-14T00:00:00.000Z
64effb547c52d7e5a70928bf,2016-03-15T00:00:00.000Z
64effb547c52d7e5a70928c0,2016-03-16T00:00:00.000Z
64effb547c52d7e5a70928c1,2016-03-17T00:00:00.000Z
64effb547c52d7e5a70928c2,2016-03-18T00:00:00.000Z
64effb547c52d7e5a70928c3,2016-03-21T00:00:00.000Z
64effb547c52d7e5a70928c4,2016-03-22T00:00:00.000Z
64effb547c52d7e5a70928c5,2016-03-23T00:00:00.000Z
64effb547c52d7e5a70928c6,2016-03-24T00:00:00.000Z
64effb547c52d7e5a70928c7,2016-03-25T00:00:00.000Z
64effb547c52d7e5a70928c8,2016-03-28T00:00:00.000Z
64effb547c52d7e5a70928c9,2016-03-29T00:00:00.000Z
64effb547c52d7e5a70928ca,2016-03-30T00:00:00.000Z
64effb547c52d7e5a70928cb,2016-03-31T00:00:00.000Z
64effb547c52d7e5a70928cc,2016-04-01T00:00:00.000Z
64effb547c52d7e5a70928cd,2016-04-05T00:00:00.000Z
64effb547c52d7e5a70928ce,2016-04-06T00:00:00.000Z
64effb547c52d7e5a70928cf,2016-04-07T00:00:00.000Z
64effb547c52d7e5a70928d0,2016-04-08T00:00:00.000Z
64effb547c52d7e5a70928d1,2016-04-11T00:00:00.000Z
64effb547c52d7e5a70928d2,2016-04-12T00:00:00.000Z
64effb547c52d7e5a70928d3,2016-04-13T00:00:00.000Z
64effb547c52d7e5a70928d4,2016-04-14T00:00:00.000Z
64effb547c52d7e5a70928d5,2016-04-15T00:00:00.000Z
64effb547c52d7e5a70928d6,2016-04-18T00:00:00.000Z
64effb547c52d7e5a70928d7,2016-04-19T00:00:00.000Z
64effb547c52d7e5a70928d8,2016-04-20T00:00:00.000Z
64effb547c52d7e5a70928d9,2016-04-21T00:00:00.000Z
64effb547c52d7e5a70928da,2016-04-22T00:00:00.000Z
64effb547c52d7e5a70928db,2016-04-25T00:00:00.000Z
64effb547c52d7e5a70928dc,2016-04-26T00:00:00.000Z
64effb547c52d7e5a70928dd,2016-04-27T00:00:00.000Z
64effb547c52d7e5a70928de,2016-04-28T00:00:00.000Z
64effb547c52d7e5a70928df,2016-04-29T00:00:00.000Z
64effb547c52d7e5a70928e0,2016-05-03T00:00:00.000Z
64effb547c52d7e5a70928e1,2016-05-04T00:00:00.000Z
64effb547c52d7e5a70928e2,2016-05-05T00:00:00.000Z
64effb547c52d7e5a70928e3,2016-05-06T00:00:00.000Z
64effb547c52d7e5a70928e4,2016-05-09T00:00:00.000Z
64effb547c52d7e5a70928e5,2016-05-10T00:00:00.000Z
64effb547c52d7e5a70928e6,2016-05-11T00:00:00.000Z
64effb547c52d7e5a70928e7,2016-05-12T00:00:00.000Z
64effb547c52d7e5a70928e8,2016-05-13T00:00:00.000Z
64effb547c52d7e5a70928e9,2016-05-16T00:00:00.000Z
64effb547c52d7e5a70928ea,2016-05-17T00:00:00.000Z
64effb547c52d7e5a70928eb,2016-05-18T00:00:00.000Z
64effb547c52d7e5a70928ec,2016-05-19T00:00:00.000Z
64effb547c52d7e5a70928ed,2016-05-20T00:00:00.000Z
64effb547c52d7e5a70928ee,2016-05-23T00:00:00.000Z
64effb547c52d7e5a70928ef,2016-05-24T00:00:00.000Z
64effb547c52d7e5a70928f0,2016-05-25T00:00:00.000Z
64effb547c52d7e5a70928f1,2016-05-26T00:00:00.000Z
64effb547c52d7e5a70928f2,2016-05-27T00:00:00.000Z
64effb547c52d7e5a70928f3,2016-05-30T00:00:00.000Z
64effb547c52d7e5a70928f4,2016-05-31T00:00:00.000Z
64effb547c52d7e5a70928f5,2016-06-01T00:00:00.000Z
64effb547c52d7e5a70928f6,2016-06-02T00:00:00.000Z
64effb547c52d7e5a70928f7,2016-06-03T00:00:00.000Z
64effb547c52d7e5a70928f8,2016-06-06T00:00:00.000Z
64effb547c52d7e5a70928f9,2016-06-07T00:00:00.000Z
64effb547c52d7e5a70928fa,2016-06-08T00:00:00.000Z
64effb547c52d7e5a70928fb,2016-06-13T00:00:00.000Z
64effb547c52d7e5a70928fc,2016-06-14T00:00:00.000Z
64effb547c52d7e5a70928fd,2016-06-15T00:00:00.000Z
64effb547c52d7e5a70928fe,2016-06-16T00:00:00.000Z
64effb547c52d7e5a70928ff,2016-06-17T00:00:00.000Z
64effb547c52d7e5a7092900,2016-06-20T00:00:00.000Z
64effb547c52d7e5a7092901,2016-06-21T00:00:00.000Z
64effb547c52d7e5a7092902,2016-06-22T00:00:00.000Z
64effb547c52d7e5a7092903,2016-06-23T00:00:00.000Z
64effb547c52d7e5a7092904,2016-06-24T00:00:00.000Z
64effb547c52d7e5a7092905,2016-06-27T00:00:00.000Z
64effb547c52d7e5a7092906,2016-06-28T00:00:00.000Z
64effb547c52d7e5a7092907,2016-06-29T00:00:00.000Z
64effb547c52d7e5a7092908,2016-06-30T00:00:00.000Z
64effb547c52d7e5a7092909,2016-07-01T00:00:00.000Z
64effb547c52d7e5a709290a,2016-07-04T00:00:00.000Z
64effb547c52d7e5a709290b,2016-07-05T00:00:00.000Z
64effb547c52d7e5a709290c,2016-07-06T00:00:00.000Z
64effb547c52d7e5a709290d,2016-07-07T00:00:00.000Z
64effb547c52d7e5a709290e,2016-07-08T00:00:00.000Z
64effb547c52d7e5a709290f,2016-07-11T00:00:00.000Z
64effb547c52d7e5a7092910,2016-07-12T00:00:00.000Z
64effb547c52d7e5a7092911,2016-07-13T00:00:00.000Z
64effb547c52d7e5a7092912,2016-07-14T00:00:00.000Z
64effb547c52d7e5a7092913,2016-07-15T00:00:00.000Z
64effb547c52d7e5a7092914,2016-07-18T00:00:00.000Z
64effb547c52d7e5a7092915,2016-07-19T00:00:00.000Z
64effb547c52d7e5a7092916,2016-07-20T00:00:00.000Z
64effb547c52d7e5a7092917,2016-07-21T00:00:00.000Z
64effb547c52d7e5a7092918,2016-07-22T00:00:00.000Z
64effb547c52d7e5a7092919,2016-07-25T00:00:00.000Z
64effb547c52d7e5a709291a,2016-07-26T00:00:00.000Z
64effb547c52d7e5a709291b,2016-07-27T00:00:00.000Z
64effb547c52d7e5a709291c,2016-07-28T00:00:00.000Z
64effb547c52d7e5a709291d,2016-07-29T00:00:00.000Z
64effb547c52d7e5a709291e,2016-08-01T00:00:00.000Z
64effb547c52d7e5a709291f,2016-08-02T00:00:00.000Z
64effb547c52d7e5a7092920,2016-08-03T00:00:00.000Z
64effb547c52d7e5a7092921,2016-08-04T00:00:00.000Z
64effb547c52d7e5a7092922,2016-08-05T00:00:00.000Z
64effb547c52d7e5a7092923,2016-08-08T00:00:00.000Z
64effb547c52d7e5a7092924,2016-08-09T00:00:00.000Z
64effb547c52d7e5a7092925,2016-08-10T00:00:00.000Z
64effb547c52d7e5a7092926,2016-08-11T00:00:00.000Z
64effb547c52d7e5a7092927,2016-08-12T00:00:00.000Z
64effb547c52d7e5a7092928,2016-08-15T00:00:00.000Z
64effb547c52d7e5a7092929,2016-08-16T00:00:00.000Z
64effb547c52d7e5a709292a,2016-08-17T00:00:00.000Z
64effb547c52d7e5a709292b,2016-08-18T00:00:00.000Z
64effb547c52d7e5a709292c,2016-08-19T00:00:00.000Z
64effb547c52d7e5a709292d,2016-08-22T00:00:00.000Z
64effb547c52d7e5a709292e,2016-08-23T00:00:00.000Z
64effb547c52d7e5a709292f,2016-08-24T00:00:00.000Z
64effb547c52d7e5a7092930,2016-08-25T00:00:00.000Z
64effb547c52d7e5a7092931,2016-08-26T00:00:00.000Z
64effb547c52d7e5a7092932,2016-08-29T00:00:00.000Z
64effb547c52d7e5a7092933,2016-08-30T00:00:00.000Z
64effb547c52d7e5a7092934,2016-08-31T00:00:00.000Z
64effb547c52d7e5a7092935,2016-09-01T00:00:00.000Z
64effb547c52d7e5a7092936,2016-09-02T00:00:00.000Z
64effb547c52d7e5a7092937,2016-09-05T00:00:00.000Z
64effb547c52d7e5a7092938,2016-09-06T00:00:00.000Z
64effb547c52d7e5a7092939,2016-09-07T00:00:00.000Z
64effb547c52d7e5a709293a,2016-09-08T00:00:00.000Z
64effb547c52d7e5a709293b,2016-09-09T00:00:00.000Z
64effb547c52d7e5a709293c,2016-09-12T00:00:00.000Z
64effb547c52d7e5a709293d,2016-09-13T00:00:00.000Z
64effb547c52d7e5a709293e,2016-09-14T00:00:00.000Z
64effb547c52d7e5a709293f,2016-09-19T00:00:00.000Z
64effb547c52d7e5a7092940,2016-09-20T00:00:00.000Z
64effb547c52d7e5a7092941,2016-09-21T00:00:00.000Z
64effb547c52d7e5a7092942,2016-09-22T00:00:00.000Z
64effb547c52d7e5a7092943,2016-09-23T00:00:00.000Z
64effb547c52d7e5a7092944,2016-09-26T00:00:00.000Z
64effb547c52d7e5a7092945,2016-09-27T00:00:00.000Z
64effb547c52d7e5a7092946,2016-09-28T00:00:00.000Z
64effb547c52d7e5a7092947,2016-09-29T00:00:00.000Z
64effb547c52d7e5a7092948,2016-09-30T00:00:00.000Z
64effb547c52d7e5a7092949,2016-10-10T00:00:00.000Z
64effb547c52d7e5a709294a,2016-10-11T00:00:00.000Z
64effb547c52d7e5a709294b,2016-10-12T00:00:00.000Z
64effb547c52d7e5a709294c,2016-10-13T00:00:00.000Z
64effb547c52d7e5a709294d,2016-10-14T00:00:00.000Z
64effb547c52d7e5a709294e,2016-10-17T00:00:00.000Z
64effb547c52d7e5a709294f,2016-10-18T00:00:00.000Z
64effb547c52d7e5a7092950,2016-10-19T00:00:00.000Z
64effb547c52d7e5a7092951,2016-10-20T00:00:00.000Z
64effb547c52d7e5a7092952,2016-10-21T00:00:00.000Z
64effb547c52d7e5a7092953,2016-10-24T00:00:00.000Z
64effb547c52d7e5a7092954,2016-10-25T00:00:00.000Z
64effb547c52d7e5a7092955,2016-10-26T00:00:00.000Z
64effb547c52d7e5a7092956,2016-10-27T00:00:00.000Z
64effb547c52d7e5a7092957,2016-10-28T00:00:00.000Z
64effb547c52d7e5a7092958,2016-10-31T00:00:00.000Z
64effb547c52d7e5a7092959,2016-11-01T00:00:00.000Z
64effb547c52d7e5a709295a,2016-11-02T00:00:00.000Z
64effb547c52d7e5a709295b,2016-11-03T00:00:00.000Z
64effb547c52d7e5a709295c,2016-11-04T00:00:00.000Z
64effb547c52d7e5a709295d,2016-11-07T00:00:00.000Z
64effb547c52d7e5a709295e,2016-11-08T00:00:00.000Z
64effb547c52d7e5a709295f,2016-11-09T00:00:00.000Z
64effb547c52d7e5a7092960,2016-11-10T00:00:00.000Z
64effb547c52d7e5a7092961,2016-11-11T00:00:00.000Z
64effb547c52d7e5a7092962,2016-11-14T00:00:00.000Z
64effb547c52d7e5a7092963,2016-11-15T00:00:00.000Z
64effb547c52d7e5a7092964,2016-11-16T00:00:00.000Z
64effb547c52d7e5a7092965,2016-11-17T00:00:00.000Z
64effb547c52d7e5a7092966,2016-11-18T00:00:00.000Z
64effb547c52d7e5a7092967,2016-11-21T00:00:00.000Z
64effb547c52d7e5a7092968,2016-11-22T00:00:00.000Z
64effb547c52d7e5a7092969,2016-11-23T00:00:00.000Z
64effb547c52d7e5a709296a,2016-11-24T00:00:00.000Z
64effb547c52d7e5a709296b,2016-11-25T00:00:00.000Z
64effb547c52d7e5a709296c,2016-11-28T00:00:00.000Z
64effb547c52d7e5a709296d,2016-11-29T00:00:00.000Z
64effb547c52d7e5a709296e,2016-11-30T00:00:00.000Z
64effb547c52d7e5a709296f,2016-12-01T00:00:00.000Z
64effb547c52d7e5a7092970,2016-12-02T00:00:00.000Z
64effb547c52d7e5a7092971,2016-12-05T00:00:00.000Z
64effb547c52d7e5a7092972,2016-12-06T00:00:00.000Z
64effb547c52d7e5a7092973,2016-12-07T00:00:00.000Z
64effb547c52d7e5a7092974,2016-12-08T00:00:00.000Z
64effb547c52d7e5a7092975,2016-12-09T00:00:00.000Z
64effb547c52d7e5a7092976,2016-12-12T00:00:00.000Z
64effb547c52d7e5a7092977,2016-12-13T00:00:00.000Z
64effb547c52d7e5a7092978,2016-12-14T00:00:00.000Z
64effb547c52d7e5a7092979,2016-12-15T00:00:00.000Z
64effb547c52d7e5a709297a,2016-12-16T00:00:00.000Z
64effb547c52d7e5a709297b,2016-12-19T00:00:00.000Z
64effb547c52d7e5a709297c,2016-12-20T00:00:00.000Z
64effb547c52d7e5a709297d,2016-12-21T00:00:00.000Z
64effb547c52d7e5a709297e,2016-12-22T00:00:00.000Z
64effb547c52d7e5a709297f,2016-12-23T00:00:00.000Z
64effb547c52d7e5a7092980,2016-12-26T00:00:00.000Z
64effb547c52d7e5a7092981,2016-12-27T00:00:00.000Z
64effb547c52d7e5a7092982,2016-12-28T00:00:00.000Z
64effb547c52d7e5a7092983,2016-12-29T00:00:00.000Z
64effb547c52d7e5a7092984,2016-12-30T00:00:00.000Z
64effb547c52d7e5a7092985,2017-01-03T00:00:00.000Z
64effb547c52d7e5a7092986,2017-01-04T00:00:00.000Z
64effb547c52d7e5a7092987,2017-01-05T00:00:00.000Z
64effb547c52d7e5a7092988,2017-01-06T00:00:00.000Z
64effb547c52d7e5a7092989,2017-01-09T00:00:00.000Z
64effb547c52d7e5a709298a,2017-01-10T00:00:00.000Z
64effb547c52d7e5a709298b,2017-01-11T00:00:00.000Z
64effb547c52d7e5a709298c,2017-01-12T00:00:00.000Z
64effb547c52d7e5a709298d,2017-01-13T00:00:00.000Z
64effb547c52d7e5a709298e,2017-01-16T00:00:00.000Z
64effb547c52d7e5a709298f,2017-01-17T00:00:00.000Z
64effb547c52d7e5a7092990,2017-01-18T00:00:00.000Z
64effb547c52d7e5a7092991,2017-01-19T00:00:00.000Z
64effb547c52d7e5a7092992,2017-01-20T00:00:00.000Z
64effb547c52d7e5a7092993,2017-01-23T00:00:00.000Z
64effb547c52d7e5a7092994,2017-01-24T00:00:00.000Z
64effb547c52d7e5a7092995,2017-01-25T00:00:00.000Z
64effb547c52d7e5a7092996,2017-01-26T00:00:00.000Z
64effb547c52d7e5a7092997,2017-02-03T00:00:00.000Z
64effb547c52d7e5a7092998,2017-02-06T00:00:00.000Z
64effb547c52d7e5a7092999,2017-02-07T00:00:00.000Z
64effb547c52d7e5a709299a,2017-02-08T00:00:00.000Z
64effb547c52d7e5a709299b,2017-02-09T00:00:00.000Z
64effb547c52d7e5a709299c,2017-02-10T00:00:00.000Z
64effb547c52d7e5a709299d,2017-02-13T00:00:00.000Z
64effb547c52d7e5a709299e,2017-02-14T00:00:00.000Z
64effb547c52d7e5a709299f,2017-02-15T00:00:00.000Z
64effb547c52d7e5a70929a0,2017-02-16T00:00:00.000Z
64effb547c52d7e5a70929a1,2017-02-17T00:00:00.000Z
64effb547c52d7e5a70929a2,2017-02-20T00:00:00.000Z
64effb547c52d7e5a70929a3,2017-02-21T00:00:00.000Z
64effb547c52d7e5a70929a4,2017-02-22T00:00:00.000Z
64effb547c52d7e5a70929a5,2017-02-23T00:00:00.000Z
64effb547c52d7e5a70929a6,2017-02-24T00:00:00.000Z
64effb547c52d7e5a70929a7,2017-02-27T00:00:00.000Z
64effb547c52d7e5a70929a8,2017-02-28T00:00:00.000Z
64effb547c52d7e5a70929a9,2017-03-01T00:00:00.000Z
64effb547c52d7e5a70929aa,2017-03-02T00:00:00.000Z
64effb547c52d7e5a70929ab,2017-03-03T00:00:00.000Z
64effb547c52d7e5a70929ac,2017-03-06T00:00:00.000Z
64effb547c52d7e5a70929ad,2017-03-07T00:00:00.000Z
64effb547c52d7e5a70929ae,2017-03-08T00:00:00.000Z
64effb547c52d7e5a70929af,2017-03-09T00:00:00.000Z
64effb547c52d7e5a70929b0,2017-03-10T00:00:00.000Z
64effb547c52d7e5a70929b1,2017-03-13T00:00:00.000Z
64effb547c52d7e5a70929b2,2017-03-14T00:00:00.000Z
64effb547c52d7e5a70929b3,2017-03-15T00:00:00.000Z
64effb547c52d7e5a70929b4,2017-03-16T00:00:00.000Z
64effb547c52d7e5a70929b5,2017-03-17T00:00:00.000Z
64effb547c52d7e5a70929b6,2017-03-20T00:00:00.000Z
64effb547c52d7e5a70929b7,2017-03-21T00:00:00.000Z
64effb547c52d7e5a70929b8,2017-03-22T00:00:00.000Z
64effb547c52d7e5a70929b9,2017-03-23T00:00:00.000Z
64effb547c52d7e5a70929ba,2017-03-24T00:00:00.000Z
64effb547c52d7e5a70929bb,2017-03-27T00:00:00.000Z
64effb547c52d7e5a70929bc,2017-03-28T00:00:00.000Z
64effb547c52d7e5a70929bd,2017-03-29T00:00:00.000Z
64effb547c52d7e5a70929be,2017-03-30T00:00:00.000Z
64effb547c52d7e5a70929bf,2017-03-31T00:00:00.000Z
64effb547c52d7e5a70929c0,2017-04-05T00:00:00.000Z
64effb547c52d7e5a70929c1,2017-04-06T00:00:00.000Z
64effb547c52d7e5a70929c2,2017-04-07T00:00:00.000Z
64effb547c52d7e5a70929c3,2017-04-10T00:00:00.000Z
64effb547c52d7e5a70929c4,2017-04-11T00:00:00.000Z
64effb547c52d7e5a70929c5,2017-04-12T00:00:00.000Z
64effb547c52d7e5a70929c6,2017-04-13T00:00:00.000Z
64effb547c52d7e5a70929c7,2017-04-14T00:00:00.000Z
64effb547c52d7e5a70929c8,2017-04-17T00:00:00.000Z
64effb547c52d7e5a70929c9,2017-04-18T00:00:00.000Z
64effb547c52d7e5a70929ca,2017-04-19T00:00:00.000Z
64effb547c52d7e5a70929cb,2017-04-20T00:00:00.000Z
64effb547c52d7e5a70929cc,2017-04-21T00:00:00.000Z
64effb547c52d7e5a70929cd,2017-04-24T00:00:00.000Z
64effb547c52d7e5a70929ce,2017-04-25T00:00:00.000Z
64effb547c52d7e5a70929cf,2017-04-26T00:00:00.000Z
64effb547c52d7e5a70929d0,2017-04-27T00:00:00.000Z
64effb547c52d7e5a70929d1,2017-04-28T00:00:00.000Z
64effb547c52d7e5a70929d2,2017-05-02T00:00:00.000Z
64effb547c52d7e5a70929d3,2017-05-03T00:00:00.000Z
64effb547c52d7e5a70929d4,2017-05-04T00:00:00.000Z
64effb547c52d7e5a70929d5,2017-05-05T00:00:00.000Z
64effb547c52d7e5a70929d6,2017-05-08T00:00:00.000Z
64effb547c52d7e5a70929d7,2017-05-09T00:00:00.000Z
64effb547c52d7e5a70929d8,2017-05-10T00:00:00.000Z
64effb547c52d7e5a70929d9,2017-05-11T00:00:00.000Z
64effb547c52d7e5a70929da,2017-05-12T00:00:00.000Z
64effb547c52d7e5a70929db,2017-05-15T00:00:00.000Z
64effb547c52d7e5a70929dc,2017-05-16T00:00:00.000Z
64effb547c52d7e5a70929dd,2017-05-17T00:00:00.000Z
64effb547c52d7e5a70929de,2017-05-18T00:00:00.000Z
64effb547c52d7e5a70929df,2017-05-19T00:00:00.000Z
64effb547c52d7e5a70929e0,2017-05-22T00:00:00.000Z
64effb547c52d7e5a70929e1,2017-05-23T00:00:00.000Z
64effb547c52d7e5a70929e2,2017-05-24T00:00:00.000Z
64effb547c52d7e5a70929e3,2017-05-25T00:00:00.000Z
64effb547c52d7e5a70929e4,2017-05-26T00:00:00.000Z
64effb547c52d7e5a70929e5,2017-05-31T00:00:00.000Z
64effb547c52d7e5a70929e6,2017-06-01T00:00:00.000Z
64effb547c52d7e5a70929e7,2017-06-02T00:00:00.000Z
64effb547c52d7e5a70929e8,2017-06-05T00:00:00.000Z
64effb547c52d7e5a70929e9,2017-06-06T00:00:00.000Z
64effb547c52d7e5a70929ea,2017-06-07T00:00:00.000Z
64effb547c52d7e5a70929eb,2017-06-08T00:00:00.000Z
64effb547c52d7e5a70929ec,2017-06-09T00:00:00.000Z
64effb547c52d7e5a70929ed,2017-06-12T00:00:00.000Z
64effb547c52d7e5a70929ee,2017-06-13T00:00:00.000Z
64effb547c52d7e5a70929ef,2017-06-14T00:00:00.000Z
64effb547c52d7e5a70929f0,2017-06-15T00:00:00.000Z
64effb547c52d7e5a70929f1,2017-06-16T00:00:00.000Z
64effb547c52d7e5a70929f2,2017-06-19T00:00:00.000Z
64effb547c52d7e5a70929f3,2017-06-20T00:00:00.000Z
64effb547c52d7e5a70929f4,2017-06-21T00:00:00.000Z
64effb547c52d7e5a70929f5,2017-06-22T00:00:00.000Z
64effb547c52d7e5a70929f6,2017-06-23T00:00:00.000Z
64effb547c52d7e5a70929f7,2017-06-26T00:00:00.000Z
64effb547c52d7e5a70929f8,2017-06-27T00:00:00.000Z
64effb547c52d7e5a70929f9,2017-06-28T00:00:00.000Z
64effb547c52d7e5a70929fa,2017-06-29T00:00:00.000Z
64effb547c52d7e5a70929fb,2017-06-30T00:00:00.000Z
64effb547c52d7e5a70929fc,2017-07-03T00:00:00.000Z
64effb547c52d7e5a70929fd,2017-07-04T00:00:00.000Z
64effb547c52d7e5a70929fe,2017-07-05T00:00:00.000Z
64effb547c52d7e5a70929ff,2017-07-06T00:00:00.000Z
64effb547c52d7e5a7092a00,2017-07-07T00:00:00.000Z
64effb547c52d7e5a7092a01,2017-07-10T00:00:00.000Z
64effb547c52d7e5a7092a02,2017-07-11T00:00:00.000Z
64effb547c52d7e5a7092a03,2017-07-12T00:00:00.000Z
64effb547c52d7e5a7092a04,2017-07-13T00:00:00.000Z
64effb547c52d7e5a7092a05,2017-07-14T00:00:00.000Z
64effb547c52d7e5a7092a06,2017-07-17T00:00:00.000Z
64effb547c52d7e5a7092a07,2017-07-18T00:00:00.000Z
64effb547c52d7e5a7092a08,2017-07-19T00:00:00.000Z
64effb547c52d7e5a7092a09,2017-07-20T00:00:00.000Z
64effb547c52d7e5a7092a0a,2017-07-21T00:00:00.000Z
64effb547c52d7e5a7092a0b,2017-07-24T00:00:00.000Z
64effb547c52d7e5a7092a0c,2017-07-25T00:00:00.000Z
64effb547c52d7e5a7092a0d,2017-07-26T00:00:00.000Z
64effb547c52d7e5a7092a0e,2017-07-27T00:00:00.000Z
64effb547c52d7e5a7092a0f,2017-07-28T00:00:00.000Z
64effb547c52d7e5a7092a10,2017-07-31T00:00:00.000Z
64effb547c52d7e5a7092a11,2017-08-01T00:00:00.000Z
64effb547c52d7e5a7092a12,2017-08-02T00:00:00.000Z
64effb547c52d7e5a7092a13,2017-08-03T00:00:00.000Z
64effb547c52d7e5a7092a14,2017-08-04T00:00:00.000Z
64effb547c52d7e5a7092a15,2017-08-07T00:00:00.000Z
64effb547c52d7e5a7092a16,2017-08-08T00:00:00.000Z
64effb547c52d7e5a7092a17,2017-08-09T00:00:00.000Z
64effb547c52d7e5a7092a18,2017-08-10T00:00:00.000Z
64effb547c52d7e5a7092a19,2017-08-11T00:00:00.000Z
64effb547c52d7e5a7092a1a,2017-08-14T00:00:00.000Z
64effb547c52d7e5a7092a1b,2017-08-15T00:00:00.000Z
64effb547c52d7e5a7092a1c,2017-08-16T00:00:00.000Z
64effb547c52d7e5a7092a1d,2017-08-17T00:00:00.000Z
64effb547c52d7e5a7092a1e,2017-08-18T00:00:00.000Z
64effb547c52d7e5a7092a1f,2017-08-21T00:00:00.000Z
64effb547c52d7e5a7092a20,2017-08-22T00:00:00.000Z
64effb547c52d7e5a7092a21,2017-08-23T00:00:00.000Z
64effb547c52d7e5a7092a22,2017-08-24T00:00:00.000Z
64effb547c52d7e5a7092a23,2017-08-25T00:00:00.000Z
64effb547c52d7e5a7092a24,2017-08-28T00:00:00.000Z
64effb547c52d7e5a7092a25,2017-08-29T00:00:00.000Z
64effb547c52d7e5a7092a26,2017-08-30T00:00:00.000Z
64effb547c52d7e5a7092a27,2017-08-31T00:00:00.000Z
64effb547c52d7e5a7092a28,2017-09-01T00:00:00.000Z
64effb547c52d7e5a7092a29,2017-09-04T00:00:00.000Z
64effb547c52d7e5a7092a2a,2017-09-05T00:00:00.000Z
64effb547c52d7e5a7092a2b,2017-09-06T00:00:00.000Z
64effb547c52d7e5a7092a2c,2017-09-07T00:00:00.000Z
64effb547c52d7e5a7092a2d,2017-09-08T00:00:00.000Z
64effb547c52d7e5a7092a2e,2017-09-11T00:00:00.000Z
64effb547c52d7e5a7092a2f,2017-09-12T00:00:00.000Z
64effb547c52d7e5a7092a30,2017-09-13T00:00:00.000Z
64effb547c52d7e5a7092a31,2017-09-14T00:00:00.000Z
64effb547c52d7e5a7092a32,2017-09-15T00:00:00.000Z
64effb547c52d7e5a7092a33,2017-09-18T00:00:00.000Z
64effb547c52d7e5a7092a34,2017-09-19T00:00:00.000Z
64effb547c52d7e5a7092a35,2017-09-20T00:00:00.000Z
64effb547c52d7e5a7092a36,2017-09-21T00:00:00.000Z
64effb547c52d7e5a7092a37,2017-09-22T00:00:00.000Z
64effb547c52d7e5a7092a38,2017-09-25T00:00:00.000Z
64effb547c52d7e5a7092a39,2017-09-26T00:00:00.000Z
64effb547c52d7e5a7092a3a,2017-09-27T00:00:00.000Z
64effb547c52d7e5a7092a3b,2017-09-28T00:00:00.000Z
64effb547c52d7e5a7092a3c,2017-09-29T00:00:00.000Z
64effb547c52d7e5a7092a3d,2017-10-09T00:00:00.000Z
64effb547c52d7e5a7092a3e,2017-10-10T00:00:00.000Z
64effb547c52d7e5a7092a3f,2017-10-11T00:00:00.000Z
64effb547c52d7e5a7092a40,2017-10-12T00:00:00.000Z
64effb547c52d7e5a7092a41,2017-10-13T00:00:00.000Z
64effb547c52d7e5a7092a42,2017-10-16T00:00:00.000Z
64effb547c52d7e5a7092a43,2017-10-17T00:00:00.000Z
64effb547c52d7e5a7092a44,2017-10-18T00:00:00.000Z
64effb547c52d7e5a7092a45,2017-10-19T00:00:00.000Z
64effb547c52d7e5a7092a46,2017-10-20T00:00:00.000Z
64effb547c52d7e5a7092a47,2017-10-23T00:00:00.000Z
64effb547c52d7e5a7092a48,2017-10-24T00:00:00.000Z
64effb547c52d7e5a7092a49,2017-10-25T00:00:00.000Z
64effb547c52d7e5a7092a4a,2017-10-26T00:00:00.000Z
64effb547c52d7e5a7092a4b,2017-10-27T00:00:00.000Z
64effb547c52d7e5a7092a4c,2017-10-30T00:00:00.000Z
64effb547c52d7e5a7092a4d,2017-10-31T00:00:00.000Z
64effb547c52d7e5a7092a4e,2017-11-01T00:00:00.000Z
64effb547c52d7e5a7092a4f,2017-11-02T00:00:00.000Z
64effb547c52d7e5a7092a50,2017-11-03T00:00:00.000Z
64effb547c52d7e5a7092a51,2017-11-06T00:00:00.000Z
64effb547c52d7e5a7092a52,2017-11-07T00:00:00.000Z
64effb547c52d7e5a7092a53,2017-11-08T00:00:00.000Z
64effb547c52d7e5a7092a54,2017-11-09T00:00:00.000Z
64effb547c52d7e5a7092a55,2017-11-10T00:00:00.000Z
64effb547c52d7e5a7092a56,2017-11-13T00:00:00.000Z
64effb547c52d7e5a7092a57,2017-11-14T00:00:00.000Z
64effb547c52d7e5a7092a58,2017-11-15T00:00:00.000Z
64effb547c52d7e5a7092a59,2017-11-16T00:00:00.000Z
64effb547c52d7e5a7092a5a,2017-11-17T00:00:00.000Z
64effb547c52d7e5a7092a5b,2017-11-20T00:00:00.000Z
64effb547c52d7e5a7092a5c,2017-11-21T00:00:00.000Z
64effb547c52d7e5a7092a5d,2017-11-22T00:00:00.000Z
64effb547c52d7e5a7092a5e,2017-11-23T00:00:00.000Z
64effb547c52d7e5a7092a5f,2017-11-24T00:00:00.000Z
64effb547c52d7e5a7092a60,2017-11-27T00:00:00.000Z
64effb547c52d7e5a7092a61,2017-11-28T00:00:00.000Z
64effb547c52d7e5a7092a62,2017-11-29T00:00:00.000Z
64effb547c52d7e5a7092a63,2017-11-30T00:00:00.000Z
64effb547c52d7e5a7092a64,2017-12-01T00:00:00.000Z
64effb547c52d7e5a7092a65,2017-12-04T00:00:00.000Z
64effb547c52d7e5a7092a66,2017-12-05T00:00:00.000Z
64effb547c52d7e5a7092a67,2017-12-06T00:00:00.000Z
64effb547c52d7e5a7092a68,2017-12-07T00:00:00.000Z
64effb547c52d7e5a7092a69,2017-12-08T00:00:00.000Z
64effb547c52d7e5a7092a6a,2017-12-11T00:00:00.000Z
64effb547c52d7e5a7092a6b,2017-12-12T00:00:00.000Z
64effb547c52d7e5a7092a6c,2017-12-13T00:00:00.000Z
64effb547c52d7e5a7092a6d,2017-12-14T00:00:00.000Z
64effb547c52d7e5a7092a6e,2017-12-15T00:00:00.000Z
64effb547c52d7e5a7092a6f,2017-12-18T00:00:00.000Z
64effb547c52d7e5a7092a70,2017-12-19T00:00:00.000Z
64effb547c52d7e5a7092a71,2017-12-20T00:00:00.000Z
64effb547c52d7e5a7092a72,2017-12-21T00:00:00.000Z
64effb547c52d7e5a7092a73,2017-12-22T00:00:00.000Z
64effb547c52d7e5a7092a74,2017-12-25T00:00:00.000Z
64effb547c52d7e5a7092a75,2017-12-26T00:00:00.000Z
64effb547c52d7e5a7092a76,2017-12-27T00:00:00.000Z
64effb547c52d7e5a7092a77,2017-12-28T00:00:00.000Z
64effb547c52d7e5a7092a78,2017-12-29T00:00:00.000Z
64effb547c52d7e5a7092a79,2018-01-02T00:00:00.000Z
64effb547c52d7e5a7092a7a,2018-01-03T00:00:00.000Z
64effb547c52d7e5a7092a7b,2018-01-04T00:00:00.000Z
64effb547c52d7e5a7092a7c,2018-01-05T00:00:00.000Z
64effb547c52d7e5a7092a7d,2018-01-08T00:00:00.000Z
64effb547c52d7e5a7092a7e,2018-01-09T00:00:00.000Z
64effb547c52d7e5a7092a7f,2018-01-10T00:00:00.000Z
64effb547c52d7e5a7092a80,2018-01-11T00:00:00.000Z
64effb547c52d7e5a7092a81,2018-01-12T00:00:00.000Z
64effb547c52d7e5a7092a82,2018-01-15T00:00:00.000Z
64effb547c52d7e5a7092a83,2018-01-16T00:00:00.000Z
64effb547c52d7e5a7092a84,2018-01-17T00:00:00.000Z
64effb547c52d7e5a7092a85,2018-01-18T00:00:00.000Z
64effb547c52d7e5a7092a86,2018-01-19T00:00:00.000Z
64effb547c52d7e5a7092a87,2018-01-22T00:00:00.000Z
64effb547c52d7e5a7092a88,2018-01-23T00:00:00.000Z
64effb547c52d7e5a7092a89,2018-01-24T00:00:00.000Z
64effb547c52d7e5a7092a8a,2018-01-25T00:00:00.000Z
64effb547c52d7e5a7092a8b,2018-01-26T00:00:00.000Z
64effb547c52d7e5a7092a8c,2018-01-29T00:00:00.000Z
64effb547c52d7e5a7092a8d,2018-01-30T00:00:00.000Z
64effb547c52d7e5a7092a8e,2018-01-31T00:00:00.000Z
64effb547c52d7e5a7092a8f,2018-02-01T00:00:00.000Z
64effb547c52d7e5a7092a90,2018-02-02T00:00:00.000Z
64effb547c52d7e5a7092a91,2018-02-05T00:00:00.000Z
64effb547c52d7e5a7092a92,2018-02-06T00:00:00.000Z
64effb547c52d7e5a7092a93,2018-02-07T00:00:00.000Z
64effb547c52d7e5a7092a94,2018-02-08T00:00:00.000Z
64effb547c52d7e5a7092a95,2018-02-09T00:00:00.000Z
64effb547c52d7e5a7092a96,2018-02-12T00:00:00.000Z
64effb547c52d7e5a7092a97,2018-02-13T00:00:00.000Z
64effb547c52d7e5a7092a98,2018-02-14T00:00:00.000Z
64effb547c52d7e5a7092a99,2018-02-22T00:00:00.000Z
64effb547c52d7e5a7092a9a,2018-02-23T00:00:00.000Z
64effb547c52d7e5a7092a9b,2018-02-26T00:00:00.000Z
64effb547c52d7e5a7092a9c,2018-02-27T00:00:00.000Z
64effb547c52d7e5a7092a9d,2018-02-28T00:00:00.000Z
64effb547c52d7e5a7092a9e,2018-03-01T00:00:00.000Z
64effb547c52d7e5a7092a9f,2018-03-02T00:00:00.000Z
64effb547c52d7e5a7092aa0,2018-03-05T00:00:00.000Z
64effb547c52d7e5a7092aa1,2018-03-06T00:00:00.000Z
64effb547c52d7e5a7092aa2,2018-03-07T00:00:00.000Z
64effb547c52d7e5a7092aa3,2018-03-08T00:00:00.000Z
64effb547c52d7e5a7092aa4,2018-03-09T00:00:00.000Z
64effb547c52d7e5a7092aa5,2018-03-12T00:00:00.000Z
64effb547c52d7e5a7092aa6,2018-03-13T00:00:00.000Z
64effb547c52d7e5a7092aa7,2018-03-14T00:00:00.000Z
64effb547c52d7e5a7092aa8,2018-03-15T00:00:00.000Z
64effb547c52d7e5a7092aa9,2018-03-16T00:00:00.000Z
64effb547c52d7e5a7092aaa,2018-03-19T00:00:00.000Z
64effb547c52d7e5a7092aab,2018-03-20T00:00:00.000Z
64effb547c52d7e5a7092aac,2018-03-21T00:00:00.000Z
64effb547c52d7e5a7092aad,2018-03-22T00:00:00.000Z
64effb547c52d7e5a7092aae,2018-03-23T00:00:00.000Z
64effb547c52d7e5a7092aaf,2018-03-26T00:00:00.000Z
64effb547c52d7e5a7092ab0,2018-03-27T00:00:00.000Z
64effb547c52d7e5a7092ab1,2018-03-28T00:00:00.000Z
64effb547c52d7e5a7092ab2,2018-03-29T00:00:00.000Z
64effb547c52d7e5a7092ab3,2018-03-30T00:00:00.000Z
64effb547c52d7e5a7092ab4,2018-04-02T00:00:00.000Z
64effb547c52d7e5a7092ab5,2018-04-03T00:00:00.000Z
64effb547c52d7e5a7092ab6,2018-04-04T00:00:00.000Z
64effb547c52d7e5a7092ab7,2018-04-09T00:00:00.000Z
64effb547c52d7e5a7092ab8,2018-04-10T00:00:00.000Z
64effb547c52d7e5a7092ab9,2018-04-11T00:00:00.000Z
64effb547c52d7e5a7092aba,2018-04-12T00:00:00.000Z
64effb547c52d7e5a7092abb,2018-04-13T00:00:00.000Z
64effb547c52d7e5a7092abc,2018-04-16T00:00:00.000Z
64effb547c52d7e5a7092abd,2018-04-17T00:00:00.000Z
64effb547c52d7e5a7092abe,2018-04-18T00:00:00.000Z
64effb547c52d7e5a7092abf,2018-04-19T00:00:00.000Z
64effb547c52d7e5a7092ac0,2018-04-20T00:00:00.000Z
64effb547c52d7e5a7092ac1,2018-04-23T00:00:00.000Z
64effb547c52d7e5a7092ac2,2018-04-24T00:00:00.000Z
64effb547c52d7e5a7092ac3,2018-04-25T00:00:00.000Z
64effb547c52d7e5a7092ac4,2018-04-26T00:00:00.000Z
64effb547c52d7e5a7092ac5,2018-04-27T00:00:00.000Z
64effb547c52d7e5a7092ac6,2018-05-02T00:00:00.000Z
64effb547c52d7e5a7092ac7,2018-05-03T00:00:00.000Z
64effb547c52d7e5a7092ac8,2018-05-04T00:00:00.000Z
64effb547c52d7e5a7092ac9,2018-05-07T00:00:00.000Z
64effb547c52d7e5a7092aca,2018-05-08T00:00:00.000Z
64effb547c52d7e5a7092acb,2018-05-09T00:00:00.000Z
64effb547c52d7e5a7092acc,2018-05-10T00:00:00.000Z
64effb547c52d7e5a7092acd,2018-05-11T00:00:00.000Z
64effb547c52d7e5a7092ace,2018-05-14T00:00:00.000Z
64effb547c52d7e5a7092acf,2018-05-15T00:00:00.000Z
64effb547c52d7e5a7092ad0,2018-05-16T00:00:00.000Z
64effb547c52d7e5a7092ad1,2018-05-17T00:00:00.000Z
64effb547c52d7e5a7092ad2,2018-05-18T00:00:00.000Z
64effb547c52d7e5a7092ad3,2018-05-21T00:00:00.000Z
64effb547c52d7e5a7092ad4,2018-05-22T00:00:00.000Z
64effb547c52d7e5a7092ad5,2018-05-23T00:00:00.000Z
64effb547c52d7e5a7092ad6,2018-05-24T00:00:00.000Z
64effb547c52d7e5a7092ad7,2018-05-25T00:00:00.000Z
64effb547c52d7e5a7092ad8,2018-05-28T00:00:00.000Z
64effb547c52d7e5a7092ad9,2018-05-29T00:00:00.000Z
64effb547c52d7e5a7092ada,2018-05-30T00:00:00.000Z
64effb547c52d7e5a7092adb,2018-05-31T00:00:00.000Z
64effb547c52d7e5a7092adc,2018-06-01T00:00:00.000Z
64effb547c52d7e5a7092add,2018-06-04T00:00:00.000Z
64effb547c52d7e5a7092ade,2018-06-05T00:00:00.000Z
64effb547c52d7e5a7092adf,2018-06-06T00:00:00.000Z
64effb547c52d7e5a7092ae0,2018-06-07T00:00:00.000Z
64effb547c52d7e5a7092ae1,2018-06-08T00:00:00.000Z
64effb547c52d7e5a7092ae2,2018-06-11T00:00:00.000Z
64effb547c52d7e5a7092ae3,2018-06-12T00:00:00.000Z
64effb547c52d7e5a7092ae4,2018-06-13T00:00:00.000Z
64effb547c52d7e5a7092ae5,2018-06-14T00:00:00.000Z
64effb547c52d7e5a7092ae6,2018-06-15T00:00:00.000Z
64effb547c52d7e5a7092ae7,2018-06-19T00:00:00.000Z
64effb547c52d7e5a7092ae8,2018-06-20T00:00:00.000Z
64effb547c52d7e5a7092ae9,2018-06-21T00:00:00.000Z
64effb547c52d7e5a7092aea,2018-06-22T00:00:00.000Z
64effb547c52d7e5a7092aeb,2018-06-25T00:00:00.000Z
64effb547c52d7e5a7092aec,2018-06-26T00:00:00.000Z
64effb547c52d7e5a7092aed,2018-06-27T00:00:00.000Z
64effb547c52d7e5a7092aee,2018-06-28T00:00:00.000Z
64effb547c52d7e5a7092aef,2018-06-29T00:00:00.000Z
64effb547c52d7e5a7092af0,2018-07-02T00:00:00.000Z
64effb547c52d7e5a7092af1,2018-07-03T00:00:00.000Z
64effb547c52d7e5a7092af2,2018-07-04T00:00:00.000Z
64effb547c52d7e5a7092af3,2018-07-05T00:00:00.000Z
64effb547c52d7e5a7092af4,2018-07-06T00:00:00.000Z
64effb547c52d7e5a7092af5,2018-07-09T00:00:00.000Z
64effb547c52d7e5a7092af6,2018-07-10T00:00:00.000Z
64effb547c52d7e5a7092af7,2018-07-11T00:00:00.000Z
64effb547c52d7e5a7092af8,2018-07-12T00:00:00.000Z
64effb547c52d7e5a7092af9,2018-07-13T00:00:00.000Z
64effb547c52d7e5a7092afa,2018-07-16T00:00:00.000Z
64effb547c52d7e5a7092afb,2018-07-17T00:00:00.000Z
64effb547c52d7e5a7092afc,2018-07-18T00:00:00.000Z
64effb547c52d7e5a7092afd,2018-07-19T00:00:00.000Z
64effb547c52d7e5a7092afe,2018-07-20T00:00:00.000Z
64effb547c52d7e5a7092aff,2018-07-23T00:00:00.000Z
64effb547c52d7e5a7092b00,2018-07-24T00:00:00.000Z
64effb547c52d7e5a7092b01,2018-07-25T00:00:00.000Z
64effb547c52d7e5a7092b02,2018-07-26T00:00:00.000Z
64effb547c52d7e5a7092b03,2018-07-27T00:00:00.000Z
64effb547c52d7e5a7092b04,2018-07-30T00:00:00.000Z
64effb547c52d7e5a7092b05,2018-07-31T00:00:00.000Z
64effb547c52d7e5a7092b06,2018-08-01T00:00:00.000Z
64effb547c52d7e5a7092b07,2018-08-02T00:00:00.000Z
64effb547c52d7e5a7092b08,2018-08-03T00:00:00.000Z
64effb547c52d7e5a7092b09,2018-08-06T00:00:00.000Z
64effb547c52d7e5a7092b0a,2018-08-07T00:00:00.000Z
64effb547c52d7e5a7092b0b,2018-08-08T00:00:00.000Z
64effb547c52d7e5a7092b0c,2018-08-09T00:00:00.000Z
64effb547c52d7e5a7092b0d,2018-08-10T00:00:00.000Z
64effb547c52d7e5a7092b0e,2018-08-13T00:00:00.000Z
64effb547c52d7e5a7092b0f,2018-08-14T00:00:00.000Z
64effb547c52d7e5a7092b10,2018-08-15T00:00:00.000Z
64effb547c52d7e5a7092b11,2018-08-16T00:00:00.000Z
64effb547c52d7e5a7092b12,2018-08-17T00:00:00.000Z
64effb547c52d7e5a7092b13,2018-08-20T00:00:00.000Z
64effb547c52d7e5a7092b14,2018-08-21T00:00:00.000Z
64effb547c52d7e5a7092b15,2018-08-22T00:00:00.000Z
64effb547c52d7e5a7092b16,2018-08-23T00:00:00.000Z
64effb547c52d7e5a7092b17,2018-08-24T00:00:00.000Z
64effb547c52d7e5a7092b18,2018-08-27T00:00:00.000Z
64effb547c52d7e5a7092b19,2018-08-28T00:00:00.000Z
64effb547c52d7e5a7092b1a,2018-08-29T00:00:00.000Z
64effb547c52d7e5a7092b1b,2018-08-30T00:00:00.000Z
64effb547c52d7e5a7092b1c,2018-08-31T00:00:00.000Z
64effb547c52d7e5a7092b1d,2018-09-03T00:00:00.000Z
64effb547c52d7e5a7092b1e,2018-09-04T00:00:00.000Z
64effb547c52d7e5a7092b1f,2018-09-05T00:00:00.000Z
64effb547c52d7e5a7092b20,2018-09-06T00:00:00.000Z
64effb547c52d7e5a7092b21,2018-09-07T00:00:00.000Z
64effb547c52d7e5a7092b22,2018-09-10T00:00:00.000Z
64effb547c52d7e5a7092b23,2018-09-11T00:00:00.000Z
64effb547c52d7e5a7092b24,2018-09-12T00:00:00.000Z
64effb547c52d7e5a7092b25,2018-09-13T00:00:00.000Z
64effb547c52d7e5a7092b26,2018-09-14T00:00:00.000Z
64effb547c52d7e5a7092b27,2018-09-17T00:00:00.000Z
64effb547c52d7e5a7092b28,2018-09-18T00:00:00.000Z
64effb547c52d7e5a7092b29,2018-09-19T00:00:00.000Z
64effb547c52d7e5a7092b2a,2018-09-20T00:00:00.000Z
64effb547c52d7e5a7092b2b,2018-09-21T00:00:00.000Z
64effb547c52d7e5a7092b2c,2018-09-25T00:00:00.000Z
64effb547c52d7e5a7092b2d,2018-09-26T00:00:00.000Z
64effb547c52d7e5a7092b2e,2018-09-27T00:00:00.000Z
64effb547c52d7e5a7092b2f,2018-09-28T00:00:00.000Z
64effb547c52d7e5a7092b30,2018-10-08T00:00:00.000Z
64effb547c52d7e5a7092b31,2018-10-09T00:00:00.000Z
64effb547c52d7e5a7092b32,2018-10-10T00:00:00.000Z
64effb547c52d7e5a7092b33,2018-10-11T00:00:00.000Z
64effb547c52d7e5a7092b34,2018-10-12T00:00:00.000Z
64effb547c52d7e5a7092b35,2018-10-15T00:00:00.000Z
64effb547c52d7e5a7092b36,2018-10-16T00:00:00.000Z
64effb547c52d7e5a7092b37,2018-10-17T00:00:00.000Z
64effb547c52d7e5a7092b38,2018-10-18T00:00:00.000Z
64effb547c52d7e5a7092b39,2018-10-19T00:00:00.000Z
64effb547c52d7e5a7092b3a,2018-10-22T00:00:00.000Z
64effb547c52d7e5a7092b3b,2018-10-23T00:00:00.000Z
64effb547c52d7e5a7092b3c,2018-10-24T00:00:00.000Z
64effb547c52d7e5a7092b3d,2018-10-25T00:00:00.000Z
64effb547c52d7e5a7092b3e,2018-10-26T00:00:00.000Z
64effb547c52d7e5a7092b3f,2018-10-29T00:00:00.000Z
64effb547c52d7e5a7092b40,2018-10-30T00:00:00.000Z
64effb547c52d7e5a7092b41,2018-10-31T00:00:00.000Z
64effb547c52d7e5a7092b42,2018-11-01T00:00:00.000Z
64effb547c52d7e5a7092b43,2018-11-02T00:00:00.000Z
64effb547c52d7e5a7092b44,2018-11-05T00:00:00.000Z
64effb547c52d7e5a7092b45,2018-11-06T00:00:00.000Z
64effb547c52d7e5a7092b46,2018-11-07T00:00:00.000Z
64effb547c52d7e5a7092b47,2018-11-08T00:00:00.000Z
64effb547c52d7e5a7092b48,2018-11-09T00:00:00.000Z
64effb547c52d7e5a7092b49,2018-11-12T00:00:00.000Z
64effb547c52d7e5a7092b4a,2018-11-13T00:00:00.000Z
64effb547c52d7e5a7092b4b,2018-11-14T00:00:00.000Z
64effb547c52d7e5a7092b4c,2018-11-15T00:00:00.000Z
64effb547c52d7e5a7092b4d,2018-11-16T00:00:00.000Z
64effb547c52d7e5a7092b4e,2018-11-19T00:00:00.000Z
64effb547c52d7e5a7092b4f,2018-11-20T00:00:00.000Z
64effb547c52d7e5a7092b50,2018-11-21T00:00:00.000Z
64effb547c52d7e5a7092b51,2018-11-22T00:00:00.000Z
64effb547c52d7e5a7092b52,2018-11-23T00:00:00.000Z
64effb547c52d7e5a7092b53,2018-11-26T00:00:00.000Z
64effb547c52d7e5a7092b54,2018-11-27T00:00:00.000Z
64effb547c52d7e5a7092b55,2018-11-28T00:00:00.000Z
64effb547c52d7e5a7092b56,2018-11-29T00:00:00.000Z
64effb547c52d7e5a7092b57,2018-11-30T00:00:00.000Z
64effb547c52d7e5a7092b58,2018-12-03T00:00:00.000Z
64effb547c52d7e5a7092b59,2018-12-04T00:00:00.000Z
64effb547c52d7e5a7092b5a,2018-12-05T00:00:00.000Z
64effb547c52d7e5a7092b5b,2018-12-06T00:00:00.000Z
64effb547c52d7e5a7092b5c,2018-12-07T00:00:00.000Z
64effb547c52d7e5a7092b5d,2018-12-10T00:00:00.000Z
64effb547c52d7e5a7092b5e,2018-12-11T00:00:00.000Z
64effb547c52d7e5a7092b5f,2018-12-12T00:00:00.000Z
64effb547c52d7e5a7092b60,2018-12-13T00:00:00.000Z
64effb547c52d7e5a7092b61,2018-12-14T00:00:00.000Z
64effb547c52d7e5a7092b62,2018-12-17T00:00:00.000Z
64effb547c52d7e5a7092b63,2018-12-18T00:00:00.000Z
64effb547c52d7e5a7092b64,2018-12-19T00:00:00.000Z
64effb547c52d7e5a7092b65,2018-12-20T00:00:00.000Z
64effb547c52d7e5a7092b66,2018-12-21T00:00:00.000Z
64effb547c52d7e5a7092b67,2018-12-24T00:00:00.000Z
64effb547c52d7e5a7092b68,2018-12-25T00:00:00.000Z
64effb547c52d7e5a7092b69,2018-12-26T00:00:00.000Z
64effb547c52d7e5a7092b6a,2018-12-27T00:00:00.000Z
64effb547c52d7e5a7092b6b,2018-12-28T00:00:00.000Z
64effb547c52d7e5a7092b6c,2019-01-02T00:00:00.000Z
64effb547c52d7e5a7092b6d,2019-01-03T00:00:00.000Z
64effb547c52d7e5a7092b6e,2019-01-04T00:00:00.000Z
64effb547c52d7e5a7092b6f,2019-01-07T00:00:00.000Z
64effb547c52d7e5a7092b70,2019-01-08T00:00:00.000Z
64effb547c52d7e5a7092b71,2019-01-09T00:00:00.000Z
64effb547c52d7e5a7092b72,2019-01-10T00:00:00.000Z
64effb547c52d7e5a7092b73,2019-01-11T00:00:00.000Z
64effb547c52d7e5a7092b74,2019-01-14T00:00:00.000Z
64effb547c52d7e5a7092b75,2019-01-15T00:00:00.000Z
64effb547c52d7e5a7092b76,2019-01-16T00:00:00.000Z
64effb547c52d7e5a7092b77,2019-01-17T00:00:00.000Z
64effb547c52d7e5a7092b78,2019-01-18T00:00:00.000Z
64effb547c52d7e5a7092b79,2019-01-21T00:00:00.000Z
64effb547c52d7e5a7092b7a,2019-01-22T00:00:00.000Z
64effb547c52d7e5a7092b7b,2019-01-23T00:00:00.000Z
64effb547c52d7e5a7092b7c,2019-01-24T00:00:00.000Z
64effb547c52d7e5a7092b7d,2019-01-25T00:00:00.000Z
64effb547c52d7e5a7092b7e,2019-01-28T00:00:00.000Z
64effb547c52d7e5a7092b7f,2019-01-29T00:00:00.000Z
64effb547c52d7e5a7092b80,2019-01-30T00:00:00.000Z
64effb547c52d7e5a7092b81,2019-01-31T00:00:00.000Z
64effb547c52d7e5a7092b82,2019-02-01T00:00:00.000Z
64effb547c52d7e5a7092b83,2019-02-11T00:00:00.000Z
64effb547c52d7e5a7092b84,2019-02-12T00:00:00.000Z
64effb547c52d7e5a7092b85,2019-02-13T00:00:00.000Z
64effb547c52d7e5a7092b86,2019-02-14T00:00:00.000Z
64effb547c52d7e5a7092b87,2019-02-15T00:00:00.000Z
64effb547c52d7e5a7092b88,2019-02-18T00:00:00.000Z
64effb547c52d7e5a7092b89,2019-02-19T00:00:00.000Z
64effb547c52d7e5a7092b8a,2019-02-20T00:00:00.000Z
64effb547c52d7e5a7092b8b,2019-02-21T00:00:00.000Z
64effb547c52d7e5a7092b8c,2019-02-22T00:00:00.000Z
64effb547c52d7e5a7092b8d,2019-02-25T00:00:00.000Z
64effb547c52d7e5a7092b8e,2019-02-26T00:00:00.000Z
64effb547c52d7e5a7092b8f,2019-02-27T00:00:00.000Z
64effb547c52d7e5a7092b90,2019-02-28T00:00:00.000Z
64effb547c52d7e5a7092b91,2019-03-01T00:00:00.000Z
64effb547c52d7e5a7092b92,2019-03-04T00:00:00.000Z
64effb547c52d7e5a7092b93,2019-03-05T00:00:00.000Z
64effb547c52d7e5a7092b94,2019-03-06T00:00:00.000Z
64effb547c52d7e5a7092b95,2019-03-07T00:00:00.000Z
64effb547c52d7e5a7092b96,2019-03-08T00:00:00.000Z
64effb547c52d7e5a7092b97,2019-03-11T00:00:00.000Z
64effb547c52d7e5a7092b98,2019-03-12T00:00:00.000Z
64effb547c52d7e5a7092b99,2019-03-13T00:00:00.000Z
64effb547c52d7e5a7092b9a,2019-03-14T00:00:00.000Z
64effb547c52d7e5a7092b9b,2019-03-15T00:00:00.000Z
64effb547c52d7e5a7092b9c,2019-03-18T00:00:00.000Z
64effb547c52d7e5a7092b9d,2019-03-19T00:00:00.000Z
64effb547c52d7e5a7092b9e,2019-03-20T00:00:00.000Z
64effb547c52d7e5a7092b9f,2019-03-21T00:00:00.000Z
64effb547c52d7e5a7092ba0,2019-03-22T00:00:00.000Z
64effb547c52d7e5a7092ba1,2019-03-25T00:00:00.000Z
64effb547c52d7e5a7092ba2,2019-03-26T00:00:00.000Z
64effb547c52d7e5a7092ba3,2019-03-27T00:00:00.000Z
64effb547c52d7e5a7092ba4,2019-03-28T00:00:00.000Z
64effb547c52d7e5a7092ba5,2019-03-29T00:00:00.000Z
64effb547c52d7e5a7092ba6,2019-04-01T00:00:00.000Z
64effb547c52d7e5a7092ba7,2019-04-02T00:00:00.000Z
64effb547c52d7e5a7092ba8,2019-04-03T00:00:00.000Z
64effb547c52d7e5a7092ba9,2019-04-04T00:00:00.000Z
64effb547c52d7e5a7092baa,2019-04-08T00:00:00.000Z
64effb547c52d7e5a7092bab,2019-04-09T00:00:00.000Z
64effb547c52d7e5a7092bac,2019-04-10T00:00:00.000Z
64effb547c52d7e5a7092bad,2019-04-11T00:00:00.000Z
64effb547c52d7e5a7092bae,2019-04-12T00:00:00.000Z
64effb547c52d7e5a7092baf,2019-04-15T00:00:00.000Z
64effb547c52d7e5a7092bb0,2019-04-16T00:00:00.000Z
64effb547c52d7e5a7092bb1,2019-04-17T00:00:00.000Z
64effb547c52d7e5a7092bb2,2019-04-18T00:00:00.000Z
64effb547c52d7e5a7092bb3,2019-04-19T00:00:00.000Z
64effb547c52d7e5a7092bb4,2019-04-22T00:00:00.000Z
64effb547c52d7e5a7092bb5,2019-04-23T00:00:00.000Z
64effb547c52d7e5a7092bb6,2019-04-24T00:00:00.000Z
64effb547c52d7e5a7092bb7,2019-04-25T00:00:00.000Z
64effb547c52d7e5a7092bb8,2019-04-26T00:00:00.000Z
64effb547c52d7e5a7092bb9,2019-04-29T00:00:00.000Z
64effb547c52d7e5a7092bba,2019-04-30T00:00:00.000Z
64effb547c52d7e5a7092bbb,2019-05-06T00:00:00.000Z
64effb547c52d7e5a7092bbc,2019-05-07T00:00:00.000Z
64effb547c52d7e5a7092bbd,2019-05-08T00:00:00.000Z
64effb547c52d7e5a7092bbe,2019-05-09T00:00:00.000Z
64effb547c52d7e5a7092bbf,2019-05-10T00:00:00.000Z
64effb547c52d7e5a7092bc0,2019-05-13T00:00:00.000Z
64effb547c52d7e5a7092bc1,2019-05-14T00:00:00.000Z
64effb547c52d7e5a7092bc2,2019-05-15T00:00:00.000Z
64effb547c52d7e5a7092bc3,2019-05-16T00:00:00.000Z
64effb547c52d7e5a7092bc4,2019-05-17T00:00:00.000Z
64effb547c52d7e5a7092bc5,2019-05-20T00:00:00.000Z
64effb547c52d7e5a7092bc6,2019-05-21T00:00:00.000Z
64effb547c52d7e5a7092bc7,2019-05-22T00:00:00.000Z
64effb547c52d7e5a7092bc8,2019-05-23T00:00:00.000Z
64effb547c52d7e5a7092bc9,2019-05-24T00:00:00.000Z
64effb547c52d7e5a7092bca,2019-05-27T00:00:00.000Z
64effb547c52d7e5a7092bcb,2019-05-28T00:00:00.000Z
64effb547c52d7e5a7092bcc,2019-05-29T00:00:00.000Z
64effb547c52d7e5a7092bcd,2019-05-30T00:00:00.000Z
64effb547c52d7e5a7092bce,2019-05-31T00:00:00.000Z
64effb547c52d7e5a7092bcf,2019-06-03T00:00:00.000Z
64effb547c52d7e5a7092bd0,2019-06-04T00:00:00.000Z
64effb547c52d7e5a7092bd1,2019-06-05T00:00:00.000Z
64effb547c52d7e5a7092bd2,2019-06-06T00:00:00.000Z
64effb547c52d7e5a7092bd3,2019-06-10T00:00:00.000Z
64effb547c52d7e5a7092bd4,2019-06-11T00:00:00.000Z
64effb547c52d7e5a7092bd5,2019-06-12T00:00:00.000Z
64effb547c52d7e5a7092bd6,2019-06-13T00:00:00.000Z
64effb547c52d7e5a7092bd7,2019-06-14T00:00:00.000Z
64effb547c52d7e5a7092bd8,2019-06-17T00:00:00.000Z
64effb547c52d7e5a7092bd9,2019-06-18T00:00:00.000Z
64effb547c52d7e5a7092bda,2019-06-19T00:00:00.000Z
64effb547c52d7e5a7092bdb,2019-06-20T00:00:00.000Z
64effb547c52d7e5a7092bdc,2019-06-21T00:00:00.000Z
64effb547c52d7e5a7092bdd,2019-06-24T00:00:00.000Z
64effb547c52d7e5a7092bde,2019-06-25T00:00:00.000Z
64effb547c52d7e5a7092bdf,2019-06-26T00:00:00.000Z
64effb547c52d7e5a7092be0,2019-06-27T00:00:00.000Z
64effb547c52d7e5a7092be1,2019-06-28T00:00:00.000Z
64effb547c52d7e5a7092be2,2019-07-01T00:00:00.000Z
64effb547c52d7e5a7092be3,2019-07-02T00:00:00.000Z
64effb547c52d7e5a7092be4,2019-07-03T00:00:00.000Z
64effb547c52d7e5a7092be5,2019-07-04T00:00:00.000Z
64effb547c52d7e5a7092be6,2019-07-05T00:00:00.000Z
64effb547c52d7e5a7092be7,2019-07-08T00:00:00.000Z
64effb547c52d7e5a7092be8,2019-07-09T00:00:00.000Z
64effb547c52d7e5a7092be9,2019-07-10T00:00:00.000Z
64effb547c52d7e5a7092bea,2019-07-11T00:00:00.000Z
64effb547c52d7e5a7092beb,2019-07-12T00:00:00.000Z
64effb547c52d7e5a7092bec,2019-07-15T00:00:00.000Z
64effb547c52d7e5a7092bed,2019-07-16T00:00:00.000Z
64effb547c52d7e5a7092bee,2019-07-17T00:00:00.000Z
64effb547c52d7e5a7092bef,2019-07-18T00:00:00.000Z
64effb547c52d7e5a7092bf0,2019-07-19T00:00:00.000Z
64effb547c52d7e5a7092bf1,2019-07-22T00:00:00.000Z
64effb547c52d7e5a7092bf2,2019-07-23T00:00:00.000Z
64effb547c52d7e5a7092bf3,2019-07-24T00:00:00.000Z
64effb547c52d7e5a7092bf4,2019-07-25T00:00:00.000Z
64effb547c52d7e5a7092bf5,2019-07-26T00:00:00.000Z
64effb547c52d7e5a7092bf6,2019-07-29T00:00:00.000Z
64effb547c52d7e5a7092bf7,2019-07-30T00:00:00.000Z
64effb547c52d7e5a7092bf8,2019-07-31T00:00:00.000Z
64effb547c52d7e5a7092bf9,2019-08-01T00:00:00.000Z
64effb547c52d7e5a7092bfa,2019-08-02T00:00:00.000Z
64effb547c52d7e5a7092bfb,2019-08-05T00:00:00.000Z
64effb547c52d7e5a7092bfc,2019-08-06T00:00:00.000Z
64effb547c52d7e5a7092bfd,2019-08-07T00:00:00.000Z
64effb547c52d7e5a7092bfe,2019-08-08T00:00:00.000Z
64effb547c52d7e5a7092bff,2019-08-09T00:00:00.000Z
64effb547c52d7e5a7092c00,2019-08-12T00:00:00.000Z
64effb547c52d7e5a7092c01,2019-08-13T00:00:00.000Z
64effb547c52d7e5a7092c02,2019-08-14T00:00:00.000Z
64effb547c52d7e5a7092c03,2019-08-15T00:00:00.000Z
64effb547c52d7e5a7092c04,2019-08-16T00:00:00.000Z
64effb547c52d7e5a7092c05,2019-08-19T00:00:00.000Z
64effb547c52d7e5a7092c06,2019-08-20T00:00:00.000Z
64effb547c52d7e5a7092c07,2019-08-21T00:00:00.000Z
64effb547c52d7e5a7092c08,2019-08-22T00:00:00.000Z
64effb547c52d7e5a7092c09,2019-08-23T00:00:00.000Z
64effb547c52d7e5a7092c0a,2019-08-26T00:00:00.000Z
64effb547c52d7e5a7092c0b,2019-08-27T00:00:00.000Z
64effb547c52d7e5a7092c0c,2019-08-28T00:00:00.000Z
64effb547c52d7e5a7092c0d,2019-08-29T00:00:00.000Z
64effb547c52d7e5a7092c0e,2019-08-30T00:00:00.000Z
64effb547c52d7e5a7092c0f,2019-09-02T00:00:00.000Z
64effb547c52d7e5a7092c10,2019-09-03T00:00:00.000Z
64effb547c52d7e5a7092c11,2019-09-04T00:00:00.000Z
64effb547c52d7e5a7092c12,2019-09-05T00:00:00.000Z
64effb547c52d7e5a7092c13,2019-09-06T00:00:00.000Z
64effb547c52d7e5a7092c14,2019-09-09T00:00:00.000Z
64effb547c52d7e5a7092c15,2019-09-10T00:00:00.000Z
64effb547c52d7e5a7092c16,2019-09-11T00:00:00.000Z
64effb547c52d7e5a7092c17,2019-09-12T00:00:00.000Z
64effb547c52d7e5a7092c18,2019-09-16T00:00:00.000Z
64effb547c52d7e5a7092c19,2019-09-17T00:00:00.000Z
64effb547c52d7e5a7092c1a,2019-09-18T00:00:00.000Z
64effb547c52d7e5a7092c1b,2019-09-19T00:00:00.000Z
64effb547c52d7e5a7092c1c,2019-09-20T00:00:00.000Z
64effb547c52d7e5a7092c1d,2019-09-23T00:00:00.000Z
64effb547c52d7e5a7092c1e,2019-09-24T00:00:00.000Z
64effb547c52d7e5a7092c1f,2019-09-25T00:00:00.000Z
64effb547c52d7e5a7092c20,2019-09-26T00:00:00.000Z
64effb547c52d7e5a7092c21,2019-09-27T00:00:00.000Z
64effb557c52d7e5a7092c22,2019-09-30T00:00:00.000Z
64effb557c52d7e5a7092c23,2019-10-08T00:00:00.000Z
64effb557c52d7e5a7092c24,2019-10-09T00:00:00.000Z
64effb557c52d7e5a7092c25,2019-10-10T00:00:00.000Z
64effb557c52d7e5a7092c26,2019-10-11T00:00:00.000Z
64effb557c52d7e5a7092c27,2019-10-14T00:00:00.000Z
64effb557c52d7e5a7092c28,2019-10-15T00:00:00.000Z
64effb557c52d7e5a7092c29,2019-10-16T00:00:00.000Z
64effb557c52d7e5a7092c2a,2019-10-17T00:00:00.000Z
64effb557c52d7e5a7092c2b,2019-10-18T00:00:00.000Z
64effb557c52d7e5a7092c2c,2019-10-21T00:00:00.000Z
64effb557c52d7e5a7092c2d,2019-10-22T00:00:00.000Z
64effb557c52d7e5a7092c2e,2019-10-23T00:00:00.000Z
64effb557c52d7e5a7092c2f,2019-10-24T00:00:00.000Z
64effb557c52d7e5a7092c30,2019-10-25T00:00:00.000Z
64effb557c52d7e5a7092c31,2019-10-28T00:00:00.000Z
64effb557c52d7e5a7092c32,2019-10-29T00:00:00.000Z
64effb557c52d7e5a7092c33,2019-10-30T00:00:00.000Z
64effb557c52d7e5a7092c34,2019-10-31T00:00:00.000Z
64effb557c52d7e5a7092c35,2019-11-01T00:00:00.000Z
64effb557c52d7e5a7092c36,2019-11-04T00:00:00.000Z
64effb557c52d7e5a7092c37,2019-11-05T00:00:00.000Z
64effb557c52d7e5a7092c38,2019-11-06T00:00:00.000Z
64effb557c52d7e5a7092c39,2019-11-07T00:00:00.000Z
64effb557c52d7e5a7092c3a,2019-11-08T00:00:00.000Z
64effb557c52d7e5a7092c3b,2019-11-11T00:00:00.000Z
64effb557c52d7e5a7092c3c,2019-11-12T00:00:00.000Z
64effb557c52d7e5a7092c3d,2019-11-13T00:00:00.000Z
64effb557c52d7e5a7092c3e,2019-11-14T00:00:00.000Z
64effb557c52d7e5a7092c3f,2019-11-15T00:00:00.000Z
64effb557c52d7e5a7092c40,2019-11-18T00:00:00.000Z
64effb557c52d7e5a7092c41,2019-11-19T00:00:00.000Z
64effb557c52d7e5a7092c42,2019-11-20T00:00:00.000Z
64effb557c52d7e5a7092c43,2019-11-21T00:00:00.000Z
64effb557c52d7e5a7092c44,2019-11-22T00:00:00.000Z
64effb557c52d7e5a7092c45,2019-11-25T00:00:00.000Z
64effb557c52d7e5a7092c46,2019-11-26T00:00:00.000Z
64effb557c52d7e5a7092c47,2019-11-27T00:00:00.000Z
64effb557c52d7e5a7092c48,2019-11-28T00:00:00.000Z
64effb557c52d7e5a7092c49,2019-11-29T00:00:00.000Z
64effb557c52d7e5a7092c4a,2019-12-02T00:00:00.000Z
64effb557c52d7e5a7092c4b,2019-12-03T00:00:00.000Z
64effb557c52d7e5a7092c4c,2019-12-04T00:00:00.000Z
64effb557c52d7e5a7092c4d,2019-12-05T00:00:00.000Z
64effb557c52d7e5a7092c4e,2019-12-06T00:00:00.000Z
64effb557c52d7e5a7092c4f,2019-12-09T00:00:00.000Z
64effb557c52d7e5a7092c50,2019-12-10T00:00:00.000Z
64effb557c52d7e5a7092c51,2019-12-11T00:00:00.000Z
64effb557c52d7e5a7092c52,2019-12-12T00:00:00.000Z
64effb557c52d7e5a7092c53,2019-12-13T00:00:00.000Z
64effb557c52d7e5a7092c54,2019-12-16T00:00:00.000Z
64effb557c52d7e5a7092c55,2019-12-17T00:00:00.000Z
64effb557c52d7e5a7092c56,2019-12-18T00:00:00.000Z
64effb557c52d7e5a7092c57,2019-12-19T00:00:00.000Z
64effb557c52d7e5a7092c58,2019-12-20T00:00:00.000Z
64effb557c52d7e5a7092c59,2019-12-23T00:00:00.000Z
64effb557c52d7e5a7092c5a,2019-12-24T00:00:00.000Z
64effb557c52d7e5a7092c5b,2019-12-25T00:00:00.000Z
64effb557c52d7e5a7092c5c,2019-12-26T00:00:00.000Z
64effb557c52d7e5a7092c5d,2019-12-27T00:00:00.000Z
64effb557c52d7e5a7092c5e,2019-12-30T00:00:00.000Z
64effb557c52d7e5a7092c5f,2019-12-31T00:00:00.000Z
64effb557c52d7e5a7092c60,2020-01-02T00:00:00.000Z
64effb557c52d7e5a7092c61,2020-01-03T00:00:00.000Z
64effb557c52d7e5a7092c62,2020-01-06T00:00:00.000Z
64effb557c52d7e5a7092c63,2020-01-07T00:00:00.000Z
64effb557c52d7e5a7092c64,2020-01-08T00:00:00.000Z
64effb557c52d7e5a7092c65,2020-01-09T00:00:00.000Z
64effb557c52d7e5a7092c66,2020-01-10T00:00:00.000Z
64effb557c52d7e5a7092c67,2020-01-13T00:00:00.000Z
64effb557c52d7e5a7092c68,2020-01-14T00:00:00.000Z
64effb557c52d7e5a7092c69,2020-01-15T00:00:00.000Z
64effb557c52d7e5a7092c6a,2020-01-16T00:00:00.000Z
64effb557c52d7e5a7092c6b,2020-01-17T00:00:00.000Z
64effb557c52d7e5a7092c6c,2020-01-20T00:00:00.000Z
64effb557c52d7e5a7092c6d,2020-01-21T00:00:00.000Z
64effb557c52d7e5a7092c6e,2020-01-22T00:00:00.000Z
64effb557c52d7e5a7092c6f,2020-01-23T00:00:00.000Z
64effb557c52d7e5a7092c70,2020-02-03T00:00:00.000Z
64effb557c52d7e5a7092c71,2020-02-04T00:00:00.000Z
64effb557c52d7e5a7092c72,2020-02-05T00:00:00.000Z
64effb557c52d7e5a7092c73,2020-02-06T00:00:00.000Z
64effb557c52d7e5a7092c74,2020-02-07T00:00:00.000Z
64effb557c52d7e5a7092c75,2020-02-10T00:00:00.000Z
64effb557c52d7e5a7092c76,2020-02-11T00:00:00.000Z
64effb557c52d7e5a7092c77,2020-02-12T00:00:00.000Z
64effb557c52d7e5a7092c78,2020-02-13T00:00:00.000Z
64effb557c52d7e5a7092c79,2020-02-14T00:00:00.000Z
64effb557c52d7e5a7092c7a,2020-02-17T00:00:00.000Z
64effb557c52d7e5a7092c7b,2020-02-18T00:00:00.000Z
64effb557c52d7e5a7092c7c,2020-02-19T00:00:00.000Z
64effb557c52d7e5a7092c7d,2020-02-20T00:00:00.000Z
64effb557c52d7e5a7092c7e,2020-02-21T00:00:00.000Z
64effb557c52d7e5a7092c7f,2020-02-24T00:00:00.000Z
64effb557c52d7e5a7092c80,2020-02-25T00:00:00.000Z
64effb557c52d7e5a7092c81,2020-02-26T00:00:00.000Z
64effb557c52d7e5a7092c82,2020-02-27T00:00:00.000Z
64effb557c52d7e5a7092c83,2020-02-28T00:00:00.000Z
64effb557c52d7e5a7092c84,2020-03-02T00:00:00.000Z
64effb557c52d7e5a7092c85,2020-03-03T00:00:00.000Z
64effb557c52d7e5a7092c86,2020-03-04T00:00:00.000Z
64effb557c52d7e5a7092c87,2020-03-05T00:00:00.000Z
64effb557c52d7e5a7092c88,2020-03-06T00:00:00.000Z
64effb557c52d7e5a7092c89,2020-03-09T00:00:00.000Z
64effb557c52d7e5a7092c8a,2020-03-10T00:00:00.000Z
64effb557c52d7e5a7092c8b,2020-03-11T00:00:00.000Z
64effb557c52d7e5a7092c8c,2020-03-12T00:00:00.000Z
64effb557c52d7e5a7092c8d,2020-03-13T00:00:00.000Z
64effb557c52d7e5a7092c8e,2020-03-16T00:00:00.000Z
64effb557c52d7e5a7092c8f,2020-03-17T00:00:00.000Z
64effb557c52d7e5a7092c90,2020-03-18T00:00:00.000Z
64effb557c52d7e5a7092c91,2020-03-19T00:00:00.000Z
64effb557c52d7e5a7092c92,2020-03-20T00:00:00.000Z
64effb557c52d7e5a7092c93,2020-03-23T00:00:00.000Z
64effb557c52d7e5a7092c94,2020-03-24T00:00:00.000Z
64effb557c52d7e5a7092c95,2020-03-25T00:00:00.000Z
64effb557c52d7e5a7092c96,2020-03-26T00:00:00.000Z
64effb557c52d7e5a7092c97,2020-03-27T00:00:00.000Z
64effb557c52d7e5a7092c98,2020-03-30T00:00:00.000Z
64effb557c52d7e5a7092c99,2020-03-31T00:00:00.000Z
64effb557c52d7e5a7092c9a,2020-04-01T00:00:00.000Z
64effb557c52d7e5a7092c9b,2020-04-02T00:00:00.000Z
64effb557c52d7e5a7092c9c,2020-04-03T00:00:00.000Z
64effb557c52d7e5a7092c9d,2020-04-07T00:00:00.000Z
64effb557c52d7e5a7092c9e,2020-04-08T00:00:00.000Z
64effb557c52d7e5a7092c9f,2020-04-09T00:00:00.000Z
64effb557c52d7e5a7092ca0,2020-04-10T00:00:00.000Z
64effb557c52d7e5a7092ca1,2020-04-13T00:00:00.000Z
64effb557c52d7e5a7092ca2,2020-04-14T00:00:00.000Z
64effb557c52d7e5a7092ca3,2020-04-15T00:00:00.000Z
64effb557c52d7e5a7092ca4,2020-04-16T00:00:00.000Z
64effb557c52d7e5a7092ca5,2020-04-17T00:00:00.000Z
64effb557c52d7e5a7092ca6,2020-04-20T00:00:00.000Z
64effb557c52d7e5a7092ca7,2020-04-21T00:00:00.000Z
64effb557c52d7e5a7092ca8,2020-04-22T00:00:00.000Z
64effb557c52d7e5a7092ca9,2020-04-23T00:00:00.000Z
64effb557c52d7e5a7092caa,2020-04-24T00:00:00.000Z
64effb557c52d7e5a7092cab,2020-04-27T00:00:00.000Z
64effb557c52d7e5a7092cac,2020-04-28T00:00:00.000Z
64effb557c52d7e5a7092cad,2020-04-29T00:00:00.000Z
64effb557c52d7e5a7092cae,2020-04-30T00:00:00.000Z
64effb557c52d7e5a7092caf,2020-05-06T00:00:00.000Z
64effb557c52d7e5a7092cb0,2020-05-07T00:00:00.000Z
64effb557c52d7e5a7092cb1,2020-05-08T00:00:00.000Z
64effb557c52d7e5a7092cb2,2020-05-11T00:00:00.000Z
64effb557c52d7e5a7092cb3,2020-05-12T00:00:00.000Z
64effb557c52d7e5a7092cb4,2020-05-13T00:00:00.000Z
64effb557c52d7e5a7092cb5,2020-05-14T00:00:00.000Z
64effb557c52d7e5a7092cb6,2020-05-15T00:00:00.000Z
64effb557c52d7e5a7092cb7,2020-05-18T00:00:00.000Z
64effb557c52d7e5a7092cb8,2020-05-19T00:00:00.000Z
64effb557c52d7e5a7092cb9,2020-05-20T00:00:00.000Z
64effb557c52d7e5a7092cba,2020-05-21T00:00:00.000Z
64effb557c52d7e5a7092cbb,2020-05-22T00:00:00.000Z
64effb557c52d7e5a7092cbc,2020-05-25T00:00:00.000Z
64effb557c52d7e5a7092cbd,2020-05-26T00:00:00.000Z
64effb557c52d7e5a7092cbe,2020-05-27T00:00:00.000Z
64effb557c52d7e5a7092cbf,2020-05-28T00:00:00.000Z
64effb557c52d7e5a7092cc0,2020-05-29T00:00:00.000Z
64effb557c52d7e5a7092cc1,2020-06-01T00:00:00.000Z
64effb557c52d7e5a7092cc2,2020-06-02T00:00:00.000Z
64effb557c52d7e5a7092cc3,2020-06-03T00:00:00.000Z
64effb557c52d7e5a7092cc4,2020-06-04T00:00:00.000Z
64effb557c52d7e5a7092cc5,2020-06-05T00:00:00.000Z
64effb557c52d7e5a7092cc6,2020-06-08T00:00:00.000Z
64effb557c52d7e5a7092cc7,2020-06-09T00:00:00.000Z
64effb557c52d7e5a7092cc8,2020-06-10T00:00:00.000Z
64effb557c52d7e5a7092cc9,2020-06-11T00:00:00.000Z
64effb557c52d7e5a7092cca,2020-06-12T00:00:00.000Z
64effb557c52d7e5a7092ccb,2020-06-15T00:00:00.000Z
64effb557c52d7e5a7092ccc,2020-06-16T00:00:00.000Z
64effb557c52d7e5a7092ccd,2020-06-17T00:00:00.000Z
64effb557c52d7e5a7092cce,2020-06-18T00:00:00.000Z
64effb557c52d7e5a7092ccf,2020-06-19T00:00:00.000Z
64effb557c52d7e5a7092cd0,2020-06-22T00:00:00.000Z
64effb557c52d7e5a7092cd1,2020-06-23T00:00:00.000Z
64effb557c52d7e5a7092cd2,2020-06-24T00:00:00.000Z
64effb557c52d7e5a7092cd3,2020-06-29T00:00:00.000Z
64effb557c52d7e5a7092cd4,2020-06-30T00:00:00.000Z
64effb557c52d7e5a7092cd5,2020-07-01T00:00:00.000Z
64effb557c52d7e5a7092cd6,2020-07-02T00:00:00.000Z
64effb557c52d7e5a7092cd7,2020-07-03T00:00:00.000Z
64effb557c52d7e5a7092cd8,2020-07-06T00:00:00.000Z
64effb557c52d7e5a7092cd9,2020-07-07T00:00:00.000Z
64effb557c52d7e5a7092cda,2020-07-08T00:00:00.000Z
64effb557c52d7e5a7092cdb,2020-07-09T00:00:00.000Z
64effb557c52d7e5a7092cdc,2020-07-10T00:00:00.000Z
64effb557c52d7e5a7092cdd,2020-07-13T00:00:00.000Z
64effb557c52d7e5a7092cde,2020-07-14T00:00:00.000Z
64effb557c52d7e5a7092cdf,2020-07-15T00:00:00.000Z
64effb557c52d7e5a7092ce0,2020-07-16T00:00:00.000Z
64effb557c52d7e5a7092ce1,2020-07-17T00:00:00.000Z
64effb557c52d7e5a7092ce2,2020-07-20T00:00:00.000Z
64effb557c52d7e5a7092ce3,2020-07-21T00:00:00.000Z
64effb557c52d7e5a7092ce4,2020-07-22T00:00:00.000Z
64effb557c52d7e5a7092ce5,2020-07-23T00:00:00.000Z
64effb557c52d7e5a7092ce6,2020-07-24T00:00:00.000Z
64effb557c52d7e5a7092ce7,2020-07-27T00:00:00.000Z
64effb557c52d7e5a7092ce8,2020-07-28T00:00:00.000Z
64effb557c52d7e5a7092ce9,2020-07-29T00:00:00.000Z
64effb557c52d7e5a7092cea,2020-07-30T00:00:00.000Z
64effb557c52d7e5a7092ceb,2020-07-31T00:00:00.000Z
64effb557c52d7e5a7092cec,2020-08-03T00:00:00.000Z
64effb557c52d7e5a7092ced,2020-08-04T00:00:00.000Z
64effb557c52d7e5a7092cee,2020-08-05T00:00:00.000Z
64effb557c52d7e5a7092cef,2020-08-06T00:00:00.000Z
64effb557c52d7e5a7092cf0,2020-08-07T00:00:00.000Z
64effb557c52d7e5a7092cf1,2020-08-10T00:00:00.000Z
64effb557c52d7e5a7092cf2,2020-08-11T00:00:00.000Z
64effb557c52d7e5a7092cf3,2020-08-12T00:00:00.000Z
64effb557c52d7e5a7092cf4,2020-08-13T00:00:00.000Z
64effb557c52d7e5a7092cf5,2020-08-14T00:00:00.000Z
64effb557c52d7e5a7092cf6,2020-08-17T00:00:00.000Z
64effb557c52d7e5a7092cf7,2020-08-18T00:00:00.000Z
64effb557c52d7e5a7092cf8,2020-08-19T00:00:00.000Z
64effb557c52d7e5a7092cf9,2020-08-20T00:00:00.000Z
64effb557c52d7e5a7092cfa,2020-08-21T00:00:00.000Z
64effb557c52d7e5a7092cfb,2020-08-24T00:00:00.000Z
64effb557c52d7e5a7092cfc,2020-08-25T00:00:00.000Z
64effb557c52d7e5a7092cfd,2020-08-26T00:00:00.000Z
64effb557c52d7e5a7092cfe,2020-08-27T00:00:00.000Z
64effb557c52d7e5a7092cff,2020-08-28T00:00:00.000Z
64effb557c52d7e5a7092d00,2020-08-31T00:00:00.000Z
64effb557c52d7e5a7092d01,2020-09-01T00:00:00.000Z
64effb557c52d7e5a7092d02,2020-09-02T00:00:00.000Z
64effb557c52d7e5a7092d03,2020-09-03T00:00:00.000Z
64effb557c52d7e5a7092d04,2020-09-04T00:00:00.000Z
64effb557c52d7e5a7092d05,2020-09-07T00:00:00.000Z
64effb557c52d7e5a7092d06,2020-09-08T00:00:00.000Z
64effb557c52d7e5a7092d07,2020-09-09T00:00:00.000Z
64effb557c52d7e5a7092d08,2020-09-10T00:00:00.000Z
64effb557c52d7e5a7092d09,2020-09-11T00:00:00.000Z
64effb557c52d7e5a7092d0a,2020-09-14T00:00:00.000Z
64effb557c52d7e5a7092d0b,2020-09-15T00:00:00.000Z
64effb557c52d7e5a7092d0c,2020-09-16T00:00:00.000Z
64effb557c52d7e5a7092d0d,2020-09-17T00:00:00.000Z
64effb557c52d7e5a7092d0e,2020-09-18T00:00:00.000Z
64effb557c52d7e5a7092d0f,2020-09-21T00:00:00.000Z
64effb557c52d7e5a7092d10,2020-09-22T00:00:00.000Z
64effb557c52d7e5a7092d11,2020-09-23T00:00:00.000Z
64effb557c52d7e5a7092d12,2020-09-24T00:00:00.000Z
64effb557c52d7e5a7092d13,2020-09-25T00:00:00.000Z
64effb557c52d7e5a7092d14,2020-09-28T00:00:00.000Z
64effb557c52d7e5a7092d15,2020-09-29T00:00:00.000Z
64effb557c52d7e5a7092d16,2020-09-30T00:00:00.000Z
64effb557c52d7e5a7092d17,2020-10-09T00:00:00.000Z
64effb557c52d7e5a7092d18,2020-10-12T00:00:00.000Z
64effb557c52d7e5a7092d19,2020-10-13T00:00:00.000Z
64effb557c52d7e5a7092d1a,2020-10-14T00:00:00.000Z
64effb557c52d7e5a7092d1b,2020-10-15T00:00:00.000Z
64effb557c52d7e5a7092d1c,2020-10-16T00:00:00.000Z
64effb557c52d7e5a7092d1d,2020-10-19T00:00:00.000Z
64effb557c52d7e5a7092d1e,2020-10-20T00:00:00.000Z
64effb557c52d7e5a7092d1f,2020-10-21T00:00:00.000Z
64effb557c52d7e5a7092d20,2020-10-22T00:00:00.000Z
64effb557c52d7e5a7092d21,2020-10-23T00:00:00.000Z
64effb557c52d7e5a7092d22,2020-10-26T00:00:00.000Z
64effb557c52d7e5a7092d23,2020-10-27T00:00:00.000Z
64effb557c52d7e5a7092d24,2020-10-28T00:00:00.000Z
64effb557c52d7e5a7092d25,2020-10-29T00:00:00.000Z
64effb557c52d7e5a7092d26,2020-10-30T00:00:00.000Z
64effb557c52d7e5a7092d27,2020-11-02T00:00:00.000Z
64effb557c52d7e5a7092d28,2020-11-03T00:00:00.000Z
64effb557c52d7e5a7092d29,2020-11-04T00:00:00.000Z
64effb557c52d7e5a7092d2a,2020-11-05T00:00:00.000Z
64effb557c52d7e5a7092d2b,2020-11-06T00:00:00.000Z
64effb557c52d7e5a7092d2c,2020-11-09T00:00:00.000Z
64effb557c52d7e5a7092d2d,2020-11-10T00:00:00.000Z
64effb557c52d7e5a7092d2e,2020-11-11T00:00:00.000Z
64effb557c52d7e5a7092d2f,2020-11-12T00:00:00.000Z
64effb557c52d7e5a7092d30,2020-11-13T00:00:00.000Z
64effb557c52d7e5a7092d31,2020-11-16T00:00:00.000Z
64effb557c52d7e5a7092d32,2020-11-17T00:00:00.000Z
64effb557c52d7e5a7092d33,2020-11-18T00:00:00.000Z
64effb557c52d7e5a7092d34,2020-11-19T00:00:00.000Z
64effb557c52d7e5a7092d35,2020-11-20T00:00:00.000Z
64effb557c52d7e5a7092d36,2020-11-23T00:00:00.000Z
64effb557c52d7e5a7092d37,2020-11-24T00:00:00.000Z
64effb557c52d7e5a7092d38,2020-11-25T00:00:00.000Z
64effb557c52d7e5a7092d39,2020-11-26T00:00:00.000Z
64effb557c52d7e5a7092d3a,2020-11-27T00:00:00.000Z
64effb557c52d7e5a7092d3b,2020-11-30T00:00:00.000Z
64effb557c52d7e5a7092d3c,2020-12-01T00:00:00.000Z
64effb557c52d7e5a7092d3d,2020-12-02T00:00:00.000Z
64effb557c52d7e5a7092d3e,2020-12-03T00:00:00.000Z
64effb557c52d7e5a7092d3f,2020-12-04T00:00:00.000Z
64effb557c52d7e5a7092d40,2020-12-07T00:00:00.000Z
64effb557c52d7e5a7092d41,2020-12-08T00:00:00.000Z
64effb557c52d7e5a7092d42,2020-12-09T00:00:00.000Z
64effb557c52d7e5a7092d43,2020-12-10T00:00:00.000Z
64effb557c52d7e5a7092d44,2020-12-11T00:00:00.000Z
64effb557c52d7e5a7092d45,2020-12-14T00:00:00.000Z
64effb557c52d7e5a7092d46,2020-12-15T00:00:00.000Z
64effb557c52d7e5a7092d47,2020-12-16T00:00:00.000Z
64effb557c52d7e5a7092d48,2020-12-17T00:00:00.000Z
64effb557c52d7e5a7092d49,2020-12-18T00:00:00.000Z
64effb557c52d7e5a7092d4a,2020-12-21T00:00:00.000Z
64effb557c52d7e5a7092d4b,2020-12-22T00:00:00.000Z
64effb557c52d7e5a7092d4c,2020-12-23T00:00:00.000Z
64effb557c52d7e5a7092d4d,2020-12-24T00:00:00.000Z
64effb557c52d7e5a7092d4e,2020-12-25T00:00:00.000Z
64effb557c52d7e5a7092d4f,2020-12-28T00:00:00.000Z
64effb557c52d7e5a7092d50,2020-12-29T00:00:00.000Z
64effb557c52d7e5a7092d51,2020-12-30T00:00:00.000Z
64effb557c52d7e5a7092d52,2020-12-31T00:00:00.000Z
64effb557c52d7e5a7092d53,2021-01-04T00:00:00.000Z
64effb557c52d7e5a7092d54,2021-01-05T00:00:00.000Z
64effb557c52d7e5a7092d55,2021-01-06T00:00:00.000Z
64effb557c52d7e5a7092d56,2021-01-07T00:00:00.000Z
64effb557c52d7e5a7092d57,2021-01-08T00:00:00.000Z
64effb557c52d7e5a7092d58,2021-01-11T00:00:00.000Z
64effb557c52d7e5a7092d59,2021-01-12T00:00:00.000Z
64effb557c52d7e5a7092d5a,2021-01-13T00:00:00.000Z
64effb557c52d7e5a7092d5b,2021-01-14T00:00:00.000Z
64effb557c52d7e5a7092d5c,2021-01-15T00:00:00.000Z
64effb557c52d7e5a7092d5d,2021-01-18T00:00:00.000Z
64effb557c52d7e5a7092d5e,2021-01-19T00:00:00.000Z
64effb557c52d7e5a7092d5f,2021-01-20T00:00:00.000Z
64effb557c52d7e5a7092d60,2021-01-21T00:00:00.000Z
64effb557c52d7e5a7092d61,2021-01-22T00:00:00.000Z
64effb557c52d7e5a7092d62,2021-01-25T00:00:00.000Z
64effb557c52d7e5a7092d63,2021-01-26T00:00:00.000Z
64effb557c52d7e5a7092d64,2021-01-27T00:00:00.000Z
64effb557c52d7e5a7092d65,2021-01-28T00:00:00.000Z
64effb557c52d7e5a7092d66,2021-01-29T00:00:00.000Z
64effb557c52d7e5a7092d67,2021-02-01T00:00:00.000Z
64effb557c52d7e5a7092d68,2021-02-02T00:00:00.000Z
64effb557c52d7e5a7092d69,2021-02-03T00:00:00.000Z
64effb557c52d7e5a7092d6a,2021-02-04T00:00:00.000Z
64effb557c52d7e5a7092d6b,2021-02-05T00:00:00.000Z
64effb557c52d7e5a7092d6c,2021-02-08T00:00:00.000Z
64effb557c52d7e5a7092d6d,2021-02-09T00:00:00.000Z
64effb557c52d7e5a7092d6e,2021-02-10T00:00:00.000Z
64effb557c52d7e5a7092d6f,2021-02-18T00:00:00.000Z
64effb557c52d7e5a7092d70,2021-02-19T00:00:00.000Z
64effb557c52d7e5a7092d71,2021-02-22T00:00:00.000Z
64effb557c52d7e5a7092d72,2021-02-23T00:00:00.000Z
64effb557c52d7e5a7092d73,2021-02-24T00:00:00.000Z
64effb557c52d7e5a7092d74,2021-02-25T00:00:00.000Z
64effb557c52d7e5a7092d75,2021-02-26T00:00:00.000Z
64effb557c52d7e5a7092d76,2021-03-01T00:00:00.000Z
64effb557c52d7e5a7092d77,2021-03-02T00:00:00.000Z
64effb557c52d7e5a7092d78,2021-03-03T00:00:00.000Z
64effb557c52d7e5a7092d79,2021-03-04T00:00:00.000Z
64effb557c52d7e5a7092d7a,2021-03-05T00:00:00.000Z
64effb557c52d7e5a7092d7b,2021-03-08T00:00:00.000Z
64effb557c52d7e5a7092d7c,2021-03-09T00:00:00.000Z
64effb557c52d7e5a7092d7d,2021-03-10T00:00:00.000Z
64effb557c52d7e5a7092d7e,2021-03-11T00:00:00.000Z
64effb557c52d7e5a7092d7f,2021-03-12T00:00:00.000Z
64effb557c52d7e5a7092d80,2021-03-15T00:00:00.000Z
64effb557c52d7e5a7092d81,2021-03-16T00:00:00.000Z
64effb557c52d7e5a7092d82,2021-03-17T00:00:00.000Z
64effb557c52d7e5a7092d83,2021-03-18T00:00:00.000Z
64effb557c52d7e5a7092d84,2021-03-19T00:00:00.000Z
64effb557c52d7e5a7092d85,2021-03-22T00:00:00.000Z
64effb557c52d7e5a7092d86,2021-03-23T00:00:00.000Z
64effb557c52d7e5a7092d87,2021-03-24T00:00:00.000Z
64effb557c52d7e5a7092d88,2021-03-25T00:00:00.000Z
64effb557c52d7e5a7092d89,2021-03-26T00:00:00.000Z
64effb557c52d7e5a7092d8a,2021-03-29T00:00:00.000Z
64effb557c52d7e5a7092d8b,2021-03-30T00:00:00.000Z
64effb557c52d7e5a7092d8c,2021-03-31T00:00:00.000Z
64effb557c52d7e5a7092d8d,2021-04-01T00:00:00.000Z
64effb557c52d7e5a7092d8e,2021-04-02T00:00:00.000Z
64effb557c52d7e5a7092d8f,2021-04-06T00:00:00.000Z
64effb557c52d7e5a7092d90,2021-04-07T00:00:00.000Z
64effb557c52d7e5a7092d91,2021-04-08T00:00:00.000Z
64effb557c52d7e5a7092d92,2021-04-09T00:00:00.000Z
64effb557c52d7e5a7092d93,2021-04-12T00:00:00.000Z
64effb557c52d7e5a7092d94,2021-04-13T00:00:00.000Z
64effb557c52d7e5a7092d95,2021-04-14T00:00:00.000Z
64effb557c52d7e5a7092d96,2021-04-15T00:00:00.000Z
64effb557c52d7e5a7092d97,2021-04-16T00:00:00.000Z
64effb557c52d7e5a7092d98,2021-04-19T00:00:00.000Z
64effb557c52d7e5a7092d99,2021-04-20T00:00:00.000Z
64effb557c52d7e5a7092d9a,2021-04-21T00:00:00.000Z
64effb557c52d7e5a7092d9b,2021-04-22T00:00:00.000Z
64effb557c52d7e5a7092d9c,2021-04-23T00:00:00.000Z
64effb557c52d7e5a7092d9d,2021-04-26T00:00:00.000Z
64effb557c52d7e5a7092d9e,2021-04-27T00:00:00.000Z
64effb557c52d7e5a7092d9f,2021-04-28T00:00:00.000Z
64effb557c52d7e5a7092da0,2021-04-29T00:00:00.000Z
64effb557c52d7e5a7092da1,2021-04-30T00:00:00.000Z
64effb557c52d7e5a7092da2,2021-05-06T00:00:00.000Z
64effb557c52d7e5a7092da3,2021-05-07T00:00:00.000Z
64effb557c52d7e5a7092da4,2021-05-10T00:00:00.000Z
64effb557c52d7e5a7092da5,2021-05-11T00:00:00.000Z
64effb557c52d7e5a7092da6,2021-05-12T00:00:00.000Z
64effb557c52d7e5a7092da7,2021-05-13T00:00:00.000Z
64effb557c52d7e5a7092da8,2021-05-14T00:00:00.000Z
64effb557c52d7e5a7092da9,2021-05-17T00:00:00.000Z
64effb557c52d7e5a7092daa,2021-05-18T00:00:00.000Z
64effb557c52d7e5a7092dab,2021-05-19T00:00:00.000Z
64effb557c52d7e5a7092dac,2021-05-20T00:00:00.000Z
64effb557c52d7e5a7092dad,2021-05-21T00:00:00.000Z
64effb557c52d7e5a7092dae,2021-05-24T00:00:00.000Z
64effb557c52d7e5a7092daf,2021-05-25T00:00:00.000Z
64effb557c52d7e5a7092db0,2021-05-26T00:00:00.000Z
64effb557c52d7e5a7092db1,2021-05-27T00:00:00.000Z
64effb557c52d7e5a7092db2,2021-05-28T00:00:00.000Z
64effb557c52d7e5a7092db3,2021-05-31T00:00:00.000Z
64effb557c52d7e5a7092db4,2021-06-01T00:00:00.000Z
64effb557c52d7e5a7092db5,2021-06-02T00:00:00.000Z
64effb557c52d7e5a7092db6,2021-06-03T00:00:00.000Z
64effb557c52d7e5a7092db7,2021-06-04T00:00:00.000Z
64effb557c52d7e5a7092db8,2021-06-07T00:00:00.000Z
64effb557c52d7e5a7092db9,2021-06-08T00:00:00.000Z
64effb557c52d7e5a7092dba,2021-06-09T00:00:00.000Z
64effb557c52d7e5a7092dbb,2021-06-10T00:00:00.000Z
64effb557c52d7e5a7092dbc,2021-06-11T00:00:00.000Z
64effb557c52d7e5a7092dbd,2021-06-15T00:00:00.000Z
64effb557c52d7e5a7092dbe,2021-06-16T00:00:00.000Z
64effb557c52d7e5a7092dbf,2021-06-17T00:00:00.000Z
64effb557c52d7e5a7092dc0,2021-06-18T00:00:00.000Z
64effb557c52d7e5a7092dc1,2021-06-21T00:00:00.000Z
64effb557c52d7e5a7092dc2,2021-06-22T00:00:00.000Z
64effb557c52d7e5a7092dc3,2021-06-23T00:00:00.000Z
64effb557c52d7e5a7092dc4,2021-06-24T00:00:00.000Z
64effb557c52d7e5a7092dc5,2021-06-25T00:00:00.000Z
64effb557c52d7e5a7092dc6,2021-06-28T00:00:00.000Z
64effb557c52d7e5a7092dc7,2021-06-29T00:00:00.000Z
64effb557c52d7e5a7092dc8,2021-06-30T00:00:00.000Z
64effb557c52d7e5a7092dc9,2021-07-01T00:00:00.000Z
64effb557c52d7e5a7092dca,2021-07-02T00:00:00.000Z
64effb557c52d7e5a7092dcb,2021-07-05T00:00:00.000Z
64effb557c52d7e5a7092dcc,2021-07-06T00:00:00.000Z
64effb557c52d7e5a7092dcd,2021-07-07T00:00:00.000Z
64effb557c52d7e5a7092dce,2021-07-08T00:00:00.000Z
64effb557c52d7e5a7092dcf,2021-07-09T00:00:00.000Z
64effb557c52d7e5a7092dd0,2021-07-12T00:00:00.000Z
64effb557c52d7e5a7092dd1,2021-07-13T00:00:00.000Z
64effb557c52d7e5a7092dd2,2021-07-14T00:00:00.000Z
64effb557c52d7e5a7092dd3,2021-07-15T00:00:00.000Z
64effb557c52d7e5a7092dd4,2021-07-16T00:00:00.000Z
64effb557c52d7e5a7092dd5,2021-07-19T00:00:00.000Z
64effb557c52d7e5a7092dd6,2021-07-20T00:00:00.000Z
64effb557c52d7e5a7092dd7,2021-07-21T00:00:00.000Z
64effb557c52d7e5a7092dd8,2021-07-22T00:00:00.000Z
64effb557c52d7e5a7092dd9,2021-07-23T00:00:00.000Z
64effb557c52d7e5a7092dda,2021-07-26T00:00:00.000Z
64effb557c52d7e5a7092ddb,2021-07-27T00:00:00.000Z
64effb557c52d7e5a7092ddc,2021-07-28T00:00:00.000Z
64effb557c52d7e5a7092ddd,2021-07-29T00:00:00.000Z
64effb557c52d7e5a7092dde,2021-07-30T00:00:00.000Z
64effb557c52d7e5a7092ddf,2021-08-02T00:00:00.000Z
64effb557c52d7e5a7092de0,2021-08-03T00:00:00.000Z
64effb557c52d7e5a7092de1,2021-08-04T00:00:00.000Z
64effb557c52d7e5a7092de2,2021-08-05T00:00:00.000Z
64effb557c52d7e5a7092de3,2021-08-06T00:00:00.000Z
64effb557c52d7e5a7092de4,2021-08-09T00:00:00.000Z
64effb557c52d7e5a7092de5,2021-08-10T00:00:00.000Z
64effb557c52d7e5a7092de6,2021-08-11T00:00:00.000Z
64effb557c52d7e5a7092de7,2021-08-12T00:00:00.000Z
64effb557c52d7e5a7092de8,2021-08-13T00:00:00.000Z
64effb557c52d7e5a7092de9,2021-08-16T00:00:00.000Z
64effb557c52d7e5a7092dea,2021-08-17T00:00:00.000Z
64effb557c52d7e5a7092deb,2021-08-18T00:00:00.000Z
64effb557c52d7e5a7092dec,2021-08-19T00:00:00.000Z
64effb557c52d7e5a7092ded,2021-08-20T00:00:00.000Z
64effb557c52d7e5a7092dee,2021-08-23T00:00:00.000Z
64effb557c52d7e5a7092def,2021-08-24T00:00:00.000Z
64effb557c52d7e5a7092df0,2021-08-25T00:00:00.000Z
64effb557c52d7e5a7092df1,2021-08-26T00:00:00.000Z
64effb557c52d7e5a7092df2,2021-08-27T00:00:00.000Z
64effb557c52d7e5a7092df3,2021-08-30T00:00:00.000Z
64effb557c52d7e5a7092df4,2021-08-31T00:00:00.000Z
64effb557c52d7e5a7092df5,2021-09-01T00:00:00.000Z
64effb557c52d7e5a7092df6,2021-09-02T00:00:00.000Z
64effb557c52d7e5a7092df7,2021-09-03T00:00:00.000Z
64effb557c52d7e5a7092df8,2021-09-06T00:00:00.000Z
64effb557c52d7e5a7092df9,2021-09-07T00:00:00.000Z
64effb557c52d7e5a7092dfa,2021-09-08T00:00:00.000Z
64effb557c52d7e5a7092dfb,2021-09-09T00:00:00.000Z
64effb557c52d7e5a7092dfc,2021-09-10T00:00:00.000Z
64effb557c52d7e5a7092dfd,2021-09-13T00:00:00.000Z
64effb557c52d7e5a7092dfe,2021-09-14T00:00:00.000Z
64effb557c52d7e5a7092dff,2021-09-15T00:00:00.000Z
64effb557c52d7e5a7092e00,2021-09-16T00:00:00.000Z
64effb557c52d7e5a7092e01,2021-09-17T00:00:00.000Z
64effb557c52d7e5a7092e02,2021-09-22T00:00:00.000Z
64effb557c52d7e5a7092e03,2021-09-23T00:00:00.000Z
64effb557c52d7e5a7092e04,2021-09-24T00:00:00.000Z
64effb557c52d7e5a7092e05,2021-09-27T00:00:00.000Z
64effb557c52d7e5a7092e06,2021-09-28T00:00:00.000Z
64effb557c52d7e5a7092e07,2021-09-29T00:00:00.000Z
64effb557c52d7e5a7092e08,2021-09-30T00:00:00.000Z
64effb557c52d7e5a7092e09,2021-10-08T00:00:00.000Z
64effb557c52d7e5a7092e0a,2021-10-11T00:00:00.000Z
64effb557c52d7e5a7092e0b,2021-10-12T00:00:00.000Z
64effb557c52d7e5a7092e0c,2021-10-13T00:00:00.000Z
64effb557c52d7e5a7092e0d,2021-10-14T00:00:00.000Z
64effb557c52d7e5a7092e0e,2021-10-15T00:00:00.000Z
64effb557c52d7e5a7092e0f,2021-10-18T00:00:00.000Z
64effb557c52d7e5a7092e10,2021-10-19T00:00:00.000Z
64effb557c52d7e5a7092e11,2021-10-20T00:00:00.000Z
64effb557c52d7e5a7092e12,2021-10-21T00:00:00.000Z
64effb557c52d7e5a7092e13,2021-10-22T00:00:00.000Z
64effb557c52d7e5a7092e14,2021-10-25T00:00:00.000Z
64effb557c52d7e5a7092e15,2021-10-26T00:00:00.000Z
64effb557c52d7e5a7092e16,2021-10-27T00:00:00.000Z
64effb557c52d7e5a7092e17,2021-10-28T00:00:00.000Z
64effb557c52d7e5a7092e18,2021-10-29T00:00:00.000Z
64effb557c52d7e5a7092e19,2021-11-01T00:00:00.000Z
64effb557c52d7e5a7092e1a,2021-11-02T00:00:00.000Z
64effb557c52d7e5a7092e1b,2021-11-03T00:00:00.000Z
64effb557c52d7e5a7092e1c,2021-11-04T00:00:00.000Z
64effb557c52d7e5a7092e1d,2021-11-05T00:00:00.000Z
64effb557c52d7e5a7092e1e,2021-11-08T00:00:00.000Z
64effb557c52d7e5a7092e1f,2021-11-09T00:00:00.000Z
64effb557c52d7e5a7092e20,2021-11-10T00:00:00.000Z
64effb557c52d7e5a7092e21,2021-11-11T00:00:00.000Z
64effb557c52d7e5a7092e22,2021-11-12T00:00:00.000Z
64effb557c52d7e5a7092e23,2021-11-15T00:00:00.000Z
64effb557c52d7e5a7092e24,2021-11-16T00:00:00.000Z
64effb557c52d7e5a7092e25,2021-11-17T00:00:00.000Z
64effb557c52d7e5a7092e26,2021-11-18T00:00:00.000Z
64effb557c52d7e5a7092e27,2021-11-19T00:00:00.000Z
64effb557c52d7e5a7092e28,2021-11-22T00:00:00.000Z
64effb557c52d7e5a7092e29,2021-11-23T00:00:00.000Z
64effb557c52d7e5a7092e2a,2021-11-24T00:00:00.000Z
64effb557c52d7e5a7092e2b,2021-11-25T00:00:00.000Z
64effb557c52d7e5a7092e2c,2021-11-26T00:00:00.000Z
64effb557c52d7e5a7092e2d,2021-11-29T00:00:00.000Z
64effb557c52d7e5a7092e2e,2021-11-30T00:00:00.000Z
64effb557c52d7e5a7092e2f,2021-12-01T00:00:00.000Z
64effb557c52d7e5a7092e30,2021-12-02T00:00:00.000Z
64effb557c52d7e5a7092e31,2021-12-03T00:00:00.000Z
64effb557c52d7e5a7092e32,2021-12-06T00:00:00.000Z
64effb557c52d7e5a7092e33,2021-12-07T00:00:00.000Z
64effb557c52d7e5a7092e34,2021-12-08T00:00:00.000Z
64effb557c52d7e5a7092e35,2021-12-09T00:00:00.000Z
64effb557c52d7e5a7092e36,2021-12-10T00:00:00.000Z
64effb557c52d7e5a7092e37,2021-12-13T00:00:00.000Z
64effb557c52d7e5a7092e38,2021-12-14T00:00:00.000Z
64effb557c52d7e5a7092e39,2021-12-15T00:00:00.000Z
64effb557c52d7e5a7092e3a,2021-12-16T00:00:00.000Z
64effb557c52d7e5a7092e3b,2021-12-17T00:00:00.000Z
64effb557c52d7e5a7092e3c,2021-12-20T00:00:00.000Z
64effb557c52d7e5a7092e3d,2021-12-21T00:00:00.000Z
64effb557c52d7e5a7092e3e,2021-12-22T00:00:00.000Z
64effb557c52d7e5a7092e3f,2021-12-23T00:00:00.000Z
64effb557c52d7e5a7092e40,2021-12-24T00:00:00.000Z
64effb557c52d7e5a7092e41,2021-12-27T00:00:00.000Z
64effb557c52d7e5a7092e42,2021-12-28T00:00:00.000Z
64effb557c52d7e5a7092e43,2021-12-29T00:00:00.000Z
64effb557c52d7e5a7092e44,2021-12-30T00:00:00.000Z
64effb557c52d7e5a7092e45,2021-12-31T00:00:00.000Z
64effb557c52d7e5a7092e46,2022-01-04T00:00:00.000Z
64effb557c52d7e5a7092e47,2022-01-05T00:00:00.000Z
64effb557c52d7e5a7092e48,2022-01-06T00:00:00.000Z
64effb557c52d7e5a7092e49,2022-01-07T00:00:00.000Z
64effb557c52d7e5a7092e4a,2022-01-10T00:00:00.000Z
64effb557c52d7e5a7092e4b,2022-01-11T00:00:00.000Z
64effb557c52d7e5a7092e4c,2022-01-12T00:00:00.000Z
64effb557c52d7e5a7092e4d,2022-01-13T00:00:00.000Z
64effb557c52d7e5a7092e4e,2022-01-14T00:00:00.000Z
64effb557c52d7e5a7092e4f,2022-01-17T00:00:00.000Z
64effb557c52d7e5a7092e50,2022-01-18T00:00:00.000Z
64effb557c52d7e5a7092e51,2022-01-19T00:00:00.000Z
64effb557c52d7e5a7092e52,2022-01-20T00:00:00.000Z
64effb557c52d7e5a7092e53,2022-01-21T00:00:00.000Z
64effb557c52d7e5a7092e54,2022-01-24T00:00:00.000Z
64effb557c52d7e5a7092e55,2022-01-25T00:00:00.000Z
64effb557c52d7e5a7092e56,2022-01-26T00:00:00.000Z
64effb557c52d7e5a7092e57,2022-01-27T00:00:00.000Z
64effb557c52d7e5a7092e58,2022-01-28T00:00:00.000Z
64effb557c52d7e5a7092e59,2022-02-07T00:00:00.000Z
64effb557c52d7e5a7092e5a,2022-02-08T00:00:00.000Z
64effb557c52d7e5a7092e5b,2022-02-09T00:00:00.000Z
64effb557c52d7e5a7092e5c,2022-02-10T00:00:00.000Z
64effb557c52d7e5a7092e5d,2022-02-11T00:00:00.000Z
64effb557c52d7e5a7092e5e,2022-02-14T00:00:00.000Z
64effb557c52d7e5a7092e5f,2022-02-15T00:00:00.000Z
64effb557c52d7e5a7092e60,2022-02-16T00:00:00.000Z
64effb557c52d7e5a7092e61,2022-02-17T00:00:00.000Z
64effb557c52d7e5a7092e62,2022-02-18T00:00:00.000Z
64effb557c52d7e5a7092e63,2022-02-21T00:00:00.000Z
64effb557c52d7e5a7092e64,2022-02-22T00:00:00.000Z
64effb557c52d7e5a7092e65,2022-02-23T00:00:00.000Z
64effb557c52d7e5a7092e66,2022-02-24T00:00:00.000Z
64effb557c52d7e5a7092e67,2022-02-25T00:00:00.000Z
64effb557c52d7e5a7092e68,2022-02-28T00:00:00.000Z
64effb557c52d7e5a7092e69,2022-03-01T00:00:00.000Z
64effb557c52d7e5a7092e6a,2022-03-02T00:00:00.000Z
64effb557c52d7e5a7092e6b,2022-03-03T00:00:00.000Z
64effb557c52d7e5a7092e6c,2022-03-04T00:00:00.000Z
64effb557c52d7e5a7092e6d,2022-03-07T00:00:00.000Z
64effb557c52d7e5a7092e6e,2022-03-08T00:00:00.000Z
64effb557c52d7e5a7092e6f,2022-03-09T00:00:00.000Z
64effb557c52d7e5a7092e70,2022-03-10T00:00:00.000Z
64effb557c52d7e5a7092e71,2022-03-11T00:00:00.000Z
64effb557c52d7e5a7092e72,2022-03-14T00:00:00.000Z
64effb557c52d7e5a7092e73,2022-03-15T00:00:00.000Z
64effb557c52d7e5a7092e74,2022-03-16T00:00:00.000Z
64effb557c52d7e5a7092e75,2022-03-17T00:00:00.000Z
64effb557c52d7e5a7092e76,2022-03-18T00:00:00.000Z
64effb557c52d7e5a7092e77,2022-03-21T00:00:00.000Z
64effb557c52d7e5a7092e78,2022-03-22T00:00:00.000Z
64effb557c52d7e5a7092e79,2022-03-23T00:00:00.000Z
64effb557c52d7e5a7092e7a,2022-03-24T00:00:00.000Z
64effb557c52d7e5a7092e7b,2022-03-25T00:00:00.000Z
64effb557c52d7e5a7092e7c,2022-03-28T00:00:00.000Z
64effb557c52d7e5a7092e7d,2022-03-29T00:00:00.000Z
64effb557c52d7e5a7092e7e,2022-03-30T00:00:00.000Z
64effb557c52d7e5a7092e7f,2022-03-31T00:00:00.000Z
64effb557c52d7e5a7092e80,2022-04-01T00:00:00.000Z
64effb557c52d7e5a7092e81,2022-04-06T00:00:00.000Z
64effb557c52d7e5a7092e82,2022-04-07T00:00:00.000Z
64effb557c52d7e5a7092e83,2022-04-08T00:00:00.000Z
64effb557c52d7e5a7092e84,2022-04-11T00:00:00.000Z
64effb557c52d7e5a7092e85,2022-04-12T00:00:00.000Z
64effb557c52d7e5a7092e86,2022-04-13T00:00:00.000Z
64effb557c52d7e5a7092e87,2022-04-14T00:00:00.000Z
64effb557c52d7e5a7092e88,2022-04-15T00:00:00.000Z
64effb557c52d7e5a7092e89,2022-04-18T00:00:00.000Z
64effb557c52d7e5a7092e8a,2022-04-19T00:00:00.000Z
64effb557c52d7e5a7092e8b,2022-04-20T00:00:00.000Z
64effb557c52d7e5a7092e8c,2022-04-21T00:00:00.000Z
64effb557c52d7e5a7092e8d,2022-04-22T00:00:00.000Z
64effb557c52d7e5a7092e8e,2022-04-25T00:00:00.000Z
64effb557c52d7e5a7092e8f,2022-04-26T00:00:00.000Z
64effb557c52d7e5a7092e90,2022-04-27T00:00:00.000Z
64effb557c52d7e5a7092e91,2022-04-28T00:00:00.000Z
64effb557c52d7e5a7092e92,2022-04-29T00:00:00.000Z
64effb557c52d7e5a7092e93,2022-05-05T00:00:00.000Z
64effb557c52d7e5a7092e94,2022-05-06T00:00:00.000Z
64effb557c52d7e5a7092e95,2022-05-09T00:00:00.000Z
64effb557c52d7e5a7092e96,2022-05-10T00:00:00.000Z
64effb557c52d7e5a7092e97,2022-05-11T00:00:00.000Z
64effb557c52d7e5a7092e98,2022-05-12T00:00:00.000Z
64effb557c52d7e5a7092e99,2022-05-13T00:00:00.000Z
64effb557c52d7e5a7092e9a,2022-05-16T00:00:00.000Z
64effb557c52d7e5a7092e9b,2022-05-17T00:00:00.000Z
64effb557c52d7e5a7092e9c,2022-05-18T00:00:00.000Z
64effb557c52d7e5a7092e9d,2022-05-19T00:00:00.000Z
64effb557c52d7e5a7092e9e,2022-05-20T00:00:00.000Z
64effb557c52d7e5a7092e9f,2022-05-23T00:00:00.000Z
64effb557c52d7e5a7092ea0,2022-05-24T00:00:00.000Z
64effb557c52d7e5a7092ea1,2022-05-25T00:00:00.000Z
64effb557c52d7e5a7092ea2,2022-05-26T00:00:00.000Z
64effb557c52d7e5a7092ea3,2022-05-27T00:00:00.000Z
64effb557c52d7e5a7092ea4,2022-05-30T00:00:00.000Z
64effb557c52d7e5a7092ea5,2022-05-31T00:00:00.000Z
64effb557c52d7e5a7092ea6,2022-06-01T00:00:00.000Z
64effb557c52d7e5a7092ea7,2022-06-02T00:00:00.000Z
64effb557c52d7e5a7092ea8,2022-06-06T00:00:00.000Z
64effb557c52d7e5a7092ea9,2022-06-07T00:00:00.000Z
64effb557c52d7e5a7092eaa,2022-06-08T00:00:00.000Z
64effb557c52d7e5a7092eab,2022-06-09T00:00:00.000Z
64effb557c52d7e5a7092eac,2022-06-10T00:00:00.000Z
64effb557c52d7e5a7092ead,2022-06-13T00:00:00.000Z
64effb557c52d7e5a7092eae,2022-06-14T00:00:00.000Z
64effb557c52d7e5a7092eaf,2022-06-15T00:00:00.000Z
64effb557c52d7e5a7092eb0,2022-06-16T00:00:00.000Z
64effb557c52d7e5a7092eb1,2022-06-17T00:00:00.000Z
64effb557c52d7e5a7092eb2,2022-06-20T00:00:00.000Z
64effb557c52d7e5a7092eb3,2022-06-21T00:00:00.000Z
64effb557c52d7e5a7092eb4,2022-06-22T00:00:00.000Z
64effb557c52d7e5a7092eb5,2022-06-23T00:00:00.000Z
64effb557c52d7e5a7092eb6,2022-06-24T00:00:00.000Z
64effb557c52d7e5a7092eb7,2022-06-27T00:00:00.000Z
64effb557c52d7e5a7092eb8,2022-06-28T00:00:00.000Z
64effb557c52d7e5a7092eb9,2022-06-29T00:00:00.000Z
64effb557c52d7e5a7092eba,2022-06-30T00:00:00.000Z
64effb557c52d7e5a7092ebb,2022-07-01T00:00:00.000Z
64effb557c52d7e5a7092ebc,2022-07-04T00:00:00.000Z
64effb557c52d7e5a7092ebd,2022-07-05T00:00:00.000Z
64effb557c52d7e5a7092ebe,2022-07-06T00:00:00.000Z
64effb557c52d7e5a7092ebf,2022-07-07T00:00:00.000Z
64effb557c52d7e5a7092ec0,2022-07-08T00:00:00.000Z
64effb557c52d7e5a7092ec1,2022-07-11T00:00:00.000Z
64effb557c52d7e5a7092ec2,2022-07-12T00:00:00.000Z
64effb557c52d7e5a7092ec3,2022-07-13T00:00:00.000Z
64effb557c52d7e5a7092ec4,2022-07-14T00:00:00.000Z
64effb557c52d7e5a7092ec5,2022-07-15T00:00:00.000Z
64effb557c52d7e5a7092ec6,2022-07-18T00:00:00.000Z
64effb557c52d7e5a7092ec7,2022-07-19T00:00:00.000Z
64effb557c52d7e5a7092ec8,2022-07-20T00:00:00.000Z
64effb557c52d7e5a7092ec9,2022-07-21T00:00:00.000Z
64effb557c52d7e5a7092eca,2022-07-22T00:00:00.000Z
64effb557c52d7e5a7092ecb,2022-07-25T00:00:00.000Z
64effb557c52d7e5a7092ecc,2022-07-26T00:00:00.000Z
64effb557c52d7e5a7092ecd,2022-07-27T00:00:00.000Z
64effb557c52d7e5a7092ece,2022-07-28T00:00:00.000Z
64effb557c52d7e5a7092ecf,2022-07-29T00:00:00.000Z
64effb557c52d7e5a7092ed0,2022-08-01T00:00:00.000Z
64effb557c52d7e5a7092ed1,2022-08-02T00:00:00.000Z
64effb557c52d7e5a7092ed2,2022-08-03T00:00:00.000Z
64effb557c52d7e5a7092ed3,2022-08-04T00:00:00.000Z
64effb557c52d7e5a7092ed4,2022-08-05T00:00:00.000Z
64effb557c52d7e5a7092ed5,2022-08-08T00:00:00.000Z
64effb557c52d7e5a7092ed6,2022-08-09T00:00:00.000Z
64effb557c52d7e5a7092ed7,2022-08-10T00:00:00.000Z
64effb557c52d7e5a7092ed8,2022-08-11T00:00:00.000Z
64effb557c52d7e5a7092ed9,2022-08-12T00:00:00.000Z
64effb557c52d7e5a7092eda,2022-08-15T00:00:00.000Z
64effb557c52d7e5a7092edb,2022-08-16T00:00:00.000Z
64effb557c52d7e5a7092edc,2022-08-17T00:00:00.000Z
64effb557c52d7e5a7092edd,2022-08-18T00:00:00.000Z
64effb557c52d7e5a7092ede,2022-08-19T00:00:00.000Z
64effb557c52d7e5a7092edf,2022-08-22T00:00:00.000Z
64effb557c52d7e5a7092ee0,2022-08-23T00:00:00.000Z
64effb557c52d7e5a7092ee1,2022-08-24T00:00:00.000Z
64effb557c52d7e5a7092ee2,2022-08-25T00:00:00.000Z
64effb557c52d7e5a7092ee3,2022-08-26T00:00:00.000Z
64effb557c52d7e5a7092ee4,2022-08-29T00:00:00.000Z
64effb557c52d7e5a7092ee5,2022-08-30T00:00:00.000Z
64effb557c52d7e5a7092ee6,2022-08-31T00:00:00.000Z
64effb557c52d7e5a7092ee7,2022-09-01T00:00:00.000Z
64effb557c52d7e5a7092ee8,2022-09-02T00:00:00.000Z
64effb557c52d7e5a7092ee9,2022-09-05T00:00:00.000Z
64effb557c52d7e5a7092eea,2022-09-06T00:00:00.000Z
64effb557c52d7e5a7092eeb,2022-09-07T00:00:00.000Z
64effb557c52d7e5a7092eec,2022-09-08T00:00:00.000Z
64effb557c52d7e5a7092eed,2022-09-09T00:00:00.000Z
64effb557c52d7e5a7092eee,2022-09-13T00:00:00.000Z
64effb557c52d7e5a7092eef,2022-09-14T00:00:00.000Z
64effb557c52d7e5a7092ef0,2022-09-15T00:00:00.000Z
64effb557c52d7e5a7092ef1,2022-09-16T00:00:00.000Z
64effb557c52d7e5a7092ef2,2022-09-19T00:00:00.000Z
64effb557c52d7e5a7092ef3,2022-09-20T00:00:00.000Z
64effb557c52d7e5a7092ef4,2022-09-21T00:00:00.000Z
64effb557c52d7e5a7092ef5,2022-09-22T00:00:00.000Z
64effb557c52d7e5a7092ef6,2022-09-23T00:00:00.000Z
64effb557c52d7e5a7092ef7,2022-09-26T00:00:00.000Z
64effb557c52d7e5a7092ef8,2022-09-27T00:00:00.000Z
64effb557c52d7e5a7092ef9,2022-09-28T00:00:00.000Z
64effb557c52d7e5a7092efa,2022-09-29T00:00:00.000Z
64effb557c52d7e5a7092efb,2022-09-30T00:00:00.000Z
64effb557c52d7e5a7092efc,2022-10-10T00:00:00.000Z
64effb557c52d7e5a7092efd,2022-10-11T00:00:00.000Z
64effb557c52d7e5a7092efe,2022-10-12T00:00:00.000Z
64effb557c52d7e5a7092eff,2022-10-13T00:00:00.000Z
64effb557c52d7e5a7092f00,2022-10-14T00:00:00.000Z
64effb557c52d7e5a7092f01,2022-10-17T00:00:00.000Z
64effb557c52d7e5a7092f02,2022-10-18T00:00:00.000Z
64effb557c52d7e5a7092f03,2022-10-19T00:00:00.000Z
64effb557c52d7e5a7092f04,2022-10-20T00:00:00.000Z
64effb557c52d7e5a7092f05,2022-10-21T00:00:00.000Z
64effb557c52d7e5a7092f06,2022-10-24T00:00:00.000Z
64effb557c52d7e5a7092f07,2022-10-25T00:00:00.000Z
64effb557c52d7e5a7092f08,2022-10-26T00:00:00.000Z
64effb557c52d7e5a7092f09,2022-10-27T00:00:00.000Z
64effb557c52d7e5a7092f0a,2022-10-28T00:00:00.000Z
64effb557c52d7e5a7092f0b,2022-10-31T00:00:00.000Z
64effb557c52d7e5a7092f0c,2022-11-01T00:00:00.000Z
64effb557c52d7e5a7092f0d,2022-11-02T00:00:00.000Z
64effb557c52d7e5a7092f0e,2022-11-03T00:00:00.000Z
64effb557c52d7e5a7092f0f,2022-11-04T00:00:00.000Z
64effb557c52d7e5a7092f10,2022-11-07T00:00:00.000Z
64effb557c52d7e5a7092f11,2022-11-08T00:00:00.000Z
64effb557c52d7e5a7092f12,2022-11-09T00:00:00.000Z
64effb557c52d7e5a7092f13,2022-11-10T00:00:00.000Z
64effb557c52d7e5a7092f14,2022-11-11T00:00:00.000Z
64effb557c52d7e5a7092f15,2022-11-14T00:00:00.000Z
64effb557c52d7e5a7092f16,2022-11-15T00:00:00.000Z
64effb557c52d7e5a7092f17,2022-11-16T00:00:00.000Z
64effb557c52d7e5a7092f18,2022-11-17T00:00:00.000Z
64effb557c52d7e5a7092f19,2022-11-18T00:00:00.000Z
64effb557c52d7e5a7092f1a,2022-11-21T00:00:00.000Z
64effb557c52d7e5a7092f1b,2022-11-22T00:00:00.000Z
64effb557c52d7e5a7092f1c,2022-11-23T00:00:00.000Z
64effb557c52d7e5a7092f1d,2022-11-24T00:00:00.000Z
64effb557c52d7e5a7092f1e,2022-11-25T00:00:00.000Z
64effb557c52d7e5a7092f1f,2022-11-28T00:00:00.000Z
64effb557c52d7e5a7092f20,2022-11-29T00:00:00.000Z
64effb557c52d7e5a7092f21,2022-11-30T00:00:00.000Z
64effb557c52d7e5a7092f22,2022-12-01T00:00:00.000Z
64effb557c52d7e5a7092f23,2022-12-02T00:00:00.000Z
64effb557c52d7e5a7092f24,2022-12-05T00:00:00.000Z
64effb557c52d7e5a7092f25,2022-12-06T00:00:00.000Z
64effb557c52d7e5a7092f26,2022-12-07T00:00:00.000Z
64effb557c52d7e5a7092f27,2022-12-08T00:00:00.000Z
64effb557c52d7e5a7092f28,2022-12-09T00:00:00.000Z
64effb557c52d7e5a7092f29,2022-12-12T00:00:00.000Z
64effb557c52d7e5a7092f2a,2022-12-13T00:00:00.000Z
64effb557c52d7e5a7092f2b,2022-12-14T00:00:00.000Z
64effb557c52d7e5a7092f2c,2022-12-15T00:00:00.000Z
64effb557c52d7e5a7092f2d,2022-12-16T00:00:00.000Z
64effb557c52d7e5a7092f2e,2022-12-19T00:00:00.000Z
64effb557c52d7e5a7092f2f,2022-12-20T00:00:00.000Z
64effb557c52d7e5a7092f30,2022-12-21T00:00:00.000Z
64effb557c52d7e5a7092f31,2022-12-22T00:00:00.000Z
64effb557c52d7e5a7092f32,2022-12-23T00:00:00.000Z
64effb557c52d7e5a7092f33,2022-12-26T00:00:00.000Z
64effb557c52d7e5a7092f34,2022-12-27T00:00:00.000Z
64effb557c52d7e5a7092f35,2022-12-28T00:00:00.000Z
64effb557c52d7e5a7092f36,2022-12-29T00:00:00.000Z
64effb557c52d7e5a7092f37,2022-12-30T00:00:00.000Z
64effb557c52d7e5a7092f38,2023-01-03T00:00:00.000Z
64effb557c52d7e5a7092f39,2023-01-04T00:00:00.000Z
64effb557c52d7e5a7092f3a,2023-01-05T00:00:00.000Z
64effb557c52d7e5a7092f3b,2023-01-06T00:00:00.000Z
64effb557c52d7e5a7092f3c,2023-01-09T00:00:00.000Z
64effb557c52d7e5a7092f3d,2023-01-10T00:00:00.000Z
64effb557c52d7e5a7092f3e,2023-01-11T00:00:00.000Z
64effb557c52d7e5a7092f3f,2023-01-12T00:00:00.000Z
64effb557c52d7e5a7092f40,2023-01-13T00:00:00.000Z
64effb557c52d7e5a7092f41,2023-01-16T00:00:00.000Z
64effb557c52d7e5a7092f42,2023-01-17T00:00:00.000Z
64effb557c52d7e5a7092f43,2023-01-18T00:00:00.000Z
64effb557c52d7e5a7092f44,2023-01-19T00:00:00.000Z
64effb557c52d7e5a7092f45,2023-01-20T00:00:00.000Z
64effb557c52d7e5a7092f46,2023-01-30T00:00:00.000Z
64effb557c52d7e5a7092f47,2023-01-31T00:00:00.000Z
64effb557c52d7e5a7092f48,2023-02-01T00:00:00.000Z
64effb557c52d7e5a7092f49,2023-02-02T00:00:00.000Z
64effb557c52d7e5a7092f4a,2023-02-03T00:00:00.000Z
64effb557c52d7e5a7092f4b,2023-02-06T00:00:00.000Z
64effb557c52d7e5a7092f4c,2023-02-07T00:00:00.000Z
64effb557c52d7e5a7092f4d,2023-02-08T00:00:00.000Z
64effb557c52d7e5a7092f4e,2023-02-09T00:00:00.000Z
64effb557c52d7e5a7092f4f,2023-02-10T00:00:00.000Z
64effb557c52d7e5a7092f50,2023-02-13T00:00:00.000Z
64effb557c52d7e5a7092f51,2023-02-14T00:00:00.000Z
64effb557c52d7e5a7092f52,2023-02-15T00:00:00.000Z
64effb557c52d7e5a7092f53,2023-02-16T00:00:00.000Z
64effb557c52d7e5a7092f54,2023-02-17T00:00:00.000Z
64effb557c52d7e5a7092f55,2023-02-20T00:00:00.000Z
64effb557c52d7e5a7092f56,2023-02-21T00:00:00.000Z
64effb557c52d7e5a7092f57,2023-02-22T00:00:00.000Z
64effb557c52d7e5a7092f58,2023-02-23T00:00:00.000Z
64effb557c52d7e5a7092f59,2023-02-24T00:00:00.000Z
64effb557c52d7e5a7092f5a,2023-02-27T00:00:00.000Z
64effb557c52d7e5a7092f5b,2023-02-28T00:00:00.000Z
64effb557c52d7e5a7092f5c,2023-03-01T00:00:00.000Z
64effb557c52d7e5a7092f5d,2023-03-02T00:00:00.000Z
64effb557c52d7e5a7092f5e,2023-03-03T00:00:00.000Z
64effb557c52d7e5a7092f5f,2023-03-06T00:00:00.000Z
64effb557c52d7e5a7092f60,2023-03-07T00:00:00.000Z
64effb557c52d7e5a7092f61,2023-03-08T00:00:00.000Z
64effb557c52d7e5a7092f62,2023-03-09T00:00:00.000Z
64effb557c52d7e5a7092f63,2023-03-10T00:00:00.000Z
64effb557c52d7e5a7092f64,2023-03-13T00:00:00.000Z
64effb557c52d7e5a7092f65,2023-03-14T00:00:00.000Z
64effb557c52d7e5a7092f66,2023-03-15T00:00:00.000Z
64effb557c52d7e5a7092f67,2023-03-16T00:00:00.000Z
64effb557c52d7e5a7092f68,2023-03-17T00:00:00.000Z
64effb557c52d7e5a7092f69,2023-03-20T00:00:00.000Z
64effb557c52d7e5a7092f6a,2023-03-21T00:00:00.000Z
64effb557c52d7e5a7092f6b,2023-03-22T00:00:00.000Z
64effb557c52d7e5a7092f6c,2023-03-23T00:00:00.000Z
64effb557c52d7e5a7092f6d,2023-03-24T00:00:00.000Z
64effb557c52d7e5a7092f6e,2023-03-27T00:00:00.000Z
64effb557c52d7e5a7092f6f,2023-03-28T00:00:00.000Z
64effb557c52d7e5a7092f70,2023-03-29T00:00:00.000Z
64effb557c52d7e5a7092f71,2023-03-30T00:00:00.000Z
64effb557c52d7e5a7092f72,2023-03-31T00:00:00.000Z
64effb557c52d7e5a7092f73,2023-04-03T00:00:00.000Z
64effb557c52d7e5a7092f74,2023-04-04T00:00:00.000Z
64effb557c52d7e5a7092f75,2023-04-06T00:00:00.000Z
64effb557c52d7e5a7092f76,2023-04-07T00:00:00.000Z
64effb557c52d7e5a7092f77,2023-04-10T00:00:00.000Z
64effb557c52d7e5a7092f78,2023-04-11T00:00:00.000Z
64effb557c52d7e5a7092f79,2023-04-12T00:00:00.000Z
64effb557c52d7e5a7092f7a,2023-04-13T00:00:00.000Z
64effb557c52d7e5a7092f7b,2023-04-14T00:00:00.000Z
64effb557c52d7e5a7092f7c,2023-04-17T00:00:00.000Z
64effb557c52d7e5a7092f7d,2023-04-18T00:00:00.000Z
64effb557c52d7e5a7092f7e,2023-04-19T00:00:00.000Z
64effb557c52d7e5a7092f7f,2023-04-20T00:00:00.000Z
64effb557c52d7e5a7092f80,2023-04-21T00:00:00.000Z
64effb557c52d7e5a7092f81,2023-04-24T00:00:00.000Z
64effb557c52d7e5a7092f82,2023-04-25T00:00:00.000Z
64effb557c52d7e5a7092f83,2023-04-26T00:00:00.000Z
64effb557c52d7e5a7092f84,2023-04-27T00:00:00.000Z
64effb557c52d7e5a7092f85,2023-04-28T00:00:00.000Z
64effb557c52d7e5a7092f86,2023-05-04T00:00:00.000Z
64effb557c52d7e5a7092f87,2023-05-05T00:00:00.000Z
64effb557c52d7e5a7092f88,2023-05-08T00:00:00.000Z
64effb557c52d7e5a7092f89,2023-05-09T00:00:00.000Z
64effb557c52d7e5a7092f8a,2023-05-10T00:00:00.000Z
64effb557c52d7e5a7092f8b,2023-05-11T00:00:00.000Z
64effb557c52d7e5a7092f8c,2023-05-12T00:00:00.000Z
64effb557c52d7e5a7092f8d,2023-05-15T00:00:00.000Z
64effb557c52d7e5a7092f8e,2023-05-16T00:00:00.000Z
64effb557c52d7e5a7092f8f,2023-05-17T00:00:00.000Z
64effb557c52d7e5a7092f90,2023-05-18T00:00:00.000Z
64effb557c52d7e5a7092f91,2023-05-19T00:00:00.000Z
64effb557c52d7e5a7092f92,2023-05-22T00:00:00.000Z
64effb557c52d7e5a7092f93,2023-05-23T00:00:00.000Z
64effb557c52d7e5a7092f94,2023-05-24T00:00:00.000Z
64effb557c52d7e5a7092f95,2023-05-25T00:00:00.000Z
64effb557c52d7e5a7092f96,2023-05-26T00:00:00.000Z
64effb557c52d7e5a7092f97,2023-05-29T00:00:00.000Z
64effb557c52d7e5a7092f98,2023-05-30T00:00:00.000Z
64effb557c52d7e5a7092f99,2023-05-31T00:00:00.000Z
64effb557c52d7e5a7092f9a,2023-06-01T00:00:00.000Z
64effb557c52d7e5a7092f9b,2023-06-02T00:00:00.000Z
64effb557c52d7e5a7092f9c,2023-06-05T00:00:00.000Z
64effb557c52d7e5a7092f9d,2023-06-06T00:00:00.000Z
64effb557c52d7e5a7092f9e,2023-06-07T00:00:00.000Z
64effb557c52d7e5a7092f9f,2023-06-08T00:00:00.000Z
64effb557c52d7e5a7092fa0,2023-06-09T00:00:00.000Z
64effb557c52d7e5a7092fa1,2023-06-12T00:00:00.000Z
64effb557c52d7e5a7092fa2,2023-06-13T00:00:00.000Z
64effb557c52d7e5a7092fa3,2023-06-14T00:00:00.000Z
64effb557c52d7e5a7092fa4,2023-06-15T00:00:00.000Z
653b56b189f51c24f9c85579,2023-06-16T00:00:00.000Z
653b56b189f51c24f9c8557a,2023-06-19T00:00:00.000Z
653b56b189f51c24f9c8557b,2023-06-20T00:00:00.000Z
653b56b189f51c24f9c8557c,2023-06-21T00:00:00.000Z
653b56b189f51c24f9c8557d,2023-06-26T00:00:00.000Z
653b56b189f51c24f9c8557e,2023-06-27T00:00:00.000Z
653b56b189f51c24f9c8557f,2023-06-28T00:00:00.000Z
653b56b189f51c24f9c85580,2023-06-29T00:00:00.000Z
653b56b189f51c24f9c85581,2023-06-30T00:00:00.000Z
653b56b189f51c24f9c85582,2023-07-03T00:00:00.000Z
653b56b189f51c24f9c85583,2023-07-04T00:00:00.000Z
653b56b189f51c24f9c85584,2023-07-05T00:00:00.000Z
653b56b189f51c24f9c85585,2023-07-06T00:00:00.000Z
653b56b189f51c24f9c85586,2023-07-07T00:00:00.000Z
653b56b189f51c24f9c85587,2023-07-10T00:00:00.000Z
653b56b189f51c24f9c85588,2023-07-11T00:00:00.000Z
653b56b189f51c24f9c85589,2023-07-12T00:00:00.000Z
653b56b189f51c24f9c8558a,2023-07-13T00:00:00.000Z
653b56b189f51c24f9c8558b,2023-07-14T00:00:00.000Z
653b56b189f51c24f9c8558c,2023-07-17T00:00:00.000Z
653b56b189f51c24f9c8558d,2023-07-18T00:00:00.000Z
653b56b189f51c24f9c8558e,2023-07-19T00:00:00.000Z
653b56b189f51c24f9c8558f,2023-07-20T00:00:00.000Z
653b56b189f51c24f9c85590,2023-07-21T00:00:00.000Z
653b56b189f51c24f9c85591,2023-07-24T00:00:00.000Z
653b56b189f51c24f9c85592,2023-07-25T00:00:00.000Z
653b56b189f51c24f9c85593,2023-07-26T00:00:00.000Z
653b56b189f51c24f9c85594,2023-07-27T00:00:00.000Z
653b56b189f51c24f9c85595,2023-07-28T00:00:00.000Z
653b56b189f51c24f9c85596,2023-07-31T00:00:00.000Z
653b56b189f51c24f9c85597,2023-08-01T00:00:00.000Z
653b56b189f51c24f9c85598,2023-08-02T00:00:00.000Z
653b56b189f51c24f9c85599,2023-08-03T00:00:00.000Z
653b56b189f51c24f9c8559a,2023-08-04T00:00:00.000Z
653b56b189f51c24f9c8559b,2023-08-07T00:00:00.000Z
653b56b189f51c24f9c8559c,2023-08-08T00:00:00.000Z
653b56b189f51c24f9c8559d,2023-08-09T00:00:00.000Z
653b56b189f51c24f9c8559e,2023-08-10T00:00:00.000Z
653b56b189f51c24f9c8559f,2023-08-11T00:00:00.000Z
653b56b189f51c24f9c855a0,2023-08-14T00:00:00.000Z
653b56b189f51c24f9c855a1,2023-08-15T00:00:00.000Z
653b56b189f51c24f9c855a2,2023-08-16T00:00:00.000Z
653b56b189f51c24f9c855a3,2023-08-17T00:00:00.000Z
653b56b189f51c24f9c855a4,2023-08-18T00:00:00.000Z
653b56b189f51c24f9c855a5,2023-08-21T00:00:00.000Z
653b56b189f51c24f9c855a6,2023-08-22T00:00:00.000Z
653b56b189f51c24f9c855a7,2023-08-23T00:00:00.000Z
653b56b189f51c24f9c855a8,2023-08-24T00:00:00.000Z
653b56b189f51c24f9c855a9,2023-08-25T00:00:00.000Z
653b56b189f51c24f9c855aa,2023-08-28T00:00:00.000Z
653b56b189f51c24f9c855ab,2023-08-29T00:00:00.000Z
653b56b189f51c24f9c855ac,2023-08-30T00:00:00.000Z
653b56b189f51c24f9c855ad,2023-08-31T00:00:00.000Z
653b56b189f51c24f9c855ae,2023-09-01T00:00:00.000Z
653b56b189f51c24f9c855af,2023-09-04T00:00:00.000Z
653b56b189f51c24f9c855b0,2023-09-05T00:00:00.000Z
653b56b189f51c24f9c855b1,2023-09-06T00:00:00.000Z
653b56b189f51c24f9c855b2,2023-09-07T00:00:00.000Z
653b56b189f51c24f9c855b3,2023-09-08T00:00:00.000Z
653b56b189f51c24f9c855b4,2023-09-11T00:00:00.000Z
653b56b189f51c24f9c855b5,2023-09-12T00:00:00.000Z
653b56b189f51c24f9c855b6,2023-09-13T00:00:00.000Z
653b56b189f51c24f9c855b7,2023-09-14T00:00:00.000Z
653b56b189f51c24f9c855b8,2023-09-15T00:00:00.000Z
653b56b189f51c24f9c855b9,2023-09-18T00:00:00.000Z
653b56b189f51c24f9c855ba,2023-09-19T00:00:00.000Z
653b56b189f51c24f9c855bb,2023-09-20T00:00:00.000Z
653b56b189f51c24f9c855bc,2023-09-21T00:00:00.000Z
653b56b189f51c24f9c855bd,2023-09-22T00:00:00.000Z
653b56b189f51c24f9c855be,2023-09-25T00:00:00.000Z
653b56b189f51c24f9c855bf,2023-09-26T00:00:00.000Z
653b56b189f51c24f9c855c0,2023-09-27T00:00:00.000Z
653b56b189f51c24f9c855c1,2023-09-28T00:00:00.000Z
653b56b189f51c24f9c855c2,2023-10-09T00:00:00.000Z
653b56b189f51c24f9c855c3,2023-10-10T00:00:00.000Z
653b56b189f51c24f9c855c4,2023-10-11T00:00:00.000Z
653b56b189f51c24f9c855c5,2023-10-12T00:00:00.000Z
653b56b189f51c24f9c855c6,2023-10-13T00:00:00.000Z
653b56b189f51c24f9c855c7,2023-10-16T00:00:00.000Z
653b56b189f51c24f9c855c8,2023-10-17T00:00:00.000Z
653b56b189f51c24f9c855c9,2023-10-18T00:00:00.000Z
653b56b189f51c24f9c855ca,2023-10-19T00:00:00.000Z
653b56b189f51c24f9c855cb,2023-10-20T00:00:00.000Z
653b56b189f51c24f9c855cc,2023-10-23T00:00:00.000Z
653b56b189f51c24f9c855cd,2023-10-24T00:00:00.000Z
653b56b189f51c24f9c855ce,2023-10-25T00:00:00.000Z
653b56d7a578a6711ab2234a,2023-10-26T00:00:00.000Z
653b9636804bf0b22ead229f,2023-10-27T00:00:00.000Z
6584e50ff537af094ff7942e,2023-12-22T00:00:00.000Z
6593a999b0c145e06a7b8488,2023-10-30T00:00:00.000Z
6593a9adb0c145e06a7b8489,2023-10-31T00:00:00.000Z
6593a9b2b0c145e06a7b848a,2023-11-01T00:00:00.000Z
6593a9b2b0c145e06a7b848b,2023-11-02T00:00:00.000Z
6593a9b2b0c145e06a7b848c,2023-11-03T00:00:00.000Z
6593a9b2b0c145e06a7b848d,2023-11-06T00:00:00.000Z
6593a9b2b0c145e06a7b848e,2023-11-07T00:00:00.000Z
6593a9b2b0c145e06a7b848f,2023-11-08T00:00:00.000Z
6593a9b2b0c145e06a7b8490,2023-11-09T00:00:00.000Z
6593a9b2b0c145e06a7b8491,2023-11-10T00:00:00.000Z
6593a9b2b0c145e06a7b8492,2023-11-13T00:00:00.000Z
6593a9b2b0c145e06a7b8493,2023-11-14T00:00:00.000Z
6593a9b2b0c145e06a7b8494,2023-11-15T00:00:00.000Z
6593a9b2b0c145e06a7b8495,2023-11-16T00:00:00.000Z
6593a9b2b0c145e06a7b8496,2023-11-17T00:00:00.000Z
6593a9b2b0c145e06a7b8497,2023-11-20T00:00:00.000Z
6593a9b2b0c145e06a7b8498,2023-11-21T00:00:00.000Z
6593a9b2b0c145e06a7b8499,2023-11-22T00:00:00.000Z
6593a9b2b0c145e06a7b849a,2023-11-23T00:00:00.000Z
6593a9b2b0c145e06a7b849b,2023-11-24T00:00:00.000Z
6593a9b2b0c145e06a7b849c,2023-11-27T00:00:00.000Z
6593a9b2b0c145e06a7b849d,2023-11-28T00:00:00.000Z
6593a9b2b0c145e06a7b849e,2023-11-29T00:00:00.000Z
6593a9b2b0c145e06a7b849f,2023-11-30T00:00:00.000Z
6593a9b2b0c145e06a7b84a0,2023-12-01T00:00:00.000Z
6593a9b2b0c145e06a7b84a1,2023-12-04T00:00:00.000Z
6593a9b2b0c145e06a7b84a2,2023-12-05T00:00:00.000Z
6593a9b2b0c145e06a7b84a3,2023-12-06T00:00:00.000Z
6593a9b2b0c145e06a7b84a4,2023-12-07T00:00:00.000Z
6593a9b2b0c145e06a7b84a5,2023-12-08T00:00:00.000Z
6593a9b2b0c145e06a7b84a6,2023-12-11T00:00:00.000Z
6593a9b2b0c145e06a7b84a7,2023-12-12T00:00:00.000Z
6593a9b2b0c145e06a7b84a8,2023-12-13T00:00:00.000Z
6593a9b2b0c145e06a7b84a9,2023-12-14T00:00:00.000Z
6593a9b2b0c145e06a7b84aa,2023-12-15T00:00:00.000Z
6593a9b2b0c145e06a7b84ab,2023-12-18T00:00:00.000Z
6593a9b2b0c145e06a7b84ac,2023-12-19T00:00:00.000Z
6593a9b2b0c145e06a7b84ad,2023-12-20T00:00:00.000Z
6593a9b2b0c145e06a7b84ae,2023-12-21T00:00:00.000Z
6594d227ec606aea75b6824a,2023-12-25T00:00:00.000Z
6594ff756771a856d113d58c,2023-12-26T00:00:00.000Z
659501a98d879d5af8fc1cfd,2023-12-27T00:00:00.000Z
659514a5ab72caff5c15cdd1,2024-01-02T00:00:00.000Z
65951ad4c5716b351dc346bb,2023-12-28T00:00:00.000Z
65951ad4c5716b351dc346bc,2023-12-29T00:00:00.000Z
65953bd8e828230aea4bedca,2024-01-03T00:00:00.000Z
65968d58a52a1a7e0256744b,2024-01-04T00:00:00.000Z
6597ded8a52a1a7e0256744d,2024-01-05T00:00:00.000Z
659bd358a09dd02ae307c480,2024-01-08T00:00:00.000Z
659d24d8a09dd02ae307c482,2024-01-09T00:00:00.000Z
659e8ba4362d6d882b0199ef,2024-01-10T00:00:00.000Z
659fc7d83299dff3f96dc49f,2024-01-11T00:00:00.000Z
65a119583299dff3f96dc4a1,2024-01-12T00:00:00.000Z
65a65f583299dff3f96dc4a4,2024-01-16T00:00:00.000Z
65a7b0d8c26711803c85e7d3,2024-01-17T00:00:00.000Z
65a90258b3262017efa6a431,2024-01-18T00:00:00.000Z
65aa53d8b3262017efa6a433,2024-01-19T00:00:00.000Z
65ae4858be22e5f9f541ab83,2024-01-22T00:00:00.000Z
65b38e5839931f831cf1185b,2024-01-26T00:00:00.000Z
65b7a150323f8b9297fffdc6,2024-01-29T00:00:00.000Z
65b8dee443232e58903bb0a7,2024-01-30T00:00:00.000Z
65ba268c8e8a2ed0153bdcb5,2024-01-31T00:00:00.000Z
65bb780c445dc30cba65064b,2024-02-01T00:00:00.000Z
65bcc98c445dc30cba65064d,2024-02-02T00:00:00.000Z
65c0be0c16aa88947f18feaf,2024-02-05T00:00:00.000Z
65c1e503388eba7d188f0234,2024-01-23T00:00:00.000Z
65c1e676388eba7d188f0236,2024-01-24T00:00:00.000Z
65c1e681388eba7d188f0238,2024-01-25T00:00:00.000Z
65c20f8c16aa88947f18feb1,2024-02-06T00:00:00.000Z
65c2f3be388eba7d188f0245,2024-01-15T00:00:00.000Z
65c3610c5549f107ec1f3126,2024-02-07T00:00:00.000Z
65c4b28c5549f107ec1f3128,2024-02-08T00:00:00.000Z
65d456246661839b5efbd88e,2024-02-19T00:00:00.000Z
65d482ac72aa7aee72261e7d,2024-02-20T00:00:00.000Z
65d5d42c72aa7aee72261e7f,2024-02-21T00:00:00.000Z
65d725ac165c7b0aa064ad03,2024-02-22T00:00:00.000Z
65d8772cab20f609e5f421ef,2024-02-23T00:00:00.000Z
65dc6bacab20f609e5f421f1,2024-02-26T00:00:00.000Z
65ddbd2cab20f609e5f421f3,2024-02-27T00:00:00.000Z
65df0eacab20f609e5f421f5,2024-02-28T00:00:00.000Z
65e07afd57da2bdae632380b,2024-02-29T00:00:00.000Z
65e57404e17e9e6e385dfe98,2024-03-01T00:00:00.000Z
65e5b87476a8e744f26301aa,2024-03-04T00:00:00.000Z
65e709f476a8e744f26301ac,2024-03-05T00:00:00.000Z
65e9134e225b08d30e00c038,2024-03-06T00:00:00.000Z
65e9a3989e34ede41f775ab3,2024-03-07T00:00:00.000Z
65eaefaf8427e40170074f28,2024-03-08T00:00:00.000Z
65eee8e04c63730e5fa858c7,2024-03-11T00:00:00.000Z
65f03a604c63730e5fa858c9,2024-03-12T00:00:00.000Z
65f18be04c63730e5fa858cb,2024-03-13T00:00:00.000Z
65f2dd604c63730e5fa858cd,2024-03-14T00:00:00.000Z
65f79e0910ea277d504569df,2024-03-15T00:00:00.000Z
65f82360c76f5af3ebefc871,2024-03-18T00:00:00.000Z
65f974e0c76f5af3ebefc873,2024-03-19T00:00:00.000Z
65fac660c76f5af3ebefc875,2024-03-20T00:00:00.000Z
65fc17e0c76f5af3ebefc877,2024-03-21T00:00:00.000Z
65fd6960c76f5af3ebefc879,2024-03-22T00:00:00.000Z
66015de0c76f5af3ebefc87b,2024-03-25T00:00:00.000Z
6602b3d4cae1e0fa06447822,2024-03-26T00:00:00.000Z
6603fe88db1160946a583199,2024-03-27T00:00:00.000Z
6605500897759f5392f736f7,2024-03-28T00:00:00.000Z
6606a638e4f1a415ae5659fe,2024-03-29T00:00:00.000Z
660a97342231d653f6a007ec,2024-04-01T00:00:00.000Z
660be8b42231d653f6a007ee,2024-04-02T00:00:00.000Z
660d3a342231d653f6a007f0,2024-04-03T00:00:00.000Z
6613d1b42231d653f6a007f4,2024-04-08T00:00:00.000Z
661523342231d653f6a007f6,2024-04-09T00:00:00.000Z
661674b42231d653f6a007f8,2024-04-10T00:00:00.000Z
6617c6342231d653f6a007fa,2024-04-11T00:00:00.000Z
661917b42231d653f6a007fc,2024-04-12T00:00:00.000Z
661d0c342231d653f6a007fe,2024-04-15T00:00:00.000Z
661e5db42231d653f6a00800,2024-04-16T00:00:00.000Z
661fb36cc888c02e96f70cc5,2024-04-17T00:00:00.000Z
662104ecc888c02e96f70cc7,2024-04-18T00:00:00.000Z
6622510854fe50d02a6c81a0,2024-04-19T00:00:00.000Z
6626458854fe50d02a6c81a2,2024-04-22T00:00:00.000Z
662797aeeb4dc99601be0cde,2024-04-23T00:00:00.000Z
6628e88854fe50d02a6c81a5,2024-04-24T00:00:00.000Z
662a3a0854fe50d02a6c81a7,2024-04-25T00:00:00.000Z
662b8ecbe0b6961b4e9b0175,2024-04-26T00:00:00.000Z
662f800854fe50d02a6c81aa,2024-04-29T00:00:00.000Z
6630d18854fe50d02a6c81ac,2024-04-30T00:00:00.000Z
6638c086c480606a2eac14f7,2024-05-06T00:00:00.000Z
663a0c0854fe50d02a6c81b2,2024-05-07T00:00:00.000Z
663b66d060bec6494d142384,2024-05-08T00:00:00.000Z
663caf0854fe50d02a6c81b5,2024-05-09T00:00:00.000Z
663e008854fe50d02a6c81b7,2024-05-10T00:00:00.000Z
6641f50854fe50d02a6c81b9,2024-05-13T00:00:00.000Z
6643468854fe50d02a6c81bb,2024-05-14T00:00:00.000Z
6644980854fe50d02a6c81bd,2024-05-15T00:00:00.000Z
