,date,order_date,trading_date,instrument_id,instrument,buyOrSell,openOrClose,price,openPrice,count,count_back,ID,tradeId,mul,flag,model_flag,status,fee,pre_price,current_price
0,2022-01-24,2022-01-24,2022-01-24,AG2206,AG,-1,0,3572.802341816624,3625.8389262287465,18,18,035918310846,035918310846,15,,pre_1,close,195.7953020163523,3572.802341816624,3572.802341816624
1,2022-01-25,2022-01-24,2022-01-24,AG2206,AG,-1,0,3530.516416406959,3572.802341816624,18,18,035918310846,035918310846,15,,pre_1,close,195.7953020163523,3530.516416406959,3530.516416406959
2,2022-01-26,2022-01-24,2022-01-24,AG2206,AG,-1,0,3514.032072603191,3530.516416406959,18,18,035918310846,035918310846,15,,pre_1,close,195.7953020163523,3514.032072603191,3514.032072603191
3,2022-01-27,2022-01-24,2022-01-24,AG2206,AG,-1,0,3423.7265369825504,3514.032072603191,18,18,035918310846,035918310846,15,,pre_1,close,195.7953020163523,3423.7265369825504,3423.7265369825504
4,2022-01-28,2022-01-24,2022-01-24,AG2206,AG,-1,0,3409.392324979274,3423.7265369825504,0,18,035918310846,035918310846,15,,pre_1,close,195.7953020163523,3370.689952570428,3370.689952570428
5,2022-02-07,2022-02-07,2022-02-07,AG2206,AG,1,0,3395.0581129759976,3379.2904797723936,19,19,035921907329,035921907329,15,,pre_1,close,192.61955734702644,3395.0581129759976,3395.0581129759976
6,2022-02-08,2022-02-07,2022-02-07,AG2206,AG,1,0,3415.842720380748,3395.0581129759976,19,19,035921907329,035921907329,15,,pre_1,close,192.61955734702644,3415.842720380748,3415.842720380748
7,2022-02-09,2022-02-07,2022-02-07,AG2206,AG,1,0,3454.5450927895945,3415.842720380748,19,19,035921907329,035921907329,15,,pre_1,close,192.61955734702644,3454.5450927895945,3454.5450927895945
8,2022-02-10,2022-02-07,2022-02-07,AG2206,AG,1,0,3466.012462392216,3454.5450927895945,19,19,035921907329,035921907329,15,,pre_1,close,192.61955734702644,3466.012462392216,3466.012462392216
9,2022-02-11,2022-02-07,2022-02-07,AG2206,AG,1,0,3404.375350778127,3466.012462392216,19,19,035921907329,035921907329,15,,pre_1,close,192.61955734702644,3404.375350778127,3404.375350778127
10,2022-02-14,2022-02-07,2022-02-07,AG2206,AG,1,0,3515.4654938035187,3404.375350778127,19,19,035921907329,035921907329,15,,pre_1,close,192.61955734702644,3515.4654938035187,3515.4654938035187
11,2022-02-15,2022-02-07,2022-02-07,AG2206,AG,1,0,3524.066021005485,3515.4654938035187,0,19,035921907329,035921907329,15,,pre_1,close,192.61955734702644,3524.782731605648,3524.782731605648
12,2022-02-17,2022-02-17,2022-02-17,A2203,A,1,0,5026.1088413930775,5034.301357841966,19,19,035863454505,035863454505,10,,pre_1,close,191.30345159799472,5026.1088413930775,5026.1088413930775
13,2022-02-18,2022-02-17,2022-02-17,A2203,A,1,0,4996.412481916604,5026.1088413930775,19,19,035863454505,035863454505,10,,pre_1,close,191.30345159799472,4996.412481916604,4996.412481916604
14,2022-02-21,2022-02-17,2022-02-17,A2203,A,1,0,5005.486369534415,4996.412481916604,19,19,035863454505,035863454505,10,,pre_1,close,191.30345159799472,5005.486369534415,5005.486369534415
15,2022-02-21,2022-02-21,2022-02-21,AG2206,AG,-1,0,3494.680886398768,3516.1822044036826,18,18,035923434371,035923434371,15,,pre_1,close,189.87383903779886,3494.680886398768,3494.680886398768
16,2022-02-22,2022-02-17,2022-02-17,A2203,A,1,0,5005.486369534415,5005.486369534415,0,19,035863454505,035863454505,10,,pre_1,close,191.30345159799472,5003.011672911376,5003.011672911376
17,2022-02-22,2022-02-21,2022-02-21,AG2206,AG,-1,0,3566.351946415149,3494.680886398768,18,18,035923434371,035923434371,15,,pre_1,close,189.87383903779886,3566.351946415149,3566.351946415149
18,2022-02-22,2022-02-22,2022-02-22,A2207,A,-1,0,5003.011672911376,5005.486369534415,19,19,035868036048,035868036048,10,,pre_1,close,190.20848204230776,5003.011672911376,5003.011672911376
19,2022-02-23,2022-02-21,2022-02-21,AG2206,AG,-1,0,3556.317998012856,3566.351946415149,18,18,035923434371,035923434371,15,,pre_1,close,189.87383903779886,3556.317998012856,3556.317998012856
20,2022-02-23,2022-02-22,2022-02-22,A2207,A,-1,0,4995.587583042257,5003.011672911376,19,19,035868036048,035868036048,10,,pre_1,close,190.20848204230776,4995.587583042257,4995.587583042257
21,2022-02-24,2022-02-21,2022-02-21,AG2206,AG,-1,0,3668.841562238576,3556.317998012856,18,18,035923434371,035923434371,15,,pre_1,close,189.87383903779886,3668.841562238576,3668.841562238576
22,2022-02-24,2022-02-22,2022-02-22,A2207,A,-1,0,5084.676661471677,4995.587583042257,19,19,035868036048,035868036048,10,,pre_1,close,190.20848204230776,5084.676661471677,5084.676661471677
23,2022-02-25,2022-02-21,2022-02-21,AG2206,AG,-1,0,3574.235763016952,3668.841562238576,18,18,035923434371,035923434371,15,,pre_1,close,189.87383903779886,3574.235763016952,3574.235763016952
24,2022-02-25,2022-02-22,2022-02-22,A2207,A,-1,0,5118.497515319882,5084.676661471677,19,19,035868036048,035868036048,10,,pre_1,close,190.20848204230776,5118.497515319882,5118.497515319882
25,2022-02-28,2022-02-21,2022-02-21,AG2206,AG,-1,0,3556.317998012856,3574.235763016952,18,18,035923434371,035923434371,15,,pre_1,close,189.87383903779886,3556.317998012856,3556.317998012856
26,2022-02-28,2022-02-22,2022-02-22,A2207,A,-1,0,4978.264706680981,5118.497515319882,19,19,035868036048,035868036048,10,,pre_1,close,190.20848204230776,4978.264706680981,4978.264706680981
27,2022-03-01,2022-02-21,2022-02-21,AG2206,AG,-1,0,3569.935499415969,3556.317998012856,18,18,035923434371,035923434371,15,,pre_1,close,189.87383903779886,3569.935499415969,3569.935499415969
28,2022-03-01,2022-02-22,2022-02-22,A2207,A,-1,0,5144.894279298969,4978.264706680981,19,19,035868036048,035868036048,10,,pre_1,close,190.20848204230776,5144.894279298969,5144.894279298969
29,2022-03-02,2022-02-21,2022-02-21,AG2206,AG,-1,0,3630.139189829729,3569.935499415969,18,18,035923434371,035923434371,15,,pre_1,close,189.87383903779886,3630.139189829729,3630.139189829729
30,2022-03-02,2022-02-22,2022-02-22,A2207,A,-1,0,5172.115942152404,5144.894279298969,19,19,035868036048,035868036048,10,,pre_1,close,190.20848204230776,5172.115942152404,5172.115942152404
31,2022-03-03,2022-02-21,2022-02-21,AG2206,AG,-1,0,3650.92379723448,3630.139189829729,18,18,035923434371,035923434371,15,,pre_1,close,189.87383903779886,3650.92379723448,3650.92379723448
32,2022-03-03,2022-02-22,2022-02-22,A2207,A,-1,0,5202.637200503223,5172.115942152404,19,19,035868036048,035868036048,10,,pre_1,close,190.20848204230776,5202.637200503223,5202.637200503223
33,2022-03-04,2022-02-21,2022-02-21,AG2206,AG,-1,0,3627.989058029238,3650.92379723448,18,18,035923434371,035923434371,15,,pre_1,close,189.87383903779886,3627.989058029238,3627.989058029238
34,2022-03-04,2022-02-22,2022-02-22,A2207,A,-1,0,5104.474234455992,5202.637200503223,19,19,035868036048,035868036048,10,,pre_1,close,190.20848204230776,5104.474234455992,5104.474234455992
35,2022-03-07,2022-02-21,2022-02-21,AG2206,AG,-1,0,3697.509986245128,3627.989058029238,18,18,035923434371,035923434371,15,,pre_1,close,189.87383903779886,3697.509986245128,3697.509986245128
36,2022-03-07,2022-02-22,2022-02-22,A2207,A,-1,0,5126.746504063347,5104.474234455992,19,19,035868036048,035868036048,10,,pre_1,close,190.20848204230776,5126.746504063347,5126.746504063347
37,2022-03-08,2022-02-21,2022-02-21,AG2206,AG,-1,0,3810.750261071011,3697.509986245128,18,18,035923434371,035923434371,15,,pre_1,close,189.87383903779886,3810.750261071011,3810.750261071011
38,2022-03-08,2022-02-22,2022-02-22,A2207,A,-1,0,5097.87504346122,5126.746504063347,19,19,035868036048,035868036048,10,,pre_1,close,190.20848204230776,5097.87504346122,5097.87504346122
39,2022-03-09,2022-02-21,2022-02-21,AG2206,AG,-1,0,3849.452633479857,3810.750261071011,18,18,035923434371,035923434371,15,,pre_1,close,189.87383903779886,3849.452633479857,3849.452633479857
40,2022-03-09,2022-02-22,2022-02-22,A2207,A,-1,0,5205.936796000608,5097.87504346122,19,19,035868036048,035868036048,10,,pre_1,close,190.20848204230776,5205.936796000608,5205.936796000608
41,2022-03-10,2022-02-21,2022-02-21,AG2206,AG,-1,0,3661.674456236937,3849.452633479857,18,18,035923434371,035923434371,15,,pre_1,close,189.87383903779886,3661.674456236937,3661.674456236937
42,2022-03-10,2022-02-22,2022-02-22,A2207,A,-1,0,5085.501560346023,5205.936796000608,19,19,035868036048,035868036048,10,,pre_1,close,190.20848204230776,5085.501560346023,5085.501560346023
43,2022-03-11,2022-02-21,2022-02-21,AG2206,AG,-1,0,3687.4760378428346,3661.674456236937,18,18,035923434371,035923434371,15,,pre_1,close,189.87383903779886,3687.4760378428346,3687.4760378428346
44,2022-03-11,2022-02-22,2022-02-22,A2207,A,-1,0,5085.501560346023,5085.501560346023,0,19,035868036048,035868036048,10,,pre_1,close,190.20848204230776,5085.501560346023,5085.501560346023
45,2022-03-14,2022-02-21,2022-02-21,AG2206,AG,-1,0,3645.906823033333,3687.4760378428346,18,18,035923434371,035923434371,15,,pre_1,close,189.87383903779886,3645.906823033333,3645.906823033333
46,2022-03-15,2022-02-21,2022-02-21,AG2206,AG,-1,0,3564.2018146146584,3645.906823033333,18,18,035923434371,035923434371,15,,pre_1,close,189.87383903779886,3564.2018146146584,3564.2018146146584
47,2022-03-16,2022-02-21,2022-02-21,AG2206,AG,-1,0,3595.0203704217024,3564.2018146146584,18,18,035923434371,035923434371,15,,pre_1,close,189.87383903779886,3595.0203704217024,3595.0203704217024
48,2022-03-17,2022-02-21,2022-02-21,AG2206,AG,-1,0,3602.1874764233407,3595.0203704217024,0,18,035923434371,035923434371,15,,pre_1,close,189.87383903779886,3653.790639635136,3653.790639635136
49,2022-03-18,2022-03-18,2022-03-18,AG2206,AG,-1,0,3671.708404639231,3668.124851638412,18,18,035926161041,035926161041,15,,pre_1,close,198.0787419884743,3671.708404639231,3671.708404639231
50,2022-03-21,2022-03-18,2022-03-18,AG2206,AG,-1,0,3641.6065594323504,3671.708404639231,18,18,035926161041,035926161041,15,,pre_1,close,198.0787419884743,3641.6065594323504,3641.6065594323504
51,2022-03-22,2022-03-18,2022-03-18,AG2206,AG,-1,0,3703.9603816466015,3641.6065594323504,18,18,035926161041,035926161041,15,,pre_1,close,198.0787419884743,3703.9603816466015,3703.9603816466015
52,2022-03-23,2022-03-18,2022-03-18,AG2206,AG,-1,0,3642.3232700325134,3703.9603816466015,18,18,035926161041,035926161041,15,,pre_1,close,198.0787419884743,3642.3232700325134,3642.3232700325134
53,2022-03-24,2022-03-18,2022-03-18,AG2206,AG,-1,0,3674.575247039886,3642.3232700325134,18,18,035926161041,035926161041,15,,pre_1,close,198.0787419884743,3674.575247039886,3674.575247039886
54,2022-03-25,2022-03-18,2022-03-18,AG2206,AG,-1,0,3753.413413057906,3674.575247039886,18,18,035926161041,035926161041,15,,pre_1,close,198.0787419884743,3753.413413057906,3753.413413057906
55,2022-03-28,2022-03-18,2022-03-18,AG2206,AG,-1,0,3692.493012043981,3753.413413057906,18,18,035926161041,035926161041,15,,pre_1,close,198.0787419884743,3692.493012043981,3692.493012043981
56,2022-03-28,2022-03-28,2022-03-28,A2207,A,1,0,5079.727268225598,5130.87099843508,19,19,035872118400,035872118400,10,,pre_1,close,194.97309794053305,5079.727268225598,5079.727268225598
57,2022-03-29,2022-03-18,2022-03-18,AG2206,AG,-1,0,3668.124851638412,3692.493012043981,18,18,035926161041,035926161041,15,,pre_1,close,198.0787419884743,3668.124851638412,3668.124851638412
58,2022-03-29,2022-03-28,2022-03-28,A2207,A,1,0,5075.602773853866,5079.727268225598,19,19,035872118400,035872118400,10,,pre_1,close,194.97309794053305,5075.602773853866,5075.602773853866
59,2022-03-30,2022-03-18,2022-03-18,AG2206,AG,-1,0,3627.272347429074,3668.124851638412,18,18,035926161041,035926161041,15,,pre_1,close,198.0787419884743,3627.272347429074,3627.272347429074
60,2022-03-30,2022-03-28,2022-03-28,A2207,A,1,0,5126.746504063347,5075.602773853866,19,19,035872118400,035872118400,10,,pre_1,close,194.97309794053305,5126.746504063347,5126.746504063347
61,2022-03-31,2022-03-18,2022-03-18,AG2206,AG,-1,0,3591.4368174208835,3627.272347429074,18,18,035926161041,035926161041,15,,pre_1,close,198.0787419884743,3591.4368174208835,3591.4368174208835
62,2022-03-31,2022-03-28,2022-03-28,A2207,A,1,0,5213.360885869727,5126.746504063347,19,19,035872118400,035872118400,10,,pre_1,close,194.97309794053305,5213.360885869727,5213.360885869727
63,2022-04-01,2022-03-18,2022-03-18,AG2206,AG,-1,0,3610.7880036253055,3591.4368174208835,18,18,035926161041,035926161041,15,,pre_1,close,198.0787419884743,3610.7880036253055,3610.7880036253055
64,2022-04-01,2022-03-28,2022-03-28,A2207,A,1,0,5213.360885869727,5213.360885869727,0,19,035872118400,035872118400,10,,pre_1,close,194.97309794053305,5199.337605005837,5199.337605005837
65,2022-04-01,2022-04-01,2022-04-01,A2207,A,-1,0,5199.337605005837,5213.360885869727,19,19,035875848775,035875848775,10,,pre_1,close,198.10771366304962,5199.337605005837,5199.337605005837
66,2022-04-06,2022-03-18,2022-03-18,AG2206,AG,-1,0,3569.218788815805,3610.7880036253055,18,18,035926161041,035926161041,15,,pre_1,close,198.0787419884743,3569.218788815805,3569.218788815805
67,2022-04-06,2022-04-01,2022-04-01,A2207,A,-1,0,5178.715133147175,5199.337605005837,19,19,035875848775,035875848775,10,,pre_1,close,198.10771366304962,5178.715133147175,5178.715133147175
68,2022-04-07,2022-03-18,2022-03-18,AG2206,AG,-1,0,3555.6012874126927,3569.218788815805,18,18,035926161041,035926161041,15,,pre_1,close,198.0787419884743,3555.6012874126927,3555.6012874126927
69,2022-04-07,2022-04-01,2022-04-01,A2207,A,-1,0,5101.174638958606,5178.715133147175,19,19,035875848775,035875848775,10,,pre_1,close,198.10771366304962,5101.174638958606,5101.174638958606
70,2022-04-08,2022-03-18,2022-03-18,AG2206,AG,-1,0,3555.6012874126927,3555.6012874126927,0,18,035926161041,035926161041,15,,pre_1,close,198.0787419884743,3605.054318823996,3605.054318823996
71,2022-04-08,2022-04-01,2022-04-01,A2207,A,-1,0,5101.174638958606,5101.174638958606,0,19,035875848775,035875848775,10,,pre_1,close,198.10771366304962,5172.94084102675,5172.94084102675
72,2022-04-08,2022-04-08,2022-04-08,AG2206,AG,1,0,3605.054318823996,3555.6012874126927,18,18,035929909611,035929909611,15,,pre_1,close,192.00246952028544,3605.054318823996,3605.054318823996
73,2022-04-11,2022-04-08,2022-04-08,AG2206,AG,1,0,3583.5530008190813,3605.054318823996,0,18,035929909611,035929909611,15,,pre_1,close,192.00246952028544,3643.039980632678,3643.039980632678
74,2022-04-14,2022-04-14,2022-04-14,AG2206,AG,-1,0,3763.4473614601993,3759.86380845938,17,17,035932795008,035932795008,15,,pre_1,close,191.75305423142837,3763.4473614601993,3763.4473614601993
75,2022-04-15,2022-04-14,2022-04-14,AG2206,AG,-1,0,3733.345516253319,3763.4473614601993,0,17,035932795008,035932795008,15,,pre_1,close,191.75305423142837,3751.979991857578,3751.979991857578
76,2022-04-15,2022-04-15,2022-04-15,AG2206,AG,1,0,3751.979991857578,3733.345516253319,17,17,035936431919,035936431919,15,,pre_1,close,190.4006213289193,3751.979991857578,3751.979991857578
77,2022-04-18,2022-04-15,2022-04-15,AG2206,AG,1,0,3755.563544858397,3751.979991857578,0,17,035936431919,035936431919,15,,pre_1,close,190.4006213289193,3780.648415864131,3780.648415864131
78,2022-04-25,2022-04-25,2022-04-25,A2207,A,1,0,5048.381111000432,5055.80520086955,19,19,035877194324,035877194324,10,,pre_1,close,192.12059763304293,5048.381111000432,5048.381111000432
79,2022-04-26,2022-04-25,2022-04-25,A2207,A,1,0,5050.855807623471,5048.381111000432,19,19,035877194324,035877194324,10,,pre_1,close,192.12059763304293,5050.855807623471,5050.855807623471
80,2022-04-27,2022-04-25,2022-04-25,A2207,A,1,0,5022.809245895691,5050.855807623471,19,19,035877194324,035877194324,10,,pre_1,close,192.12059763304293,5022.809245895691,5022.809245895691
81,2022-04-28,2022-04-25,2022-04-25,A2207,A,1,0,5077.252571602558,5022.809245895691,19,19,035877194324,035877194324,10,,pre_1,close,192.12059763304293,5077.252571602558,5077.252571602558
82,2022-04-29,2022-04-25,2022-04-25,A2207,A,1,0,5108.598728827725,5077.252571602558,19,19,035877194324,035877194324,10,,pre_1,close,192.12059763304293,5108.598728827725,5108.598728827725
83,2022-05-05,2022-04-25,2022-04-25,A2207,A,1,0,5122.622009691615,5108.598728827725,0,19,035877194324,035877194324,10,,pre_1,close,192.12059763304293,5063.229290738668,5063.229290738668
84,2022-05-16,2022-05-16,2022-05-16,AG2206,AG,1,0,3341.3048179637112,3296.868760753555,20,20,035939812525,035939812525,15,,pre_1,close,197.81212564521329,3341.3048179637112,3341.3048179637112
85,2022-05-17,2022-05-16,2022-05-16,AG2206,AG,1,0,3404.375350778127,3341.3048179637112,20,20,035939812525,035939812525,15,,pre_1,close,197.81212564521329,3404.375350778127,3404.375350778127
86,2022-05-18,2022-05-16,2022-05-16,AG2206,AG,1,0,3373.556794971083,3404.375350778127,20,20,035939812525,035939812525,15,,pre_1,close,197.81212564521329,3373.556794971083,3373.556794971083
87,2022-05-19,2022-05-16,2022-05-16,AG2206,AG,1,0,3373.556794971083,3373.556794971083,20,20,035939812525,035939812525,15,,pre_1,close,197.81212564521329,3373.556794971083,3373.556794971083
88,2022-05-19,2022-05-19,2022-05-19,A2207,A,-1,0,5183.664526393254,5167.166548906324,19,19,035880914302,035880914302,10,,pre_1,close,196.35232885844033,5183.664526393254,5183.664526393254
89,2022-05-20,2022-05-16,2022-05-16,AG2206,AG,1,0,3422.2931157822227,3373.556794971083,20,20,035939812525,035939812525,15,,pre_1,close,197.81212564521329,3422.2931157822227,3422.2931157822227
90,2022-05-20,2022-05-19,2022-05-19,A2207,A,-1,0,5205.111897126262,5183.664526393254,19,19,035880914302,035880914302,10,,pre_1,close,196.35232885844033,5205.111897126262,5205.111897126262
91,2022-05-23,2022-05-16,2022-05-16,AG2206,AG,1,0,3403.114636303992,3422.2931157822227,20,20,035939812525,035939812525,15,,pre_1,close,197.81212564521329,3403.114636303992,3403.114636303992
92,2022-05-23,2022-05-19,2022-05-19,A2207,A,-1,0,5221.609874613192,5205.111897126262,19,19,035880914302,035880914302,10,,pre_1,close,196.35232885844033,5221.609874613192,5221.609874613192
93,2022-05-24,2022-05-16,2022-05-16,AG2206,AG,1,0,3395.301181701749,3403.114636303992,0,20,035939812525,035939812525,15,,pre_1,close,197.81212564521329,3383.93615682576,3383.93615682576
94,2022-05-24,2022-05-19,2022-05-19,A2207,A,-1,0,5260.380121707476,5221.609874613192,19,19,035880914302,035880914302,10,,pre_1,close,196.35232885844033,5260.380121707476,5260.380121707476
95,2022-05-25,2022-05-19,2022-05-19,A2207,A,-1,0,5243.882144220546,5260.380121707476,19,19,035880914302,035880914302,10,,pre_1,close,196.35232885844033,5243.882144220546,5243.882144220546
96,2022-05-26,2022-05-19,2022-05-19,A2207,A,-1,0,5217.485380241459,5243.882144220546,19,19,035880914302,035880914302,10,,pre_1,close,196.35232885844033,5217.485380241459,5217.485380241459
97,2022-05-27,2022-05-19,2022-05-19,A2207,A,-1,0,5243.882144220546,5217.485380241459,19,19,035880914302,035880914302,10,,pre_1,close,196.35232885844033,5243.882144220546,5243.882144220546
98,2022-05-30,2022-05-19,2022-05-19,A2207,A,-1,0,5212.535986995381,5243.882144220546,19,19,035880914302,035880914302,10,,pre_1,close,196.35232885844033,5212.535986995381,5212.535986995381
99,2022-05-31,2022-05-19,2022-05-19,A2207,A,-1,0,5192.738414011065,5212.535986995381,19,19,035880914302,035880914302,10,,pre_1,close,196.35232885844033,5192.738414011065,5192.738414011065
100,2022-06-01,2022-05-19,2022-05-19,A2207,A,-1,0,5188.613919639332,5192.738414011065,0,19,035880914302,035880914302,10,,pre_1,close,196.35232885844033,5178.715133147175,5178.715133147175
101,2022-06-06,2022-06-06,2022-06-06,AG2212,AG,1,0,3426.555000110719,3373.9917600592694,19,19,035942393937,035942393937,15,,pre_1,close,192.31753032337835,3426.555000110719,3426.555000110719
102,2022-06-07,2022-06-06,2022-06-06,AG2212,AG,1,0,3393.170239537501,3426.555000110719,19,19,035942393937,035942393937,15,,pre_1,close,192.31753032337835,3393.170239537501,3393.170239537501
103,2022-06-08,2022-06-06,2022-06-06,AG2212,AG,1,0,3417.320917398978,3393.170239537501,19,19,035942393937,035942393937,15,,pre_1,close,192.31753032337835,3417.320917398978,3417.320917398978
104,2022-06-08,2022-06-08,2022-06-08,A2207,A,-1,0,5186.96412189064,5167.991447780671,19,19,035883259562,035883259562,10,,pre_1,close,196.3836750156655,5186.96412189064,5186.96412189064
105,2022-06-09,2022-06-06,2022-06-06,AG2212,AG,1,0,3393.88055359225,3417.320917398978,19,19,035942393937,035942393937,15,,pre_1,close,192.31753032337835,3393.88055359225,3393.88055359225
106,2022-06-09,2022-06-08,2022-06-08,A2207,A,-1,0,5188.613919639332,5186.96412189064,19,19,035883259562,035883259562,10,,pre_1,close,196.3836750156655,5188.613919639332,5188.613919639332
107,2022-06-10,2022-06-06,2022-06-06,AG2212,AG,1,0,3384.646470880509,3393.88055359225,0,19,035942393937,035942393937,15,,pre_1,close,192.31753032337835,3342.02762759555,3342.02762759555
108,2022-06-10,2022-06-08,2022-06-08,A2207,A,-1,0,5138.295088304198,5188.613919639332,19,19,035883259562,035883259562,10,,pre_1,close,196.3836750156655,5138.295088304198,5138.295088304198
109,2022-06-10,2022-06-10,2022-06-10,AG2212,AG,-1,0,3342.02762759555,3384.646470880509,19,19,035945611833,035945611833,15,,pre_1,close,192.92484884018901,3342.02762759555,3342.02762759555
110,2022-06-13,2022-06-08,2022-06-08,A2207,A,-1,0,5138.295088304198,5138.295088304198,19,19,035883259562,035883259562,10,,pre_1,close,196.3836750156655,5138.295088304198,5138.295088304198
111,2022-06-13,2022-06-10,2022-06-10,AG2212,AG,-1,0,3365.4679914022777,3342.02762759555,19,19,035945611833,035945611833,15,,pre_1,close,192.92484884018901,3365.4679914022777,3365.4679914022777
112,2022-06-14,2022-06-08,2022-06-08,A2207,A,-1,0,5125.096706314655,5138.295088304198,19,19,035883259562,035883259562,10,,pre_1,close,196.3836750156655,5125.096706314655,5125.096706314655
113,2022-06-14,2022-06-10,2022-06-10,AG2212,AG,-1,0,3349.130768143043,3365.4679914022777,0,19,035945611833,035945611833,15,,pre_1,close,192.92484884018901,3312.1944372960784,3312.1944372960784
114,2022-06-15,2022-06-08,2022-06-08,A2207,A,-1,0,5099.524841209914,5125.096706314655,19,19,035883259562,035883259562,10,,pre_1,close,196.3836750156655,5099.524841209914,5099.524841209914
115,2022-06-16,2022-06-08,2022-06-08,A2207,A,-1,0,5140.314380422986,5099.524841209914,19,19,035883259562,035883259562,10,,pre_1,close,196.3836750156655,5140.314380422986,5140.314380422986
116,2022-06-17,2022-06-08,2022-06-08,A2207,A,-1,0,5119.503391028561,5140.314380422986,19,19,035883259562,035883259562,10,,pre_1,close,196.3836750156655,5119.503391028561,5119.503391028561
117,2022-06-20,2022-06-08,2022-06-08,A2207,A,-1,0,5142.811699150317,5119.503391028561,19,19,035883259562,035883259562,10,,pre_1,close,196.3836750156655,5142.811699150317,5142.811699150317
118,2022-06-21,2022-06-08,2022-06-08,A2207,A,-1,0,5060.400181148394,5142.811699150317,19,19,035883259562,035883259562,10,,pre_1,close,196.3836750156655,5060.400181148394,5060.400181148394
119,2022-06-22,2022-06-08,2022-06-08,A2207,A,-1,0,5063.729939451502,5060.400181148394,0,19,035883259562,035883259562,10,,pre_1,close,196.3836750156655,5004.626729571335,5004.626729571335
120,2022-06-23,2022-06-23,2022-06-23,A2209,A,1,0,4947.188398842722,5004.626729571335,19,19,035885454989,035885454989,10,,pre_1,close,190.1758157237107,4947.188398842722,4947.188398842722
121,2022-06-24,2022-06-23,2022-06-23,A2209,A,1,0,4853.955166355698,4947.188398842722,19,19,035885454989,035885454989,10,,pre_1,close,190.1758157237107,4853.955166355698,4853.955166355698
122,2022-06-27,2022-06-23,2022-06-23,A2209,A,1,0,4908.063738781202,4853.955166355698,19,19,035885454989,035885454989,10,,pre_1,close,190.1758157237107,4908.063738781202,4908.063738781202
123,2022-06-27,2022-06-27,2022-06-27,AG2212,AG,1,0,3290.885015653599,3206.35764313843,20,20,035949326104,035949326104,15,,pre_1,close,192.3814585883058,3290.885015653599,3290.885015653599
124,2022-06-28,2022-06-23,2022-06-23,A2209,A,1,0,4992.972575510456,4908.063738781202,19,19,035885454989,035885454989,10,,pre_1,close,190.1758157237107,4992.972575510456,4992.972575510456
125,2022-06-28,2022-06-27,2022-06-27,AG2212,AG,1,0,3272.416850230117,3290.885015653599,20,20,035949326104,035949326104,15,,pre_1,close,192.3814585883058,3272.416850230117,3272.416850230117
126,2022-06-29,2022-06-23,2022-06-23,A2209,A,1,0,4963.837190358262,4992.972575510456,19,19,035885454989,035885454989,10,,pre_1,close,190.1758157237107,4963.837190358262,4963.837190358262
127,2022-06-29,2022-06-27,2022-06-27,AG2212,AG,1,0,3215.591725850171,3272.416850230117,20,20,035949326104,035949326104,15,,pre_1,close,192.3814585883058,3215.591725850171,3215.591725850171
128,2022-06-30,2022-06-23,2022-06-23,A2209,A,1,0,4974.6589048433625,4963.837190358262,19,19,035885454989,035885454989,10,,pre_1,close,190.1758157237107,4974.6589048433625,4974.6589048433625
129,2022-06-30,2022-06-27,2022-06-27,AG2212,AG,1,0,3212.040155576424,3215.591725850171,20,20,035949326104,035949326104,15,,pre_1,close,192.3814585883058,3212.040155576424,3212.040155576424
130,2022-07-01,2022-06-23,2022-06-23,A2209,A,1,0,4977.988663146471,4974.6589048433625,0,19,035885454989,035885454989,10,,pre_1,close,190.1758157237107,4936.36668435762,4936.36668435762
131,2022-07-01,2022-06-27,2022-06-27,AG2212,AG,1,0,3090.576452214291,3212.040155576424,20,20,035949326104,035949326104,15,,pre_1,close,192.3814585883058,3090.576452214291,3090.576452214291
132,2022-07-04,2022-06-27,2022-06-27,AG2212,AG,1,0,3073.528914900307,3090.576452214291,20,20,035949326104,035949326104,15,,pre_1,close,192.3814585883058,3073.528914900307,3073.528914900307
133,2022-07-05,2022-06-27,2022-06-27,AG2212,AG,1,0,3112.59618791152,3073.528914900307,20,20,035949326104,035949326104,15,,pre_1,close,192.3814585883058,3112.59618791152,3112.59618791152
134,2022-07-06,2022-06-27,2022-06-27,AG2212,AG,1,0,3003.918137534873,3112.59618791152,20,20,035949326104,035949326104,15,,pre_1,close,192.3814585883058,3003.918137534873,3003.918137534873
135,2022-07-07,2022-06-27,2022-06-27,AG2212,AG,1,0,3013.152220246615,3003.918137534873,20,20,035949326104,035949326104,15,,pre_1,close,192.3814585883058,3013.152220246615,3013.152220246615
136,2022-07-08,2022-06-27,2022-06-27,AG2212,AG,1,0,3006.759393753871,3013.152220246615,20,20,035949326104,035949326104,15,,pre_1,close,192.3814585883058,3006.759393753871,3006.759393753871
137,2022-07-11,2022-06-27,2022-06-27,AG2212,AG,1,0,3006.0490796991216,3006.759393753871,20,20,035949326104,035949326104,15,,pre_1,close,192.3814585883058,3006.0490796991216,3006.0490796991216
138,2022-07-12,2022-06-27,2022-06-27,AG2212,AG,1,0,2989.7118564398875,3006.0490796991216,20,20,035949326104,035949326104,15,,pre_1,close,192.3814585883058,2989.7118564398875,2989.7118564398875
139,2022-07-13,2022-06-27,2022-06-27,AG2212,AG,1,0,2979.057145618648,2989.7118564398875,20,20,035949326104,035949326104,15,,pre_1,close,192.3814585883058,2979.057145618648,2979.057145618648
140,2022-07-14,2022-06-27,2022-06-27,AG2212,AG,1,0,2982.6087158923942,2979.057145618648,20,20,035949326104,035949326104,15,,pre_1,close,192.3814585883058,2982.6087158923942,2982.6087158923942
141,2022-07-15,2022-06-27,2022-06-27,AG2212,AG,1,0,2856.1728141470157,2982.6087158923942,20,20,035949326104,035949326104,15,,pre_1,close,192.3814585883058,2856.1728141470157,2856.1728141470157
142,2022-07-18,2022-06-27,2022-06-27,AG2212,AG,1,0,2948.513641264427,2856.1728141470157,20,20,035949326104,035949326104,15,,pre_1,close,192.3814585883058,2948.513641264427,2948.513641264427
143,2022-07-19,2022-06-27,2022-06-27,AG2212,AG,1,0,2934.3073601694405,2948.513641264427,20,20,035949326104,035949326104,15,,pre_1,close,192.3814585883058,2934.3073601694405,2934.3073601694405
144,2022-07-20,2022-06-27,2022-06-27,AG2212,AG,1,0,2943.5414428811814,2934.3073601694405,20,20,035949326104,035949326104,15,,pre_1,close,192.3814585883058,2943.5414428811814,2943.5414428811814
145,2022-07-21,2022-06-27,2022-06-27,AG2212,AG,1,0,2928.6248477314457,2943.5414428811814,20,20,035949326104,035949326104,15,,pre_1,close,192.3814585883058,2928.6248477314457,2928.6248477314457
146,2022-07-22,2022-06-27,2022-06-27,AG2212,AG,1,0,2970.5333769616554,2928.6248477314457,20,20,035949326104,035949326104,15,,pre_1,close,192.3814585883058,2970.5333769616554,2970.5333769616554
147,2022-07-22,2022-07-22,2022-07-22,A2209,A,1,0,4765.716571323335,4794.019516899753,20,20,035888068134,035888068134,10,,pre_1,close,191.76078067599013,4765.716571323335,4765.716571323335
148,2022-07-25,2022-06-27,2022-06-27,AG2212,AG,1,0,2945.6723850454296,2970.5333769616554,20,20,035949326104,035949326104,15,,pre_1,close,192.3814585883058,2945.6723850454296,2945.6723850454296
149,2022-07-25,2022-07-22,2022-07-22,A2209,A,1,0,4767.381450474889,4765.716571323335,20,20,035888068134,035888068134,10,,pre_1,close,191.76078067599013,4767.381450474889,4767.381450474889
150,2022-07-26,2022-06-27,2022-06-27,AG2212,AG,1,0,2949.223955319176,2945.6723850454296,20,20,035949326104,035949326104,15,,pre_1,close,192.3814585883058,2949.223955319176,2949.223955319176
151,2022-07-26,2022-07-22,2022-07-22,A2209,A,1,0,4889.750068114108,4767.381450474889,20,20,035888068134,035888068134,10,,pre_1,close,191.76078067599013,4889.750068114108,4889.750068114108
152,2022-07-27,2022-06-27,2022-06-27,AG2212,AG,1,0,2958.458038030917,2949.223955319176,20,20,035949326104,035949326104,15,,pre_1,close,192.3814585883058,2958.458038030917,2958.458038030917
153,2022-07-27,2022-07-22,2022-07-22,A2209,A,1,0,4894.744705568771,4889.750068114108,0,20,035888068134,035888068134,10,,pre_1,close,191.76078067599013,4919.717892842081,4919.717892842081
154,2022-07-27,2022-07-27,2022-07-27,A2209,A,-1,0,4919.717892842081,4894.744705568771,20,20,035890323609,035890323609,10,,pre_1,close,195.78978822275084,4919.717892842081,4919.717892842081
155,2022-07-28,2022-06-27,2022-06-27,AG2212,AG,1,0,3067.136088407563,2958.458038030917,20,20,035949326104,035949326104,15,,pre_1,close,192.3814585883058,3067.136088407563,3067.136088407563
156,2022-07-28,2022-07-27,2022-07-27,A2209,A,-1,0,4971.329146540254,4919.717892842081,20,20,035890323609,035890323609,10,,pre_1,close,195.78978822275084,4971.329146540254,4971.329146540254
157,2022-07-29,2022-06-27,2022-06-27,AG2212,AG,1,0,3100.520848980781,3067.136088407563,0,20,035949326104,035949326104,15,,pre_1,close,192.3814585883058,3169.4213122914653,3169.4213122914653
158,2022-07-29,2022-07-27,2022-07-27,A2209,A,-1,0,5071.221895633495,4971.329146540254,20,20,035890323609,035890323609,10,,pre_1,close,195.78978822275084,5071.221895633495,5071.221895633495
159,2022-08-01,2022-07-27,2022-07-27,A2209,A,-1,0,5086.205807997481,5071.221895633495,0,20,035890323609,035890323609,10,,pre_1,close,195.78978822275084,5192.758073696938,5192.758073696938
160,2022-08-02,2022-08-02,2022-08-02,A2209,A,-1,0,5206.909546485146,5169.449765575181,19,19,035893168476,035893168476,10,,pre_1,close,196.43909109185688,5206.909546485146,5206.909546485146
161,2022-08-03,2022-08-02,2022-08-02,A2209,A,-1,0,5183.60123836339,5206.909546485146,19,19,035893168476,035893168476,10,,pre_1,close,196.43909109185688,5183.60123836339,5183.60123836339
162,2022-08-04,2022-08-02,2022-08-02,A2209,A,-1,0,5138.649501271432,5183.60123836339,19,19,035893168476,035893168476,10,,pre_1,close,196.43909109185688,5138.649501271432,5138.649501271432
163,2022-08-05,2022-08-02,2022-08-02,A2209,A,-1,0,5156.130732362749,5138.649501271432,19,19,035893168476,035893168476,10,,pre_1,close,196.43909109185688,5156.130732362749,5156.130732362749
164,2022-08-05,2022-08-05,2022-08-05,AG2212,AG,1,0,3175.10382472946,3155.925345251228,21,21,035952995124,035952995124,15,,pre_1,close,198.82329675082738,3175.10382472946,3175.10382472946
165,2022-08-08,2022-08-02,2022-08-02,A2209,A,-1,0,5177.774161332951,5156.130732362749,19,19,035893168476,035893168476,10,,pre_1,close,196.43909109185688,5177.774161332951,5177.774161332951
166,2022-08-08,2022-08-05,2022-08-05,AG2212,AG,1,0,3122.54058467801,3175.10382472946,21,21,035952995124,035952995124,15,,pre_1,close,198.82329675082738,3122.54058467801,3122.54058467801
167,2022-08-09,2022-08-02,2022-08-02,A2209,A,-1,0,5141.97925957454,5177.774161332951,19,19,035893168476,035893168476,10,,pre_1,close,196.43909109185688,5141.97925957454,5141.97925957454
168,2022-08-09,2022-08-05,2022-08-05,AG2212,AG,1,0,3208.4885853026776,3122.54058467801,21,21,035952995124,035952995124,15,,pre_1,close,198.82329675082738,3208.4885853026776,3208.4885853026776
169,2022-08-10,2022-08-02,2022-08-02,A2209,A,-1,0,5153.633413635418,5141.97925957454,0,19,035893168476,035893168476,10,,pre_1,close,196.43909109185688,5180.271480060282,5180.271480060282
170,2022-08-10,2022-08-05,2022-08-05,AG2212,AG,1,0,3187.889477714948,3208.4885853026776,21,21,035952995124,035952995124,15,,pre_1,close,198.82329675082738,3187.889477714948,3187.889477714948
171,2022-08-10,2022-08-10,2022-08-10,A2209,A,1,0,5180.271480060282,5153.633413635418,19,19,035896401808,035896401808,10,,pre_1,close,195.8380697181459,5180.271480060282,5180.271480060282
172,2022-08-11,2022-08-05,2022-08-05,AG2212,AG,1,0,3197.1235604266885,3187.889477714948,21,21,035952995124,035952995124,15,,pre_1,close,198.82329675082738,3197.1235604266885,3197.1235604266885
173,2022-08-11,2022-08-10,2022-08-10,A2209,A,1,0,5201.082469454707,5180.271480060282,0,19,035896401808,035896401808,10,,pre_1,close,195.8380697181459,5207.741986060923,5207.741986060923
174,2022-08-12,2022-08-05,2022-08-05,AG2212,AG,1,0,3198.5441885361874,3197.1235604266885,0,21,035952995124,035952995124,15,,pre_1,close,198.82329675082738,3187.889477714948,3187.889477714948
175,2022-08-12,2022-08-12,2022-08-12,A2209,A,-1,0,5179.439040484505,5235.212492061564,19,19,035898514249,035898514249,10,,pre_1,close,198.93807469833945,5179.439040484505,5179.439040484505
176,2022-08-15,2022-08-12,2022-08-12,A2209,A,-1,0,5152.800974059641,5179.439040484505,19,19,035898514249,035898514249,10,,pre_1,close,198.93807469833945,5152.800974059641,5152.800974059641
177,2022-08-16,2022-08-12,2022-08-12,A2209,A,-1,0,5072.886774785049,5152.800974059641,19,19,035898514249,035898514249,10,,pre_1,close,198.93807469833945,5072.886774785049,5072.886774785049
178,2022-08-17,2022-08-12,2022-08-12,A2209,A,-1,0,5097.027522482582,5072.886774785049,0,19,035898514249,035898514249,10,,pre_1,close,198.93807469833945,5069.557016481941,5069.557016481941
179,2022-08-19,2022-08-19,2022-08-19,AG2212,AG,1,0,3054.3504354220754,3111.175559802021,21,21,035955641971,035955641971,15,,pre_1,close,196.00406026752734,3054.3504354220754,3054.3504354220754
180,2022-08-22,2022-08-19,2022-08-19,AG2212,AG,1,0,3023.8069310678547,3054.3504354220754,21,21,035955641971,035955641971,15,,pre_1,close,196.00406026752734,3023.8069310678547,3023.8069310678547
181,2022-08-23,2022-08-19,2022-08-19,AG2212,AG,1,0,3033.041013779596,3023.8069310678547,21,21,035955641971,035955641971,15,,pre_1,close,196.00406026752734,3033.041013779596,3033.041013779596
182,2022-08-24,2022-08-19,2022-08-19,AG2212,AG,1,0,3061.4535759695686,3033.041013779596,21,21,035955641971,035955641971,15,,pre_1,close,196.00406026752734,3061.4535759695686,3061.4535759695686
183,2022-08-25,2022-08-19,2022-08-19,AG2212,AG,1,0,3078.501113283552,3061.4535759695686,21,21,035955641971,035955641971,15,,pre_1,close,196.00406026752734,3078.501113283552,3078.501113283552
184,2022-08-26,2022-08-19,2022-08-19,AG2212,AG,1,0,3068.556716517062,3078.501113283552,0,21,035955641971,035955641971,15,,pre_1,close,196.00406026752734,3067.136088407563,3067.136088407563
185,2022-08-26,2022-08-26,2022-08-26,A2211,A,-1,0,5091.826446842233,5016.493439558757,19,19,035902806814,035902806814,10,,pre_1,close,190.6267507032328,5091.826446842233,5091.826446842233
186,2022-08-29,2022-08-26,2022-08-26,A2211,A,-1,0,5073.849251922313,5091.826446842233,19,19,035902806814,035902806814,10,,pre_1,close,190.6267507032328,5073.849251922313,5073.849251922313
187,2022-08-30,2022-08-26,2022-08-26,A2211,A,-1,0,5044.74331729006,5073.849251922313,19,19,035902806814,035902806814,10,,pre_1,close,190.6267507032328,5044.74331729006,5044.74331729006
188,2022-08-31,2022-08-26,2022-08-26,A2211,A,-1,0,4995.092017035042,5044.74331729006,19,19,035902806814,035902806814,10,,pre_1,close,190.6267507032328,4995.092017035042,4995.092017035042
189,2022-09-01,2022-08-26,2022-08-26,A2211,A,-1,0,4995.092017035042,4995.092017035042,0,19,035902806814,035902806814,10,,pre_1,close,190.6267507032328,4995.092017035042,4995.092017035042
190,2022-09-02,2022-09-02,2022-09-02,AG2212,AG,1,0,2954.9064677571705,2922.2320212387017,22,22,035957872803,035957872803,15,,pre_1,close,192.86731340175433,2954.9064677571705,2954.9064677571705
191,2022-09-05,2022-09-02,2022-09-02,AG2212,AG,1,0,2976.9262034543995,2954.9064677571705,22,22,035957872803,035957872803,15,,pre_1,close,192.86731340175433,2976.9262034543995,2976.9262034543995
192,2022-09-06,2022-09-02,2022-09-02,AG2212,AG,1,0,3004.628451589623,2976.9262034543995,22,22,035957872803,035957872803,15,,pre_1,close,192.86731340175433,3004.628451589623,3004.628451589623
193,2022-09-07,2022-09-02,2022-09-02,AG2212,AG,1,0,2972.664319125904,3004.628451589623,22,22,035957872803,035957872803,15,,pre_1,close,192.86731340175433,2972.664319125904,2972.664319125904
194,2022-09-08,2022-09-02,2022-09-02,AG2212,AG,1,0,3020.9656748488574,2972.664319125904,22,22,035957872803,035957872803,15,,pre_1,close,192.86731340175433,3020.9656748488574,3020.9656748488574
195,2022-09-09,2022-09-02,2022-09-02,AG2212,AG,1,0,3072.8186008455577,3020.9656748488574,22,22,035957872803,035957872803,15,,pre_1,close,192.86731340175433,3072.8186008455577,3072.8186008455577
196,2022-09-13,2022-09-02,2022-09-02,AG2212,AG,1,0,3196.4132463719397,3072.8186008455577,0,22,035957872803,035957872803,15,,pre_1,close,192.86731340175433,3172.262568510462,3172.262568510462
197,2022-10-13,2022-10-13,2022-10-13,A2301,A,1,0,4997.398072113479,5017.349496459706,19,19,035905313721,035905313721,10,,pre_1,close,190.65928086546882,4997.398072113479,4997.398072113479
198,2022-10-14,2022-10-13,2022-10-13,A2301,A,1,0,5004.337697973036,4997.398072113479,19,19,035905313721,035905313721,10,,pre_1,close,190.65928086546882,5004.337697973036,5004.337697973036
199,2022-10-17,2022-10-13,2022-10-13,A2301,A,1,0,4993.928259183701,5004.337697973036,19,19,035905313721,035905313721,10,,pre_1,close,190.65928086546882,4993.928259183701,4993.928259183701
200,2022-10-17,2022-10-17,2022-10-17,AG2212,AG,1,0,3103.3621051997784,3131.774667389752,21,21,035960949520,035960949520,15,,pre_1,close,197.30180404555438,3103.3621051997784,3103.3621051997784
201,2022-10-18,2022-10-13,2022-10-13,A2301,A,1,0,5013.879683529927,4993.928259183701,19,19,035905313721,035905313721,10,,pre_1,close,190.65928086546882,5013.879683529927,5013.879683529927
202,2022-10-18,2022-10-17,2022-10-17,AG2212,AG,1,0,3140.298436046743,3103.3621051997784,21,21,035960949520,035960949520,15,,pre_1,close,197.30180404555438,3140.298436046743,3140.298436046743
203,2022-10-19,2022-10-13,2022-10-13,A2301,A,1,0,5034.6985611085975,5013.879683529927,0,19,035905313721,035905313721,10,,pre_1,close,190.65928086546882,4983.518820394365,4983.518820394365
204,2022-10-19,2022-10-17,2022-10-17,AG2212,AG,1,0,3116.858072240016,3140.298436046743,21,21,035960949520,035960949520,15,,pre_1,close,197.30180404555438,3116.858072240016,3116.858072240016
205,2022-10-20,2022-10-17,2022-10-17,AG2212,AG,1,0,3104.072419254528,3116.858072240016,21,21,035960949520,035960949520,15,,pre_1,close,197.30180404555438,3104.072419254528,3104.072419254528
206,2022-10-21,2022-10-17,2022-10-17,AG2212,AG,1,0,3109.7549316925224,3104.072419254528,0,21,035960949520,035960949520,15,,pre_1,close,197.30180404555438,3114.0168160210183,3114.0168160210183
207,2022-10-21,2022-10-21,2022-10-21,AG2212,AG,-1,0,3114.0168160210183,3109.7549316925224,21,21,035963124818,035963124818,15,,pre_1,close,195.91456069662894,3114.0168160210183,3114.0168160210183
208,2022-10-24,2022-10-21,2022-10-21,AG2212,AG,-1,0,3226.2464366714107,3114.0168160210183,21,21,035963124818,035963124818,15,,pre_1,close,195.91456069662894,3226.2464366714107,3226.2464366714107
209,2022-10-24,2022-10-24,2022-10-24,A2301,A,1,0,4847.328662900559,4877.689526036121,20,20,035908464991,035908464991,10,,pre_1,close,195.10758104144483,4847.328662900559,4847.328662900559
210,2022-10-25,2022-10-21,2022-10-21,AG2212,AG,-1,0,3249.686800478138,3226.2464366714107,21,21,035963124818,035963124818,15,,pre_1,close,195.91456069662894,3249.686800478138,3249.686800478138
211,2022-10-25,2022-10-24,2022-10-24,A2301,A,1,0,4831.714504716556,4847.328662900559,20,20,035908464991,035908464991,10,,pre_1,close,195.10758104144483,4831.714504716556,4831.714504716556
212,2022-10-26,2022-10-21,2022-10-21,AG2212,AG,-1,0,3279.5199907776096,3249.686800478138,21,21,035963124818,035963124818,15,,pre_1,close,195.91456069662894,3279.5199907776096,3279.5199907776096
213,2022-10-26,2022-10-24,2022-10-24,A2301,A,1,0,4829.112145019222,4831.714504716556,20,20,035908464991,035908464991,10,,pre_1,close,195.10758104144483,4829.112145019222,4829.112145019222
214,2022-10-27,2022-10-21,2022-10-21,AG2212,AG,-1,0,3241.873345875896,3279.5199907776096,21,21,035963124818,035963124818,15,,pre_1,close,195.91456069662894,3241.873345875896,3241.873345875896
215,2022-10-27,2022-10-24,2022-10-24,A2301,A,1,0,4847.328662900559,4829.112145019222,20,20,035908464991,035908464991,10,,pre_1,close,195.10758104144483,4847.328662900559,4847.328662900559
216,2022-10-28,2022-10-21,2022-10-21,AG2212,AG,-1,0,3249.686800478138,3241.873345875896,21,21,035963124818,035963124818,15,,pre_1,close,195.91456069662894,3249.686800478138,3249.686800478138
217,2022-10-28,2022-10-24,2022-10-24,A2301,A,1,0,4838.654130576113,4847.328662900559,20,20,035908464991,035908464991,10,,pre_1,close,195.10758104144483,4838.654130576113,4838.654130576113
218,2022-10-31,2022-10-21,2022-10-21,AG2212,AG,-1,0,3215.591725850171,3249.686800478138,21,21,035963124818,035963124818,15,,pre_1,close,195.91456069662894,3215.591725850171,3215.591725850171
219,2022-10-31,2022-10-24,2022-10-24,A2301,A,1,0,4832.581957949001,4838.654130576113,20,20,035908464991,035908464991,10,,pre_1,close,195.10758104144483,4832.581957949001,4832.581957949001
220,2022-11-01,2022-10-21,2022-10-21,AG2212,AG,-1,0,3291.5953297083483,3215.591725850171,21,21,035963124818,035963124818,15,,pre_1,close,195.91456069662894,3291.5953297083483,3291.5953297083483
221,2022-11-01,2022-10-24,2022-10-24,A2301,A,1,0,4854.268288760116,4832.581957949001,20,20,035908464991,035908464991,10,,pre_1,close,195.10758104144483,4854.268288760116,4854.268288760116
222,2022-11-02,2022-10-21,2022-10-21,AG2212,AG,-1,0,3291.5953297083483,3291.5953297083483,21,21,035963124818,035963124818,15,,pre_1,close,195.91456069662894,3291.5953297083483,3291.5953297083483
223,2022-11-02,2022-10-24,2022-10-24,A2301,A,1,0,4843.85884997078,4854.268288760116,20,20,035908464991,035908464991,10,,pre_1,close,195.10758104144483,4843.85884997078,4843.85884997078
224,2022-11-03,2022-10-21,2022-10-21,AG2212,AG,-1,0,3248.26617236864,3291.5953297083483,21,21,035963124818,035963124818,15,,pre_1,close,195.91456069662894,3248.26617236864,3248.26617236864
225,2022-11-03,2022-10-24,2022-10-24,A2301,A,1,0,4854.268288760116,4843.85884997078,20,20,035908464991,035908464991,10,,pre_1,close,195.10758104144483,4854.268288760116,4854.268288760116
226,2022-11-04,2022-10-21,2022-10-21,AG2212,AG,-1,0,3284.492189160855,3248.26617236864,21,21,035963124818,035963124818,15,,pre_1,close,195.91456069662894,3284.492189160855,3284.492189160855
227,2022-11-04,2022-10-24,2022-10-24,A2301,A,1,0,4816.100346532553,4854.268288760116,20,20,035908464991,035908464991,10,,pre_1,close,195.10758104144483,4816.100346532553,4816.100346532553
228,2022-11-07,2022-10-21,2022-10-21,AG2212,AG,-1,0,3367.5989335665254,3284.492189160855,21,21,035963124818,035963124818,15,,pre_1,close,195.91456069662894,3367.5989335665254,3367.5989335665254
229,2022-11-07,2022-10-24,2022-10-24,A2301,A,1,0,4816.100346532553,4816.100346532553,0,20,035908464991,035908464991,10,,pre_1,close,195.10758104144483,4824.774878856999,4824.774878856999
230,2022-11-08,2022-10-21,2022-10-21,AG2212,AG,-1,0,3405.9558925229885,3367.5989335665254,21,21,035963124818,035963124818,15,,pre_1,close,195.91456069662894,3405.9558925229885,3405.9558925229885
231,2022-11-09,2022-10-21,2022-10-21,AG2212,AG,-1,0,3508.241116406891,3405.9558925229885,21,21,035963124818,035963124818,15,,pre_1,close,195.91456069662894,3508.241116406891,3508.241116406891
232,2022-11-10,2022-10-21,2022-10-21,AG2212,AG,-1,0,3494.0348353119043,3508.241116406891,21,21,035963124818,035963124818,15,,pre_1,close,195.91456069662894,3494.0348353119043,3494.0348353119043
233,2022-11-11,2022-10-21,2022-10-21,AG2212,AG,-1,0,3548.729017527602,3494.0348353119043,21,21,035963124818,035963124818,15,,pre_1,close,195.91456069662894,3548.729017527602,3548.729017527602
234,2022-11-14,2022-10-21,2022-10-21,AG2212,AG,-1,0,3461.3603887934355,3548.729017527602,21,21,035963124818,035963124818,15,,pre_1,close,195.91456069662894,3461.3603887934355,3461.3603887934355
235,2022-11-15,2022-10-21,2022-10-21,AG2212,AG,-1,0,3520.316455337629,3461.3603887934355,21,21,035963124818,035963124818,15,,pre_1,close,195.91456069662894,3520.316455337629,3520.316455337629
236,2022-11-16,2022-10-21,2022-10-21,AG2212,AG,-1,0,3491.9038931476566,3520.316455337629,21,21,035963124818,035963124818,15,,pre_1,close,195.91456069662894,3491.9038931476566,3491.9038931476566
237,2022-11-17,2022-10-21,2022-10-21,AG2212,AG,-1,0,3486.931694764411,3491.9038931476566,21,21,035963124818,035963124818,15,,pre_1,close,195.91456069662894,3486.931694764411,3486.931694764411
238,2022-11-18,2022-10-21,2022-10-21,AG2212,AG,-1,0,3449.9953639174464,3486.931694764411,21,21,035963124818,035963124818,15,,pre_1,close,195.91456069662894,3449.9953639174464,3449.9953639174464
239,2022-11-21,2022-10-21,2022-10-21,AG2212,AG,-1,0,3448.574735807948,3449.9953639174464,0,21,035963124818,035963124818,15,,pre_1,close,195.91456069662894,3410.928090906234,3410.928090906234
240,2022-11-23,2022-11-23,2022-11-23,A2301,A,1,0,4827.3772385543325,4815.232893300108,20,20,035912620873,035912620873,10,,pre_1,close,192.60931573200435,4827.3772385543325,4827.3772385543325
241,2022-11-24,2022-11-23,2022-11-23,A2301,A,1,0,4836.051770878779,4827.3772385543325,0,20,035912620873,035912620873,10,,pre_1,close,192.60931573200435,4875.954619571232,4875.954619571232
242,2023-01-18,2023-01-18,2023-01-18,A2305,A,-1,0,4915.786635952758,4870.012467898424,20,20,039055225708,039055225708,10,,pre_1,close,194.80049871593695,4915.786635952758,4915.786635952758
243,2023-01-18,2023-01-18,2023-01-18,AG2306,AG,-1,0,3736.770938565419,3740.2902180328942,17,17,039101107055,039101107055,15,,pre_1,close,190.7548011196776,3736.770938565419,3736.770938565419
244,2023-01-19,2023-01-18,2023-01-18,A2305,A,-1,0,4925.659495729184,4915.786635952758,20,20,039055225708,039055225708,10,,pre_1,close,194.80049871593695,4925.659495729184,4925.659495729184
245,2023-01-19,2023-01-18,2023-01-18,AG2306,AG,-1,0,3635.4156899021264,3736.770938565419,17,17,039101107055,039101107055,15,,pre_1,close,190.7548011196776,3635.4156899021264,3635.4156899021264
246,2023-01-20,2023-01-18,2023-01-18,A2305,A,-1,0,4941.815084454242,4925.659495729184,20,20,039055225708,039055225708,10,,pre_1,close,194.80049871593695,4941.815084454242,4941.815084454242
247,2023-01-20,2023-01-18,2023-01-18,AG2306,AG,-1,0,3639.638825263097,3635.4156899021264,0,17,039101107055,039101107055,15,,pre_1,close,190.7548011196776,3738.178650352409,3738.178650352409
248,2023-01-30,2023-01-18,2023-01-18,A2305,A,-1,0,4969.638598369623,4941.815084454242,20,20,039055225708,039055225708,10,,pre_1,close,194.80049871593695,4969.638598369623,4969.638598369623
249,2023-01-31,2023-01-18,2023-01-18,A2305,A,-1,0,4956.175607765406,4969.638598369623,20,20,039055225708,039055225708,10,,pre_1,close,194.80049871593695,4956.175607765406,4956.175607765406
250,2023-02-01,2023-01-18,2023-01-18,A2305,A,-1,0,4968.741065662674,4956.175607765406,20,20,039055225708,039055225708,10,,pre_1,close,194.80049871593695,4968.741065662674,4968.741065662674
251,2023-02-02,2023-01-18,2023-01-18,A2305,A,-1,0,5014.515233717009,4968.741065662674,20,20,039055225708,039055225708,10,,pre_1,close,194.80049871593695,5014.515233717009,5014.515233717009
252,2023-02-03,2023-01-18,2023-01-18,A2305,A,-1,0,4978.6139254391,5014.515233717009,20,20,039055225708,039055225708,10,,pre_1,close,194.80049871593695,4978.6139254391,4978.6139254391
253,2023-02-03,2023-02-03,2023-02-03,AG2306,AG,-1,0,3657.939078493969,3775.483012707649,17,17,039106547678,039106547678,15,,pre_1,close,192.5496336480901,3657.939078493969,3657.939078493969
254,2023-02-06,2023-01-18,2023-01-18,A2305,A,-1,0,5001.949775819741,4978.6139254391,20,20,039055225708,039055225708,10,,pre_1,close,194.80049871593695,5001.949775819741,5001.949775819741
255,2023-02-06,2023-02-03,2023-02-03,AG2306,AG,-1,0,3660.0506461744544,3657.939078493969,0,17,039106547678,039106547678,15,,pre_1,close,192.5496336480901,3537.579720706309,3537.579720706309
256,2023-02-07,2023-01-18,2023-01-18,A2305,A,-1,0,4992.076916043316,5001.949775819741,20,20,039055225708,039055225708,10,,pre_1,close,194.80049871593695,4992.076916043316,4992.076916043316
257,2023-02-07,2023-02-07,2023-02-07,AG2306,AG,1,0,3524.9103146233974,3537.579720706309,18,18,039110330160,039110330160,15,,pre_1,close,191.0293049181407,3524.9103146233974,3524.9103146233974
258,2023-02-08,2023-01-18,2023-01-18,A2305,A,-1,0,4979.511458146048,4992.076916043316,20,20,039055225708,039055225708,10,,pre_1,close,194.80049871593695,4979.511458146048,4979.511458146048
259,2023-02-08,2023-02-07,2023-02-07,AG2306,AG,1,0,3514.3524762209718,3524.9103146233974,18,18,039110330160,039110330160,15,,pre_1,close,191.0293049181407,3514.3524762209718,3514.3524762209718
260,2023-02-09,2023-01-18,2023-01-18,A2305,A,-1,0,4967.843532955727,4979.511458146048,20,20,039055225708,039055225708,10,,pre_1,close,194.80049871593695,4967.843532955727,4967.843532955727
261,2023-02-09,2023-02-07,2023-02-07,AG2306,AG,1,0,3520.687179262427,3514.3524762209718,18,18,039110330160,039110330160,15,,pre_1,close,191.0293049181407,3520.687179262427,3520.687179262427
262,2023-02-10,2023-01-18,2023-01-18,A2305,A,-1,0,5011.822635596166,4967.843532955727,20,20,039055225708,039055225708,10,,pre_1,close,194.80049871593695,5011.822635596166,5011.822635596166
263,2023-02-10,2023-02-07,2023-02-07,AG2306,AG,1,0,3468.6018431437906,3520.687179262427,18,18,039110330160,039110330160,15,,pre_1,close,191.0293049181407,3468.6018431437906,3468.6018431437906
264,2023-02-13,2023-01-18,2023-01-18,A2305,A,-1,0,4953.483009644563,5011.822635596166,20,20,039055225708,039055225708,10,,pre_1,close,194.80049871593695,4953.483009644563,4953.483009644563
265,2023-02-13,2023-02-07,2023-02-07,AG2306,AG,1,0,3476.3442579722364,3468.6018431437906,18,18,039110330160,039110330160,15,,pre_1,close,191.0293049181407,3476.3442579722364,3476.3442579722364
266,2023-02-14,2023-01-18,2023-01-18,A2305,A,-1,0,4971.433663783518,4953.483009644563,20,20,039055225708,039055225708,10,,pre_1,close,194.80049871593695,4971.433663783518,4971.433663783518
267,2023-02-14,2023-02-07,2023-02-07,AG2306,AG,1,0,3486.198240481168,3476.3442579722364,18,18,039110330160,039110330160,15,,pre_1,close,191.0293049181407,3486.198240481168,3486.198240481168
268,2023-02-15,2023-01-18,2023-01-18,A2305,A,-1,0,5001.052243112793,4971.433663783518,20,20,039055225708,039055225708,10,,pre_1,close,194.80049871593695,5001.052243112793,5001.052243112793
269,2023-02-15,2023-02-07,2023-02-07,AG2306,AG,1,0,3457.3401488478694,3486.198240481168,18,18,039110330160,039110330160,15,,pre_1,close,191.0293049181407,3457.3401488478694,3457.3401488478694
270,2023-02-16,2023-01-18,2023-01-18,A2305,A,-1,0,5020.797962665643,5001.052243112793,20,20,039055225708,039055225708,10,,pre_1,close,194.80049871593695,5020.797962665643,5020.797962665643
271,2023-02-16,2023-02-07,2023-02-07,AG2306,AG,1,0,3461.56328420884,3457.3401488478694,18,18,039110330160,039110330160,15,,pre_1,close,191.0293049181407,3461.56328420884,3461.56328420884
272,2023-02-17,2023-01-18,2023-01-18,A2305,A,-1,0,5038.748616804598,5020.797962665643,20,20,039055225708,039055225708,10,,pre_1,close,194.80049871593695,5038.748616804598,5038.748616804598
273,2023-02-17,2023-02-07,2023-02-07,AG2306,AG,1,0,3434.1129043625315,3461.56328420884,18,18,039110330160,039110330160,15,,pre_1,close,191.0293049181407,3434.1129043625315,3434.1129043625315
274,2023-02-20,2023-01-18,2023-01-18,A2305,A,-1,0,5025.285626200383,5038.748616804598,20,20,039055225708,039055225708,10,,pre_1,close,194.80049871593695,5025.285626200383,5025.285626200383
275,2023-02-20,2023-02-07,2023-02-07,AG2306,AG,1,0,3494.644511203109,3434.1129043625315,18,18,039110330160,039110330160,15,,pre_1,close,191.0293049181407,3494.644511203109,3494.644511203109
276,2023-02-21,2023-01-18,2023-01-18,A2305,A,-1,0,5024.388093493434,5025.285626200383,20,20,039055225708,039055225708,10,,pre_1,close,194.80049871593695,5024.388093493434,5024.388093493434
277,2023-02-21,2023-02-07,2023-02-07,AG2306,AG,1,0,3489.013664055148,3494.644511203109,0,18,039110330160,039110330160,15,,pre_1,close,191.0293049181407,3493.9406553096137,3493.9406553096137
278,2023-02-22,2023-01-18,2023-01-18,A2305,A,-1,0,5078.240055910299,5024.388093493434,20,20,039055225708,039055225708,10,,pre_1,close,194.80049871593695,5078.240055910299,5078.240055910299
279,2023-02-23,2023-01-18,2023-01-18,A2305,A,-1,0,5029.773289735121,5078.240055910299,20,20,039055225708,039055225708,10,,pre_1,close,194.80049871593695,5029.773289735121,5029.773289735121
280,2023-02-24,2023-01-18,2023-01-18,A2305,A,-1,0,5037.8510840976505,5029.773289735121,20,20,039055225708,039055225708,10,,pre_1,close,194.80049871593695,5037.8510840976505,5037.8510840976505
281,2023-02-27,2023-01-18,2023-01-18,A2305,A,-1,0,5020.797962665643,5037.8510840976505,20,20,039055225708,039055225708,10,,pre_1,close,194.80049871593695,5020.797962665643,5020.797962665643
282,2023-02-28,2023-01-18,2023-01-18,A2305,A,-1,0,5022.593028079539,5020.797962665643,0,20,039055225708,039055225708,10,,pre_1,close,194.80049871593695,5013.617701010062,5013.617701010062
283,2023-02-28,2023-02-28,2023-02-28,AG2306,AG,1,0,3431.2974807885507,3433.4090484690364,19,19,039113783097,039113783097,15,,pre_1,close,195.70431576273506,3431.2974807885507,3431.2974807885507
284,2023-03-01,2023-02-28,2023-02-28,AG2306,AG,1,0,3473.528834398256,3431.2974807885507,19,19,039113783097,039113783097,15,,pre_1,close,195.70431576273506,3473.528834398256,3473.528834398256
285,2023-03-02,2023-02-28,2023-02-28,AG2306,AG,1,0,3441.8553191909773,3473.528834398256,19,19,039113783097,039113783097,15,,pre_1,close,195.70431576273506,3441.8553191909773,3441.8553191909773
286,2023-03-03,2023-02-28,2023-02-28,AG2306,AG,1,0,3470.713410824276,3441.8553191909773,19,19,039113783097,039113783097,15,,pre_1,close,195.70431576273506,3470.713410824276,3470.713410824276
287,2023-03-06,2023-02-28,2023-02-28,AG2306,AG,1,0,3503.7946378185447,3470.713410824276,19,19,039113783097,039113783097,15,,pre_1,close,195.70431576273506,3503.7946378185447,3503.7946378185447
288,2023-03-07,2023-02-28,2023-02-28,AG2306,AG,1,0,3498.867646564079,3503.7946378185447,0,19,039113783097,039113783097,15,,pre_1,close,195.70431576273506,3482.6789610136925,3482.6789610136925
289,2023-03-08,2023-03-08,2023-03-08,A2305,A,1,0,4871.807533312319,4912.196505124967,20,20,039055192716,039055192716,10,,pre_1,close,196.4878602049987,4871.807533312319,4871.807533312319
290,2023-03-09,2023-03-08,2023-03-08,A2305,A,1,0,5001.949775819741,4871.807533312319,20,20,039055192716,039055192716,10,,pre_1,close,196.4878602049987,5001.949775819741,5001.949775819741
291,2023-03-10,2023-03-08,2023-03-08,A2305,A,1,0,5000.154710405845,5001.949775819741,20,20,039055192716,039055192716,10,,pre_1,close,196.4878602049987,5000.154710405845,5000.154710405845
292,2023-03-13,2023-03-08,2023-03-08,A2305,A,1,0,5000.154710405845,5000.154710405845,0,20,039055192716,039055192716,10,,pre_1,close,196.4878602049987,4982.204056266891,4982.204056266891
293,2023-03-17,2023-03-17,2023-03-17,A2305,A,1,0,4887.9631220373785,4928.352093850026,20,20,039055129979,039055129979,10,,pre_1,close,197.13408375400107,4887.9631220373785,4887.9631220373785
294,2023-03-20,2023-03-17,2023-03-17,A2305,A,1,0,4887.9631220373785,4887.9631220373785,20,20,039055129979,039055129979,10,,pre_1,close,197.13408375400107,4887.9631220373785,4887.9631220373785
295,2023-03-21,2023-03-17,2023-03-17,A2305,A,1,0,4880.782860381796,4887.9631220373785,20,20,039055129979,039055129979,10,,pre_1,close,197.13408375400107,4880.782860381796,4880.782860381796
296,2023-03-22,2023-03-17,2023-03-17,A2305,A,1,0,4904.118710762437,4880.782860381796,20,20,039055129979,039055129979,10,,pre_1,close,197.13408375400107,4904.118710762437,4904.118710762437
297,2023-03-23,2023-03-17,2023-03-17,A2305,A,1,0,4871.807533312319,4904.118710762437,20,20,039055129979,039055129979,10,,pre_1,close,197.13408375400107,4871.807533312319,4871.807533312319
298,2023-03-24,2023-03-17,2023-03-17,A2305,A,1,0,4876.295196847058,4871.807533312319,20,20,039055129979,039055129979,10,,pre_1,close,197.13408375400107,4876.295196847058,4876.295196847058
299,2023-03-27,2023-03-17,2023-03-17,A2305,A,1,0,4861.037140828946,4876.295196847058,20,20,039055129979,039055129979,10,,pre_1,close,197.13408375400107,4861.037140828946,4861.037140828946
300,2023-03-28,2023-03-17,2023-03-17,A2305,A,1,0,4845.779084810834,4861.037140828946,20,20,039055129979,039055129979,10,,pre_1,close,197.13408375400107,4845.779084810834,4845.779084810834
301,2023-03-29,2023-03-17,2023-03-17,A2305,A,1,0,4820.648169016298,4845.779084810834,20,20,039055129979,039055129979,10,,pre_1,close,197.13408375400107,4820.648169016298,4820.648169016298
302,2023-03-30,2023-03-17,2023-03-17,A2305,A,1,0,4818.853103602402,4820.648169016298,20,20,039055129979,039055129979,10,,pre_1,close,197.13408375400107,4818.853103602402,4818.853103602402
303,2023-03-31,2023-03-17,2023-03-17,A2305,A,1,0,4837.7012904483045,4818.853103602402,20,20,039055129979,039055129979,10,,pre_1,close,197.13408375400107,4837.7012904483045,4837.7012904483045
304,2023-04-03,2023-03-17,2023-03-17,A2305,A,1,0,4835.9062250344095,4837.7012904483045,20,20,039055129979,039055129979,10,,pre_1,close,197.13408375400107,4835.9062250344095,4835.9062250344095
305,2023-04-04,2023-03-17,2023-03-17,A2305,A,1,0,4808.980243825978,4835.9062250344095,20,20,039055129979,039055129979,10,,pre_1,close,197.13408375400107,4808.980243825978,4808.980243825978
306,2023-04-06,2023-03-17,2023-03-17,A2305,A,1,0,4756.025814116061,4808.980243825978,20,20,039055129979,039055129979,10,,pre_1,close,197.13408375400107,4756.025814116061,4756.025814116061
307,2023-04-07,2023-03-17,2023-03-17,A2305,A,1,0,4712.022491240662,4756.025814116061,20,20,039055129979,039055129979,10,,pre_1,close,197.13408375400107,4712.022491240662,4712.022491240662
308,2023-04-10,2023-03-17,2023-03-17,A2305,A,1,0,4713.855963027137,4712.022491240662,20,20,039055129979,039055129979,10,,pre_1,close,197.13408375400107,4713.855963027137,4713.855963027137
309,2023-04-11,2023-03-17,2023-03-17,A2305,A,1,0,4656.101601753176,4713.855963027137,20,20,039055129979,039055129979,10,,pre_1,close,197.13408375400107,4656.101601753176,4656.101601753176
310,2023-04-11,2023-04-11,2023-04-11,AG2306,AG,1,0,3926.1081739155975,3893.026946921328,17,17,039120206128,039120206128,15,,pre_1,close,198.54437429298773,3926.1081739155975,3926.1081739155975
311,2023-04-12,2023-03-17,2023-03-17,A2305,A,1,0,4666.185696578787,4656.101601753176,20,20,039055129979,039055129979,10,,pre_1,close,197.13408375400107,4666.185696578787,4666.185696578787
312,2023-04-12,2023-04-11,2023-04-11,AG2306,AG,1,0,3992.9744837976314,3926.1081739155975,17,17,039120206128,039120206128,15,,pre_1,close,198.54437429298773,3992.9744837976314,3992.9744837976314
313,2023-04-13,2023-03-17,2023-03-17,A2305,A,1,0,4665.26896068555,4666.185696578787,20,20,039055129979,039055129979,10,,pre_1,close,197.13408375400107,4665.26896068555,4665.26896068555
314,2023-04-13,2023-04-11,2023-04-11,AG2306,AG,1,0,4023.24028721792,3992.9744837976314,0,17,039120206128,039120206128,15,,pre_1,close,198.54437429298773,4003.532322200057,4003.532322200057
315,2023-04-13,2023-04-13,2023-04-13,AG2306,AG,-1,0,4003.532322200057,4023.24028721792,16,16,039123895346,039123895346,15,,pre_1,close,193.11553378646016,4003.532322200057,4003.532322200057
316,2023-04-14,2023-03-17,2023-03-17,A2305,A,1,0,4647.850978714038,4665.26896068555,20,20,039055129979,039055129979,10,,pre_1,close,197.13408375400107,4647.850978714038,4647.850978714038
317,2023-04-14,2023-04-13,2023-04-13,AG2306,AG,-1,0,4072.510199762576,4003.532322200057,16,16,039123895346,039123895346,15,,pre_1,close,193.11553378646016,4072.510199762576,4072.510199762576
318,2023-04-17,2023-03-17,2023-03-17,A2305,A,1,0,4635.933412101951,4647.850978714038,20,20,039055129979,039055129979,10,,pre_1,close,197.13408375400107,4635.933412101951,4635.933412101951
319,2023-04-17,2023-04-13,2023-04-13,AG2306,AG,-1,0,4007.755457561028,4072.510199762576,16,16,039123895346,039123895346,15,,pre_1,close,193.11553378646016,4007.755457561028,4007.755457561028
320,2023-04-18,2023-03-17,2023-03-17,A2305,A,1,0,4691.8543015894375,4635.933412101951,20,20,039055129979,039055129979,10,,pre_1,close,197.13408375400107,4691.8543015894375,4691.8543015894375
321,2023-04-18,2023-04-13,2023-04-13,AG2306,AG,-1,0,3959.8932568033615,4007.755457561028,16,16,039123895346,039123895346,15,,pre_1,close,193.11553378646016,3959.8932568033615,3959.8932568033615
322,2023-04-19,2023-03-17,2023-03-17,A2305,A,1,0,4644.184035141088,4691.8543015894375,20,20,039055129979,039055129979,10,,pre_1,close,197.13408375400107,4644.184035141088,4644.184035141088
323,2023-04-19,2023-04-13,2023-04-13,AG2306,AG,-1,0,3948.63156250744,3959.8932568033615,16,16,039123895346,039123895346,15,,pre_1,close,193.11553378646016,3948.63156250744,3948.63156250744
324,2023-04-20,2023-03-17,2023-03-17,A2305,A,1,0,4544.259822778203,4644.184035141088,20,20,039055129979,039055129979,10,,pre_1,close,197.13408375400107,4544.259822778203,4544.259822778203
325,2023-04-20,2023-04-13,2023-04-13,AG2306,AG,-1,0,3955.670121442391,3948.63156250744,0,16,039123895346,039123895346,15,,pre_1,close,193.11553378646016,3986.639780756175,3986.639780756175
326,2023-04-20,2023-04-20,2023-04-20,AG2306,AG,1,0,3986.639780756175,3955.670121442391,16,16,039125055956,039125055956,15,,pre_1,close,189.8721658292348,3986.639780756175,3986.639780756175
327,2023-04-21,2023-03-17,2023-03-17,A2305,A,1,0,4464.503800066542,4544.259822778203,20,20,039055129979,039055129979,10,,pre_1,close,197.13408375400107,4464.503800066542,4464.503800066542
328,2023-04-21,2023-04-20,2023-04-20,AG2306,AG,1,0,3947.927706613945,3986.639780756175,16,16,039125055956,039125055956,15,,pre_1,close,189.8721658292348,3947.927706613945,3947.927706613945
329,2023-04-24,2023-03-17,2023-03-17,A2305,A,1,0,4539.676143312015,4464.503800066542,20,20,039055129979,039055129979,10,,pre_1,close,197.13408375400107,4539.676143312015,4539.676143312015
330,2023-04-24,2023-04-20,2023-04-20,AG2306,AG,1,0,3928.923597489578,3947.927706613945,16,16,039125055956,039125055956,15,,pre_1,close,189.8721658292348,3928.923597489578,3928.923597489578
331,2023-04-25,2023-03-17,2023-03-17,A2305,A,1,0,4520.424689554028,4539.676143312015,20,20,039055129979,039055129979,10,,pre_1,close,197.13408375400107,4520.424689554028,4520.424689554028
332,2023-04-25,2023-04-20,2023-04-20,AG2306,AG,1,0,3966.227959844817,3928.923597489578,16,16,039125055956,039125055956,15,,pre_1,close,189.8721658292348,3966.227959844817,3966.227959844817
333,2023-04-26,2023-03-17,2023-03-17,A2305,A,1,0,4483.755253824528,4520.424689554028,20,20,039055129979,039055129979,10,,pre_1,close,197.13408375400107,4483.755253824528,4483.755253824528
334,2023-04-26,2023-04-20,2023-04-20,AG2306,AG,1,0,3952.150841974916,3966.227959844817,16,16,039125055956,039125055956,15,,pre_1,close,189.8721658292348,3952.150841974916,3952.150841974916
335,2023-04-27,2023-03-17,2023-03-17,A2305,A,1,0,4445.2523463085545,4483.755253824528,20,20,039055129979,039055129979,10,,pre_1,close,197.13408375400107,4445.2523463085545,4445.2523463085545
336,2023-04-27,2023-04-20,2023-04-20,AG2306,AG,1,0,3966.931815738312,3952.150841974916,16,16,039125055956,039125055956,15,,pre_1,close,189.8721658292348,3966.931815738312,3966.931815738312
337,2023-04-28,2023-03-17,2023-03-17,A2305,A,1,0,4434.2515155897045,4445.2523463085545,20,20,039055129979,039055129979,10,,pre_1,close,197.13408375400107,4434.2515155897045,4434.2515155897045
338,2023-04-28,2023-04-20,2023-04-20,AG2306,AG,1,0,3949.335418400936,3966.931815738312,0,16,039125055956,039125055956,15,,pre_1,close,189.8721658292348,3954.966265548896,3954.966265548896
339,2023-05-04,2023-03-17,2023-03-17,A2305,A,1,0,4403.08249521963,4434.2515155897045,20,20,039055129979,039055129979,10,,pre_1,close,197.13408375400107,4403.08249521963,4403.08249521963
340,2023-05-05,2023-03-17,2023-03-17,A2305,A,1,0,4486.505461504241,4403.08249521963,20,20,039055129979,039055129979,10,,pre_1,close,197.13408375400107,4486.505461504241,4486.505461504241
341,2023-05-08,2023-03-17,2023-03-17,A2305,A,1,0,4682.686942657062,4486.505461504241,20,20,039055129979,039055129979,10,,pre_1,close,197.13408375400107,4682.686942657062,4682.686942657062
342,2023-05-08,2023-05-08,2023-05-08,AG2306,AG,-1,0,4062.656217253644,4061.248505466654,16,16,039129628850,039129628850,15,,pre_1,close,194.9399282623994,4062.656217253644,4062.656217253644
343,2023-05-09,2023-03-17,2023-03-17,A2305,A,1,0,4683.6036785503,4682.686942657062,0,20,039055129979,039055129979,10,,pre_1,close,197.13408375400107,4652.434658180226,4652.434658180226
344,2023-05-09,2023-05-08,2023-05-08,AG2306,AG,-1,0,4039.428972768306,4062.656217253644,16,16,039129628850,039129628850,15,,pre_1,close,194.9399282623994,4039.428972768306,4039.428972768306
345,2023-05-10,2023-05-08,2023-05-08,AG2306,AG,-1,0,4061.952361360149,4039.428972768306,16,16,039129628850,039129628850,15,,pre_1,close,194.9399282623994,4061.952361360149,4061.952361360149
346,2023-05-11,2023-05-08,2023-05-08,AG2306,AG,-1,0,3987.34363664967,4061.952361360149,16,16,039129628850,039129628850,15,,pre_1,close,194.9399282623994,3987.34363664967,3987.34363664967
347,2023-05-12,2023-05-08,2023-05-08,AG2306,AG,-1,0,3822.6413575718193,3987.34363664967,16,16,039129628850,039129628850,15,,pre_1,close,194.9399282623994,3822.6413575718193,3822.6413575718193
348,2023-05-15,2023-05-08,2023-05-08,AG2306,AG,-1,0,3830.3837724002656,3822.6413575718193,0,16,039129628850,039129628850,15,,pre_1,close,194.9399282623994,3832.495340080751,3832.495340080751
349,2023-05-15,2023-05-15,2023-05-15,AG2306,AG,1,0,3832.495340080751,3830.3837724002656,17,17,039132782086,039132782086,15,,pre_1,close,195.34957239241356,3832.495340080751,3832.495340080751
350,2023-05-16,2023-05-15,2023-05-15,AG2306,AG,1,0,3789.0080210681217,3832.495340080751,17,17,039132782086,039132782086,15,,pre_1,close,195.34957239241356,3789.0080210681217,3789.0080210681217
351,2023-05-17,2023-05-15,2023-05-15,AG2306,AG,1,0,3797.424921522179,3789.0080210681217,17,17,039132782086,039132782086,15,,pre_1,close,195.34957239241356,3797.424921522179,3797.424921522179
352,2023-05-18,2023-05-15,2023-05-15,AG2306,AG,1,0,3799.529146635693,3797.424921522179,17,17,039132782086,039132782086,15,,pre_1,close,195.34957239241356,3799.529146635693,3799.529146635693
353,2023-05-19,2023-05-15,2023-05-15,AG2306,AG,1,0,3824.779847997865,3799.529146635693,17,17,039132782086,039132782086,15,,pre_1,close,195.34957239241356,3824.779847997865,3824.779847997865
354,2023-05-22,2023-05-15,2023-05-15,AG2306,AG,1,0,3833.1967484519214,3824.779847997865,17,17,039132782086,039132782086,15,,pre_1,close,195.34957239241356,3833.1967484519214,3833.1967484519214
355,2023-05-23,2023-05-15,2023-05-15,AG2306,AG,1,0,3836.002381936608,3833.1967484519214,0,17,039132782086,039132782086,15,,pre_1,close,195.34957239241356,3803.036188491551,3803.036188491551
356,2023-05-23,2023-05-23,2023-05-23,A2307,A,1,0,4646.9342428208,4645.100771034326,21,21,039064649138,039064649138,10,,pre_1,close,195.0942323834417,4646.9342428208,4646.9342428208
357,2023-05-24,2023-05-23,2023-05-23,A2307,A,1,0,4669.852640151737,4646.9342428208,21,21,039064649138,039064649138,10,,pre_1,close,195.0942323834417,4669.852640151737,4669.852640151737
358,2023-05-25,2023-05-23,2023-05-23,A2307,A,1,0,4628.599524956051,4669.852640151737,21,21,039064649138,039064649138,10,,pre_1,close,195.0942323834417,4628.599524956051,4628.599524956051
359,2023-05-26,2023-05-23,2023-05-23,A2307,A,1,0,4619.432166023676,4628.599524956051,21,21,039064649138,039064649138,10,,pre_1,close,195.0942323834417,4619.432166023676,4619.432166023676
360,2023-05-29,2023-05-23,2023-05-23,A2307,A,1,0,4572.678635468565,4619.432166023676,21,21,039064649138,039064649138,10,,pre_1,close,195.0942323834417,4572.678635468565,4572.678635468565
361,2023-05-30,2023-05-23,2023-05-23,A2307,A,1,0,4642.350563354613,4572.678635468565,21,21,039064649138,039064649138,10,,pre_1,close,195.0942323834417,4642.350563354613,4642.350563354613
362,2023-05-31,2023-05-23,2023-05-23,A2307,A,1,0,4567.178220109139,4642.350563354613,21,21,039064649138,039064649138,10,,pre_1,close,195.0942323834417,4567.178220109139,4567.178220109139
363,2023-06-01,2023-05-23,2023-05-23,A2307,A,1,0,4620.348901916914,4567.178220109139,21,21,039064649138,039064649138,10,,pre_1,close,195.0942323834417,4620.348901916914,4620.348901916914
364,2023-06-02,2023-05-23,2023-05-23,A2307,A,1,0,4617.598694237201,4620.348901916914,21,21,039064649138,039064649138,10,,pre_1,close,195.0942323834417,4617.598694237201,4617.598694237201
365,2023-06-02,2023-06-02,2023-06-02,AG2308,AG,-1,0,3895.62209348618,3850.0305493600367,17,17,039135891507,039135891507,15,,pre_1,close,196.3515580173619,3895.62209348618,3895.62209348618
366,2023-06-05,2023-05-23,2023-05-23,A2307,A,1,0,4624.932581383101,4617.598694237201,0,21,039064649138,039064649138,10,,pre_1,close,195.0942323834417,4605.681127625114,4605.681127625114
367,2023-06-05,2023-06-02,2023-06-02,AG2308,AG,-1,0,3831.092523338408,3895.62209348618,17,17,039135891507,039135891507,15,,pre_1,close,196.3515580173619,3831.092523338408,3831.092523338408
368,2023-06-05,2023-06-05,2023-06-05,A2307,A,-1,0,4605.681127625114,4624.932581383101,21,21,039064636010,039064636010,10,,pre_1,close,194.24716841809024,4605.681127625114,4605.681127625114
369,2023-06-06,2023-06-02,2023-06-02,AG2308,AG,-1,0,3829.689706596065,3831.092523338408,0,17,039135891507,039135891507,15,,pre_1,close,196.3515580173619,3850.0305493600367,3850.0305493600367
370,2023-06-06,2023-06-05,2023-06-05,A2307,A,-1,0,4590.096617440076,4605.681127625114,21,21,039064636010,039064636010,10,,pre_1,close,194.24716841809024,4590.096617440076,4590.096617440076
371,2023-06-07,2023-06-05,2023-06-05,A2307,A,-1,0,4611.181542984538,4590.096617440076,0,21,039064636010,039064636010,10,,pre_1,close,194.24716841809024,4644.184035141088,4644.184035141088
372,2023-06-08,2023-06-08,2023-06-08,A2307,A,-1,0,4609.348071198064,4626.766053169576,21,21,039071461681,039071461681,10,,pre_1,close,194.3241742331222,4609.348071198064,4609.348071198064
373,2023-06-09,2023-06-08,2023-06-08,A2307,A,-1,0,4624.015845489864,4609.348071198064,21,21,039071461681,039071461681,10,,pre_1,close,194.3241742331222,4624.015845489864,4624.015845489864
374,2023-06-12,2023-06-08,2023-06-08,A2307,A,-1,0,4623.099109596626,4624.015845489864,0,21,039071461681,039071461681,10,,pre_1,close,194.3241742331222,4599.263976372451,4599.263976372451
375,2023-06-13,2023-06-13,2023-06-13,AG2308,AG,-1,0,3991.0136319654966,3963.6587054898105,16,16,039137017919,039137017919,15,,pre_1,close,190.2556178635109,3991.0136319654966,3991.0136319654966
376,2023-06-14,2023-06-13,2023-06-13,AG2308,AG,-1,0,3979.7910980267534,3991.0136319654966,0,16,039137017919,039137017919,15,,pre_1,close,190.2556178635109,3950.3319464375527,3950.3319464375527
377,2023-06-20,2023-06-20,2023-06-20,A2309,A,-1,0,4816.363773136133,4781.933849420307,20,20,039071560386,039071560386,10,,pre_1,close,191.27735397681226,4816.363773136133,4816.363773136133
378,2023-06-21,2023-06-20,2023-06-20,A2309,A,-1,0,4862.270338090568,4816.363773136133,20,20,039071560386,039071560386,10,,pre_1,close,191.27735397681226,4862.270338090568,4862.270338090568
379,2023-06-26,2023-06-20,2023-06-20,A2309,A,-1,0,4867.052271939988,4862.270338090568,20,20,039071560386,039071560386,10,,pre_1,close,191.27735397681226,4867.052271939988,4867.052271939988
380,2023-06-27,2023-06-20,2023-06-20,A2309,A,-1,0,4855.57563070138,4867.052271939988,20,20,039071560386,039071560386,10,,pre_1,close,191.27735397681226,4855.57563070138,4855.57563070138
381,2023-06-28,2023-06-20,2023-06-20,A2309,A,-1,0,4896.700261806394,4855.57563070138,20,20,039071560386,039071560386,10,,pre_1,close,191.27735397681226,4896.700261806394,4896.700261806394
382,2023-06-29,2023-06-20,2023-06-20,A2309,A,-1,0,4927.304638442684,4896.700261806394,20,20,039071560386,039071560386,10,,pre_1,close,191.27735397681226,4927.304638442684,4927.304638442684
383,2023-06-30,2023-06-20,2023-06-20,A2309,A,-1,0,4933.042959061989,4927.304638442684,20,20,039071560386,039071560386,10,,pre_1,close,191.27735397681226,4933.042959061989,4933.042959061989
384,2023-06-30,2023-06-30,2023-06-30,AG2308,AG,-1,0,3814.960130801465,3790.410837810464,17,17,039140425759,039140425759,15,,pre_1,close,193.31095272833366,3814.960130801465,3814.960130801465
385,2023-07-03,2023-06-20,2023-06-20,A2309,A,-1,0,4992.3389387948,4933.042959061989,20,20,039071560386,039071560386,10,,pre_1,close,191.27735397681226,4992.3389387948,4992.3389387948
386,2023-07-03,2023-06-30,2023-06-30,AG2308,AG,-1,0,3858.4474498140944,3814.960130801465,17,17,039140425759,039140425759,15,,pre_1,close,193.31095272833366,3858.4474498140944,3858.4474498140944
387,2023-07-04,2023-06-20,2023-06-20,A2309,A,-1,0,5011.466674192481,4992.3389387948,20,20,039071560386,039071560386,10,,pre_1,close,191.27735397681226,5011.466674192481,5011.466674192481
388,2023-07-04,2023-06-30,2023-06-30,AG2308,AG,-1,0,3864.760125154637,3858.4474498140944,17,17,039140425759,039140425759,15,,pre_1,close,193.31095272833366,3864.760125154637,3864.760125154637
389,2023-07-05,2023-06-20,2023-06-20,A2309,A,-1,0,5049.722144987844,5011.466674192481,20,20,039071560386,039071560386,10,,pre_1,close,191.27735397681226,5049.722144987844,5049.722144987844
390,2023-07-05,2023-06-30,2023-06-30,AG2308,AG,-1,0,3846.625535143083,3864.760125154637,17,17,039140425759,039140425759,15,,pre_1,close,193.31095272833366,3846.625535143083,3846.625535143083
391,2023-07-06,2023-06-20,2023-06-20,A2309,A,-1,0,4991.382552024917,5049.722144987844,20,20,039071560386,039071560386,10,,pre_1,close,191.27735397681226,4991.382552024917,4991.382552024917
392,2023-07-06,2023-06-30,2023-06-30,AG2308,AG,-1,0,3901.029305177745,3846.625535143083,17,17,039140425759,039140425759,15,,pre_1,close,193.31095272833366,3901.029305177745,3901.029305177745
393,2023-07-07,2023-06-20,2023-06-20,A2309,A,-1,0,4972.2548166272345,4991.382552024917,20,20,039071560386,039071560386,10,,pre_1,close,191.27735397681226,4972.2548166272345,4972.2548166272345
394,2023-07-07,2023-06-30,2023-06-30,AG2308,AG,-1,0,3830.58339782517,3901.029305177745,17,17,039140425759,039140425759,15,,pre_1,close,193.31095272833366,3830.58339782517,3830.58339782517
395,2023-07-10,2023-06-20,2023-06-20,A2309,A,-1,0,4935.912119371641,4972.2548166272345,20,20,039071560386,039071560386,10,,pre_1,close,191.27735397681226,4935.912119371641,4935.912119371641
396,2023-07-10,2023-06-30,2023-06-30,AG2308,AG,-1,0,3879.407294010123,3830.58339782517,17,17,039140425759,039140425759,15,,pre_1,close,193.31095272833366,3879.407294010123,3879.407294010123
397,2023-07-11,2023-06-20,2023-06-20,A2309,A,-1,0,4927.304638442684,4935.912119371641,20,20,039071560386,039071560386,10,,pre_1,close,191.27735397681226,4927.304638442684,4927.304638442684
398,2023-07-11,2023-06-30,2023-06-30,AG2308,AG,-1,0,3855.69283014886,3879.407294010123,0,17,039140425759,039140425759,15,,pre_1,close,193.31095272833366,3912.8865371083766,3912.8865371083766
399,2023-07-12,2023-06-20,2023-06-20,A2309,A,-1,0,4935.912119371641,4927.304638442684,0,20,039071560386,039071560386,10,,pre_1,close,191.27735397681226,4931.13018552222,4931.13018552222
400,2023-07-25,2023-07-25,2023-07-25,A2309,A,1,0,4744.634765394829,4755.155019863553,21,21,039071954421,039071954421,10,,pre_1,close,199.71651083426923,4744.634765394829,4744.634765394829
401,2023-07-26,2023-07-25,2023-07-25,A2309,A,1,0,4772.3699817214665,4744.634765394829,21,21,039071954421,039071954421,10,,pre_1,close,199.71651083426923,4772.3699817214665,4772.3699817214665
402,2023-07-27,2023-07-25,2023-07-25,A2309,A,1,0,4764.718887562393,4772.3699817214665,21,21,039071954421,039071954421,10,,pre_1,close,199.71651083426923,4764.718887562393,4764.718887562393
403,2023-07-28,2023-07-25,2023-07-25,A2309,A,1,0,4750.373086014133,4764.718887562393,21,21,039071954421,039071954421,10,,pre_1,close,199.71651083426923,4750.373086014133,4750.373086014133
404,2023-07-31,2023-07-25,2023-07-25,A2309,A,1,0,4752.285859553901,4750.373086014133,21,21,039071954421,039071954421,10,,pre_1,close,199.71651083426923,4752.285859553901,4752.285859553901
405,2023-08-01,2023-07-25,2023-07-25,A2309,A,1,0,4749.416699244249,4752.285859553901,21,21,039071954421,039071954421,10,,pre_1,close,199.71651083426923,4749.416699244249,4749.416699244249
406,2023-08-02,2023-07-25,2023-07-25,A2309,A,1,0,4714.030388758539,4749.416699244249,21,21,039071954421,039071954421,10,,pre_1,close,199.71651083426923,4714.030388758539,4714.030388758539
407,2023-08-03,2023-07-25,2023-07-25,A2309,A,1,0,4724.550643227263,4714.030388758539,21,21,039071954421,039071954421,10,,pre_1,close,199.71651083426923,4724.550643227263,4724.550643227263
408,2023-08-04,2023-07-25,2023-07-25,A2309,A,1,0,4760.893340482858,4724.550643227263,21,21,039071954421,039071954421,10,,pre_1,close,199.71651083426923,4760.893340482858,4760.893340482858
409,2023-08-07,2023-07-25,2023-07-25,A2309,A,1,0,4778.108302340771,4760.893340482858,21,21,039071954421,039071954421,10,,pre_1,close,199.71651083426923,4778.108302340771,4778.108302340771
410,2023-08-08,2023-07-25,2023-07-25,A2309,A,1,0,4769.500821411814,4778.108302340771,21,21,039071954421,039071954421,10,,pre_1,close,199.71651083426923,4769.500821411814,4769.500821411814
411,2023-08-09,2023-07-25,2023-07-25,A2309,A,1,0,4886.18000733767,4769.500821411814,21,21,039071954421,039071954421,10,,pre_1,close,199.71651083426923,4886.18000733767,4886.18000733767
412,2023-08-10,2023-07-25,2023-07-25,A2309,A,1,0,4886.18000733767,4886.18000733767,0,21,039071954421,039071954421,10,,pre_1,close,199.71651083426923,4853.662857161611,4853.662857161611
413,2023-08-10,2023-08-10,2023-08-10,A2309,A,-1,0,4853.662857161611,4886.18000733767,20,20,039071312499,039071312499,10,,pre_1,close,195.4472002935068,4853.662857161611,4853.662857161611
414,2023-08-10,2023-08-10,2023-08-10,AG2310,AG,1,0,3883.264271366652,3878.369987985383,17,17,039141202410,039141202410,15,,pre_1,close,197.79686938725456,3883.264271366652,3883.264271366652
415,2023-08-11,2023-08-10,2023-08-10,A2309,A,-1,0,4853.662857161611,4853.662857161611,0,20,039071312499,039071312499,10,,pre_1,close,195.4472002935068,4813.494612826481,4813.494612826481
416,2023-08-11,2023-08-10,2023-08-10,AG2310,AG,1,0,3919.621805056077,3883.264271366652,17,17,039141202410,039141202410,15,,pre_1,close,197.79686938725456,3919.621805056077,3919.621805056077
417,2023-08-14,2023-08-10,2023-08-10,AG2310,AG,1,0,3905.638138252452,3919.621805056077,0,17,039141202410,039141202410,15,,pre_1,close,197.79686938725456,3912.629971654264,3912.629971654264
418,2023-08-16,2023-08-16,2023-08-16,AG2310,AG,-1,0,3941.995671941877,3921.719355076621,16,16,039141733547,039141733547,15,,pre_1,close,188.24252904367782,3941.995671941877,3941.995671941877
419,2023-08-17,2023-08-16,2023-08-16,AG2310,AG,-1,0,3935.703021880245,3941.995671941877,16,16,039141733547,039141733547,15,,pre_1,close,188.24252904367782,3935.703021880245,3935.703021880245
420,2023-08-18,2023-08-16,2023-08-16,AG2310,AG,-1,0,3914.727521674808,3935.703021880245,16,16,039141733547,039141733547,15,,pre_1,close,188.24252904367782,3914.727521674808,3914.727521674808
421,2023-08-21,2023-08-16,2023-08-16,AG2310,AG,-1,0,3930.8087384989767,3914.727521674808,16,16,039141733547,039141733547,15,,pre_1,close,188.24252904367782,3930.8087384989767,3930.8087384989767
422,2023-08-21,2023-08-21,2023-08-21,A2311,A,-1,0,5023.386988346823,5023.386988346823,19,19,039071310446,039071310446,10,,pre_1,close,190.8887055571793,5023.386988346823,5023.386988346823
423,2023-08-22,2023-08-16,2023-08-16,AG2310,AG,-1,0,3976.255655610758,3930.8087384989767,16,16,039141733547,039141733547,15,,pre_1,close,188.24252904367782,3976.255655610758,3976.255655610758
424,2023-08-22,2023-08-21,2023-08-21,A2311,A,-1,0,4942.828663218696,5023.386988346823,19,19,039071310446,039071310446,10,,pre_1,close,190.8887055571793,4942.828663218696,4942.828663218696
425,2023-08-23,2023-08-16,2023-08-16,AG2310,AG,-1,0,3979.0523889714823,3976.255655610758,0,16,039141733547,039141733547,15,,pre_1,close,188.24252904367782,4040.5805229074326,4040.5805229074326
426,2023-08-23,2023-08-21,2023-08-21,A2311,A,-1,0,4979.271715062373,4942.828663218696,19,19,039071310446,039071310446,10,,pre_1,close,190.8887055571793,4979.271715062373,4979.271715062373
427,2023-08-24,2023-08-21,2023-08-21,A2311,A,-1,0,4979.271715062373,4979.271715062373,0,19,039071310446,039071310446,10,,pre_1,close,190.8887055571793,4987.902964183243,4987.902964183243
428,2023-08-24,2023-08-24,2023-08-24,A2311,A,1,0,4987.902964183243,4979.271715062373,20,20,039071846553,039071846553,10,,pre_1,close,199.17086860249492,4987.902964183243,4987.902964183243
429,2023-08-25,2023-08-24,2023-08-24,A2311,A,1,0,5057.911984830307,4987.902964183243,20,20,039071846553,039071846553,10,,pre_1,close,199.17086860249492,5057.911984830307,5057.911984830307
430,2023-08-25,2023-08-25,2023-08-25,AG2310,AG,1,0,4071.344589875408,4084.629073338851,16,16,039141839822,039141839822,15,,pre_1,close,196.06219552026485,4071.344589875408,4071.344589875408
431,2023-08-28,2023-08-24,2023-08-24,A2311,A,1,0,5037.772403548275,5057.911984830307,20,20,039071846553,039071846553,10,,pre_1,close,199.17086860249492,5037.772403548275,5037.772403548275
432,2023-08-28,2023-08-25,2023-08-25,AG2310,AG,1,0,4083.9298899986698,4071.344589875408,16,16,039141839822,039141839822,15,,pre_1,close,196.06219552026485,4083.9298899986698,4083.9298899986698
433,2023-08-29,2023-08-24,2023-08-24,A2311,A,1,0,5021.46893298663,5037.772403548275,20,20,039071846553,039071846553,10,,pre_1,close,199.17086860249492,5021.46893298663,5021.46893298663
434,2023-08-29,2023-08-25,2023-08-25,AG2310,AG,1,0,4094.4176401013888,4083.9298899986698,16,16,039141839822,039141839822,15,,pre_1,close,196.06219552026485,4094.4176401013888,4094.4176401013888
435,2023-08-30,2023-08-24,2023-08-24,A2311,A,1,0,5015.71476690605,5021.46893298663,0,20,039071846553,039071846553,10,,pre_1,close,199.17086860249492,5051.19879106963,5051.19879106963
436,2023-08-30,2023-08-25,2023-08-25,AG2310,AG,1,0,4144.059657254257,4094.4176401013888,16,16,039141839822,039141839822,15,,pre_1,close,196.06219552026485,4144.059657254257,4144.059657254257
437,2023-08-31,2023-08-25,2023-08-25,AG2310,AG,1,0,4183.913107644588,4144.059657254257,0,16,039141839822,039141839822,15,,pre_1,close,196.06219552026485,4133.571907151539,4133.571907151539
438,2023-09-01,2023-09-01,2023-09-01,A2311,A,-1,0,5075.174483072048,5076.133510752145,19,19,039086644290,039086644290,10,,pre_1,close,192.89307340858153,5075.174483072048,5075.174483072048
439,2023-09-04,2023-09-01,2023-09-01,A2311,A,-1,0,5015.71476690605,5075.174483072048,19,19,039086644290,039086644290,10,,pre_1,close,192.89307340858153,5015.71476690605,5015.71476690605
440,2023-09-05,2023-09-01,2023-09-01,A2311,A,-1,0,5032.018237467694,5015.71476690605,19,19,039086644290,039086644290,10,,pre_1,close,192.89307340858153,5032.018237467694,5032.018237467694
441,2023-09-06,2023-09-01,2023-09-01,A2311,A,-1,0,5056.95295715021,5032.018237467694,19,19,039086644290,039086644290,10,,pre_1,close,192.89307340858153,5056.95295715021,5056.95295715021
442,2023-09-07,2023-09-01,2023-09-01,A2311,A,-1,0,5005.165462424985,5056.95295715021,19,19,039086644290,039086644290,10,,pre_1,close,192.89307340858153,5005.165462424985,5005.165462424985
443,2023-09-08,2023-09-01,2023-09-01,A2311,A,-1,0,4942.828663218696,5005.165462424985,19,19,039086644290,039086644290,10,,pre_1,close,192.89307340858153,4942.828663218696,4942.828663218696
444,2023-09-11,2023-09-01,2023-09-01,A2311,A,-1,0,4945.705746258986,4942.828663218696,19,19,039086644290,039086644290,10,,pre_1,close,192.89307340858153,4945.705746258986,4945.705746258986
445,2023-09-12,2023-09-01,2023-09-01,A2311,A,-1,0,4965.845327541018,4945.705746258986,19,19,039086644290,039086644290,10,,pre_1,close,192.89307340858153,4965.845327541018,4965.845327541018
446,2023-09-13,2023-09-01,2023-09-01,A2311,A,-1,0,4920.77102657647,4965.845327541018,19,19,039086644290,039086644290,10,,pre_1,close,192.89307340858153,4920.77102657647,4920.77102657647
447,2023-09-14,2023-09-01,2023-09-01,A2311,A,-1,0,4893.918251533761,4920.77102657647,19,19,039086644290,039086644290,10,,pre_1,close,192.89307340858153,4893.918251533761,4893.918251533761
448,2023-09-15,2023-09-01,2023-09-01,A2311,A,-1,0,4891.041168493471,4893.918251533761,19,19,039086644290,039086644290,10,,pre_1,close,192.89307340858153,4891.041168493471,4891.041168493471
449,2023-09-15,2023-09-15,2023-09-15,AG2310,AG,-1,0,4134.271090491719,4124.482523729183,16,16,039141638455,039141638455,15,,pre_1,close,197.97516113900082,4134.271090491719,4134.271090491719
450,2023-09-18,2023-09-01,2023-09-01,A2311,A,-1,0,4895.836306893954,4891.041168493471,19,19,039086644290,039086644290,10,,pre_1,close,192.89307340858153,4895.836306893954,4895.836306893954
451,2023-09-18,2023-09-15,2023-09-15,AG2310,AG,-1,0,4075.767254305516,4134.271090491719,16,16,039141638455,039141638455,15,,pre_1,close,197.97516113900082,4075.767254305516,4075.767254305516
452,2023-09-19,2023-09-01,2023-09-01,A2311,A,-1,0,4867.065476491051,4895.836306893954,19,19,039086644290,039086644290,10,,pre_1,close,192.89307340858153,4867.065476491051,4867.065476491051
453,2023-09-19,2023-09-15,2023-09-15,AG2310,AG,-1,0,4100.143852716435,4075.767254305516,16,16,039141638455,039141638455,15,,pre_1,close,197.97516113900082,4100.143852716435,4100.143852716435
454,2023-09-20,2023-09-01,2023-09-01,A2311,A,-1,0,4922.689081936664,4867.065476491051,19,19,039086644290,039086644290,10,,pre_1,close,192.89307340858153,4922.689081936664,4922.689081936664
455,2023-09-20,2023-09-15,2023-09-15,AG2310,AG,-1,0,4130.092245049848,4100.143852716435,16,16,039141638455,039141638455,15,,pre_1,close,197.97516113900082,4130.092245049848,4130.092245049848
456,2023-09-21,2023-09-01,2023-09-01,A2311,A,-1,0,4903.508528334729,4922.689081936664,19,19,039086644290,039086644290,10,,pre_1,close,192.89307340858153,4903.508528334729,4903.508528334729
457,2023-09-21,2023-09-15,2023-09-15,AG2310,AG,-1,0,4109.894492080802,4130.092245049848,16,16,039141638455,039141638455,15,,pre_1,close,197.97516113900082,4109.894492080802,4109.894492080802
458,2023-09-22,2023-09-01,2023-09-01,A2311,A,-1,0,4878.573808652213,4903.508528334729,19,19,039086644290,039086644290,10,,pre_1,close,192.89307340858153,4878.573808652213,4878.573808652213
459,2023-09-22,2023-09-15,2023-09-15,AG2310,AG,-1,0,4162.130060104198,4109.894492080802,16,16,039141638455,039141638455,15,,pre_1,close,197.97516113900082,4162.130060104198,4162.130060104198
460,2023-09-25,2023-09-01,2023-09-01,A2311,A,-1,0,4843.089784488633,4878.573808652213,19,19,039086644290,039086644290,10,,pre_1,close,192.89307340858153,4843.089784488633,4843.089784488633
461,2023-09-25,2023-09-15,2023-09-15,AG2310,AG,-1,0,4146.111152577023,4162.130060104198,16,16,039141638455,039141638455,15,,pre_1,close,197.97516113900082,4146.111152577023,4146.111152577023
462,2023-09-26,2023-09-01,2023-09-01,A2311,A,-1,0,4855.55714432989,4843.089784488633,19,19,039086644290,039086644290,10,,pre_1,close,192.89307340858153,4855.55714432989,4855.55714432989
463,2023-09-26,2023-09-15,2023-09-15,AG2310,AG,-1,0,4075.070780065204,4146.111152577023,16,16,039141638455,039141638455,15,,pre_1,close,197.97516113900082,4075.070780065204,4075.070780065204
464,2023-09-27,2023-09-01,2023-09-01,A2311,A,-1,0,4880.491864012406,4855.55714432989,19,19,039086644290,039086644290,10,,pre_1,close,192.89307340858153,4880.491864012406,4880.491864012406
465,2023-09-27,2023-09-15,2023-09-15,AG2310,AG,-1,0,4076.463728545828,4075.070780065204,16,16,039141638455,039141638455,15,,pre_1,close,197.97516113900082,4076.463728545828,4076.463728545828
466,2023-09-28,2023-09-01,2023-09-01,A2311,A,-1,0,4888.164085453181,4880.491864012406,19,19,039086644290,039086644290,10,,pre_1,close,192.89307340858153,4888.164085453181,4888.164085453181
467,2023-09-28,2023-09-15,2023-09-15,AG2310,AG,-1,0,4032.585851406175,4076.463728545828,16,16,039141638455,039141638455,15,,pre_1,close,197.97516113900082,4032.585851406175,4032.585851406175
468,2023-10-09,2023-09-01,2023-09-01,A2311,A,-1,0,4869.942559531342,4888.164085453181,19,19,039086644290,039086644290,10,,pre_1,close,192.89307340858153,4869.942559531342,4869.942559531342
469,2023-10-09,2023-09-15,2023-09-15,AG2310,AG,-1,0,3970.599644018412,4032.585851406175,0,16,039141638455,039141638455,15,,pre_1,close,197.97516113900082,3951.7948395299895,3951.7948395299895
470,2023-10-10,2023-09-01,2023-09-01,A2311,A,-1,0,4858.434227370181,4869.942559531342,19,19,039086644290,039086644290,10,,pre_1,close,192.89307340858153,4858.434227370181,4858.434227370181
471,2023-10-10,2023-10-10,2023-10-10,AG2402,AG,1,0,3932.293560801255,3939.2583032043744,16,16,039141730339,039141730339,15,,pre_1,close,189.08439855380996,3932.293560801255,3932.293560801255
472,2023-10-11,2023-09-01,2023-09-01,A2311,A,-1,0,4871.860614891536,4858.434227370181,19,19,039086644290,039086644290,10,,pre_1,close,192.89307340858153,4871.860614891536,4871.860614891536
473,2023-10-11,2023-10-10,2023-10-10,AG2402,AG,1,0,3942.044200165622,3932.293560801255,16,16,039141730339,039141730339,15,,pre_1,close,189.08439855380996,3942.044200165622,3942.044200165622
474,2023-10-12,2023-09-01,2023-09-01,A2311,A,-1,0,4841.171729128439,4871.860614891536,19,19,039086644290,039086644290,10,,pre_1,close,192.89307340858153,4841.171729128439,4841.171729128439
475,2023-10-12,2023-10-10,2023-10-10,AG2402,AG,1,0,3978.2608606618433,3942.044200165622,16,16,039141730339,039141730339,15,,pre_1,close,189.08439855380996,3978.2608606618433,3978.2608606618433
476,2023-10-13,2023-09-01,2023-09-01,A2311,A,-1,0,4845.966867528923,4841.171729128439,19,19,039086644290,039086644290,10,,pre_1,close,192.89307340858153,4845.966867528923,4845.966867528923
477,2023-10-13,2023-10-10,2023-10-10,AG2402,AG,1,0,3989.404448506835,3978.2608606618433,16,16,039141730339,039141730339,15,,pre_1,close,189.08439855380996,3989.404448506835,3989.404448506835
478,2023-10-16,2023-09-01,2023-09-01,A2311,A,-1,0,4826.786313926988,4845.966867528923,19,19,039086644290,039086644290,10,,pre_1,close,192.89307340858153,4826.786313926988,4826.786313926988
479,2023-10-16,2023-10-10,2023-10-10,AG2402,AG,1,0,4045.1223877317902,3989.404448506835,0,16,039141730339,039141730339,15,,pre_1,close,189.08439855380996,4056.962449817093,4056.962449817093
480,2023-10-17,2023-09-01,2023-09-01,A2311,A,-1,0,4735.678684317796,4826.786313926988,19,19,039086644290,039086644290,10,,pre_1,close,192.89307340858153,4735.678684317796,4735.678684317796
481,2023-10-18,2023-09-01,2023-09-01,A2311,A,-1,0,4735.678684317795,4735.678684317796,0,19,039086644290,039086644290,10,,pre_1,close,192.89307340858153,4715.44074122242,4715.44074122242
482,2023-10-18,2023-10-18,2023-10-18,A2401,A,1,0,4715.44074122242,4735.678684317795,21,21,039086615354,039086615354,10,,pre_1,close,198.8985047413474,4715.44074122242,4715.44074122242
483,2023-10-19,2023-10-18,2023-10-18,A2401,A,1,0,4724.114145406153,4715.44074122242,21,21,039086615354,039086615354,10,,pre_1,close,198.8985047413474,4724.114145406153,4724.114145406153
484,2023-10-20,2023-10-18,2023-10-18,A2401,A,1,0,4729.896414861974,4724.114145406153,21,21,039086615354,039086615354,10,,pre_1,close,198.8985047413474,4729.896414861974,4729.896414861974
485,2023-10-23,2023-10-18,2023-10-18,A2401,A,1,0,4708.694760190629,4729.896414861974,21,21,039086615354,039086615354,10,,pre_1,close,198.8985047413474,4708.694760190629,4708.694760190629
486,2023-10-24,2023-10-18,2023-10-18,A2401,A,1,0,4676.892278183611,4708.694760190629,21,21,039086615354,039086615354,10,,pre_1,close,198.8985047413474,4676.892278183611,4676.892278183611
487,2023-10-25,2023-10-18,2023-10-18,A2401,A,1,0,4672.073720303759,4676.892278183611,21,21,039086615354,039086615354,10,,pre_1,close,198.8985047413474,4672.073720303759,4672.073720303759
488,2023-10-26,2023-10-18,2023-10-18,A2401,A,1,0,4735.678684317795,4672.073720303759,21,21,039086615354,039086615354,10,,pre_1,close,198.8985047413474,4735.678684317795,4735.678684317795
489,2023-10-27,2023-10-18,2023-10-18,A2401,A,1,0,4748.206934805409,4735.678684317795,21,21,039086615354,039086615354,10,,pre_1,close,198.8985047413474,4748.206934805409,4748.206934805409
490,2023-10-30,2023-10-18,2023-10-18,A2401,A,1,0,4713.51331807048,4748.206934805409,21,21,039086615354,039086615354,10,,pre_1,close,198.8985047413474,4713.51331807048,4713.51331807048
491,2023-10-31,2023-10-18,2023-10-18,A2401,A,1,0,4679.783412911521,4713.51331807048,21,21,039086615354,039086615354,10,,pre_1,close,198.8985047413474,4679.783412911521,4679.783412911521
492,2023-11-01,2023-10-18,2023-10-18,A2401,A,1,0,4684.601970791373,4679.783412911521,21,21,039086615354,039086615354,10,,pre_1,close,198.8985047413474,4684.601970791373,4684.601970791373
493,2023-11-02,2023-10-18,2023-10-18,A2401,A,1,0,4714.47702964645,4684.601970791373,21,21,039086615354,039086615354,10,,pre_1,close,198.8985047413474,4714.47702964645,4714.47702964645
494,2023-11-03,2023-10-18,2023-10-18,A2401,A,1,0,4743.388376925557,4714.47702964645,21,21,039086615354,039086615354,10,,pre_1,close,198.8985047413474,4743.388376925557,4743.388376925557
495,2023-11-06,2023-10-18,2023-10-18,A2401,A,1,0,4762.662608444963,4743.388376925557,21,21,039086615354,039086615354,10,,pre_1,close,198.8985047413474,4762.662608444963,4762.662608444963
496,2023-11-07,2023-10-18,2023-10-18,A2401,A,1,0,4755.91662741317,4762.662608444963,21,21,039086615354,039086615354,10,,pre_1,close,198.8985047413474,4755.91662741317,4755.91662741317
497,2023-11-08,2023-10-18,2023-10-18,A2401,A,1,0,4755.91662741317,4755.91662741317,0,21,039086615354,039086615354,10,,pre_1,close,198.8985047413474,4777.118282084516,4777.118282084516
498,2023-11-09,2023-11-09,2023-11-09,A2401,A,-1,0,4792.53766730004,4784.827974692278,20,20,039086538328,039086538328,10,,pre_1,close,191.39311898769114,4792.53766730004,4792.53766730004
499,2023-11-10,2023-11-09,2023-11-09,A2401,A,-1,0,4742.424665349588,4792.53766730004,20,20,039086538328,039086538328,10,,pre_1,close,191.39311898769114,4742.424665349588,4742.424665349588
500,2023-11-13,2023-11-09,2023-11-09,A2401,A,-1,0,4742.424665349588,4742.424665349588,0,20,039086538328,039086538328,10,,pre_1,close,191.39311898769114,4741.460953773617,4741.460953773617
501,2023-11-14,2023-11-14,2023-11-14,AG2402,AG,1,0,3992.8868197083934,3960.1525304137326,16,16,039141506934,039141506934,15,,pre_1,close,190.08732145985917,3992.8868197083934,3992.8868197083934
502,2023-11-15,2023-11-14,2023-11-14,AG2402,AG,1,0,4097.357955755187,3992.8868197083934,16,16,039141506934,039141506934,15,,pre_1,close,190.08732145985917,4097.357955755187,4097.357955755187
503,2023-11-16,2023-11-14,2023-11-14,AG2402,AG,1,0,4111.287440561426,4097.357955755187,0,16,039141506934,039141506934,15,,pre_1,close,190.08732145985917,4105.71564663893,4105.71564663893
504,2023-11-16,2023-11-16,2023-11-16,A2401,A,-1,0,4858.070054466017,4834.940976642731,20,20,039086297367,039086297367,10,,pre_1,close,193.39763906570923,4858.070054466017,4858.070054466017
505,2023-11-16,2023-11-16,2023-11-16,AG2402,AG,-1,0,4105.71564663893,4111.287440561426,16,16,039158367582,039158367582,15,,pre_1,close,197.34179714694844,4105.71564663893,4105.71564663893
506,2023-11-17,2023-11-16,2023-11-16,A2401,A,-1,0,4883.126555441243,4858.070054466017,20,20,039086297367,039086297367,10,,pre_1,close,193.39763906570923,4883.126555441243,4883.126555441243
507,2023-11-17,2023-11-16,2023-11-16,AG2402,AG,-1,0,4117.555708724233,4105.71564663893,16,16,039158367582,039158367582,15,,pre_1,close,197.34179714694844,4117.555708724233,4117.555708724233
508,2023-11-20,2023-11-16,2023-11-16,A2401,A,-1,0,4895.654805928857,4883.126555441243,20,20,039086297367,039086297367,10,,pre_1,close,193.39763906570923,4895.654805928857,4895.654805928857
509,2023-11-20,2023-11-16,2023-11-16,AG2402,AG,-1,0,4086.910842150507,4117.555708724233,16,16,039158367582,039158367582,15,,pre_1,close,197.34179714694844,4086.910842150507,4086.910842150507
510,2023-11-21,2023-11-16,2023-11-16,A2401,A,-1,0,4885.053978593184,4895.654805928857,20,20,039086297367,039086297367,10,,pre_1,close,193.39763906570923,4885.053978593184,4885.053978593184
511,2023-11-21,2023-11-16,2023-11-16,AG2402,AG,-1,0,4091.786161832691,4086.910842150507,16,16,039158367582,039158367582,15,,pre_1,close,197.34179714694844,4091.786161832691,4091.786161832691
512,2023-11-22,2023-11-16,2023-11-16,A2401,A,-1,0,4884.090267017214,4885.053978593184,20,20,039086297367,039086297367,10,,pre_1,close,193.39763906570923,4884.090267017214,4884.090267017214
513,2023-11-22,2023-11-16,2023-11-16,AG2402,AG,-1,0,4102.929749677682,4091.786161832691,16,16,039158367582,039158367582,15,,pre_1,close,197.34179714694844,4102.929749677682,4102.929749677682
514,2023-11-23,2023-11-16,2023-11-16,A2401,A,-1,0,4882.162843865273,4884.090267017214,20,20,039086297367,039086297367,10,,pre_1,close,193.39763906570923,4882.162843865273,4882.162843865273
515,2023-11-23,2023-11-16,2023-11-16,AG2402,AG,-1,0,4093.1791103133146,4102.929749677682,16,16,039158367582,039158367582,15,,pre_1,close,197.34179714694844,4093.1791103133146,4093.1791103133146
516,2023-11-24,2023-11-16,2023-11-16,A2401,A,-1,0,4887.945113321095,4882.162843865273,20,20,039086297367,039086297367,10,,pre_1,close,193.39763906570923,4887.945113321095,4887.945113321095
517,2023-11-24,2023-11-16,2023-11-16,AG2402,AG,-1,0,4089.696739111755,4093.1791103133146,16,16,039158367582,039158367582,15,,pre_1,close,197.34179714694844,4089.696739111755,4089.696739111755
518,2023-11-27,2023-11-16,2023-11-16,A2401,A,-1,0,4867.70717022572,4887.945113321095,20,20,039086297367,039086297367,10,,pre_1,close,193.39763906570923,4867.70717022572,4867.70717022572
519,2023-11-27,2023-11-16,2023-11-16,AG2402,AG,-1,0,4256.154082546311,4089.696739111755,16,16,039158367582,039158367582,15,,pre_1,close,197.34179714694844,4256.154082546311,4256.154082546311
520,2023-11-28,2023-11-16,2023-11-16,A2401,A,-1,0,4859.033766041987,4867.70717022572,20,20,039086297367,039086297367,10,,pre_1,close,193.39763906570923,4859.033766041987,4859.033766041987
521,2023-11-28,2023-11-16,2023-11-16,AG2402,AG,-1,0,4274.262412794421,4256.154082546311,16,16,039158367582,039158367582,15,,pre_1,close,197.34179714694844,4274.262412794421,4274.262412794421
522,2023-11-29,2023-11-16,2023-11-16,A2401,A,-1,0,4880.235420713333,4859.033766041987,20,20,039086297367,039086297367,10,,pre_1,close,193.39763906570923,4880.235420713333,4880.235420713333
523,2023-11-29,2023-11-16,2023-11-16,AG2402,AG,-1,0,4264.511773430054,4274.262412794421,16,16,039158367582,039158367582,15,,pre_1,close,197.34179714694844,4264.511773430054,4264.511773430054
524,2023-11-30,2023-11-16,2023-11-16,A2401,A,-1,0,4854.215208162136,4880.235420713333,20,20,039086297367,039086297367,10,,pre_1,close,193.39763906570923,4854.215208162136,4854.215208162136
525,2023-11-30,2023-11-16,2023-11-16,AG2402,AG,-1,0,4297.246062724716,4264.511773430054,16,16,039158367582,039158367582,15,,pre_1,close,197.34179714694844,4297.246062724716,4297.246062724716
526,2023-12-01,2023-11-16,2023-11-16,A2401,A,-1,0,4815.666745123326,4854.215208162136,20,20,039086297367,039086297367,10,,pre_1,close,193.39763906570923,4815.666745123326,4815.666745123326
527,2023-12-01,2023-11-16,2023-11-16,AG2402,AG,-1,0,4302.817856647211,4297.246062724716,16,16,039158367582,039158367582,15,,pre_1,close,197.34179714694844,4302.817856647211,4302.817856647211
528,2023-12-04,2023-11-16,2023-11-16,A2401,A,-1,0,4832.049841914821,4815.666745123326,0,20,039086297367,039086297367,10,,pre_1,close,193.39763906570923,4778.081993660487,4778.081993660487
529,2023-12-04,2023-11-16,2023-11-16,AG2402,AG,-1,0,4324.408558096881,4302.817856647211,16,16,039158367582,039158367582,15,,pre_1,close,197.34179714694844,4324.408558096881,4324.408558096881
530,2023-12-05,2023-11-16,2023-11-16,AG2402,AG,-1,0,4183.024287313556,4324.408558096881,16,16,039158367582,039158367582,15,,pre_1,close,197.34179714694844,4183.024287313556,4183.024287313556
531,2023-12-06,2023-11-16,2023-11-16,AG2402,AG,-1,0,4168.398328267005,4183.024287313556,0,16,039158367582,039158367582,15,,pre_1,close,197.34179714694844,4174.666596429813,4174.666596429813
532,2023-12-20,2023-12-20,2023-12-20,A2403,A,1,0,4677.798833883576,4659.427982737691,21,21,039086269537,039086269537,10,,pre_1,close,195.69597527498306,4677.798833883576,4677.798833883576
533,2023-12-21,2023-12-20,2023-12-20,A2403,A,1,0,4719.374970687419,4677.798833883576,21,21,039086269537,039086269537,10,,pre_1,close,195.69597527498306,4719.374970687419,4719.374970687419
534,2023-12-22,2023-12-20,2023-12-20,A2403,A,1,0,4721.3087444922485,4719.374970687419,21,21,039086269537,039086269537,10,,pre_1,close,195.69597527498306,4721.3087444922485,4721.3087444922485
535,2023-12-25,2023-12-20,2023-12-20,A2403,A,1,0,4743.5471432477925,4721.3087444922485,21,21,039086269537,039086269537,10,,pre_1,close,195.69597527498306,4743.5471432477925,4743.5471432477925
536,2023-12-26,2023-12-20,2023-12-20,A2403,A,1,0,4737.745821833303,4743.5471432477925,0,21,039086269537,039086269537,10,,pre_1,close,195.69597527498306,4758.050446784017,4758.050446784017
